case_id,province,city,company_name,official_exit_year,official_exit_event,final_label,final_confidence,human_reviewer,validation_date,primary_evidence_doc,primary_evidence_lines,secondary_evidence_doc,secondary_evidence_lines,supplementary_source_id,final_rationale,alternative_label,ambiguity_note,caveat,source_coverage_score,notes
pilot_sn_xian_hightech,Shaanxi,Xian,西安高新控股有限公司,2012,Issuer disclosures state that the company exited the financing-platform list in 2012 and bank loans became ordinary issuer loans.,nominal_exit,high,Shunyu Hao,2026-06-20,doc_sn_xa_hightech_2026_mtn6_006,774-783;656-663;724-728,doc_sn_xa_hightech_2020_mtn1_005;doc_sn_xa_hightech_2020_mtn1_002,520-531;544-571,src_sn_xa_003,Official exit is documented but the company continued to serve as an important infrastructure investment construction and entrusted-construction body for Xi'an High-tech Zone after exit; bond and rating materials describe BT or entrusted-construction arrangements government repurchase/project payments and continuing infrastructure financing pressure.,functional_transfer,Some business modules were transferred after 2019 but the available evidence still shows the same issuer retaining core infrastructure construction and financing-related functions rather than a clean transfer of the whole quasi-fiscal role.,Exit event is supported by issuer disclosures across 2020 and 2026 rather than by a directly retrieved government exit-list document.,4,Use as first human-validated pilot label; keep searching for the 2012 government exit-list document before treating the exit event as directly government-confirmed.
pilot_gd_001,Guangdong,Guangzhou,广州市城市建设投资集团有限公司,2014,Issuer and rating disclosures state that since 2014 the company no longer participated in new government-project investment-financing and shifted to fiscal-funded entrusted project management.,substantive_exit,medium,Shunyu Hao,2026-06-20,doc_gd_gz_chengtou_2026_mtn4_004,927-931;6537-6548;6756-6761,doc_gd_gz_chengtou_2018_tracking_rating;doc_gd_gz_chengtou_2018_swap_plan,657-668;14-27,src_gd_gz_001;src_gd_gz_007,The company moved away from new government-project investment-financing toward budget-funded project management; old and current disclosures both state the post-2014 entrusted-management model and the 2018 announcement shows part of the 2014 MTN being recognized as government-repayment-responsibility debt and included in the fiscal budget for replacement.,nominal_exit,The company still performs public infrastructure and project-management functions and holds large public-welfare assets so the label depends on distinguishing budgetary project management from off-budget government financing.,This is a fiscal-substitution case rather than an exit-list case; final confidence should be raised only after collecting the original Guangzhou 2008 reform document or additional 2014 issuance materials.,4,Use as second human-validated pilot label and contrast case against Xi'an Hi-tech.
pilot_zj_001,Zhejiang,Hangzhou,杭州市城市建设投资集团有限公司,2022,Issuer disclosures state that Hangzhou City Investment and Qiantou Group were integrated into a new city-investment group and that Anju Group was created as a housing-security investment construction and operation platform.,functional_transfer,medium,Shunyu Hao,2026-06-20,doc_zj_hz_chengtou_2024_mtn1_prospectus,1188-1192;222-228;272-288,doc_zj_hz_chengtou_2024_rating,69-81;441-449;947-1018,src_zj_hz_001,Local public investment and project functions did not disappear but were consolidated into an enlarged Hangzhou City Investment system through Qiantou Group equity transfer Qiantou debt succession and the creation of Anju Group; rating evidence shows continuing infrastructure public-utility代建 land-development and PPP functions.,substantive_exit,Some代建 activity is described as management-fee based and not direct financing but the larger pattern is consolidation of public project and debt functions rather than disappearance of those functions.,This is best interpreted as functional consolidation within the functional-transfer family; confidence should be raised only after collecting the underlying Hangzhou SASAC reorganization approvals and Qiantou debt-succession announcements.,4,Use as third human-validated pilot label to complete initial contrast among nominal exit substantive exit and functional transfer.
pilot_sc_001,Sichuan,Chengdu,成都城建投资管理集团有限责任公司,2015,Issuer prospectus states that the company does not undertake government financing functions and that new debt after 2015 does not legally constitute local government debt.,nominal_exit,medium,Shunyu Hao,2026-06-22,doc_sc_cd_chengtou_2023_mtn3_prospectus,1662-1670;4884-4892;4902-4916,doc_sc_cd_chengtou_2023_mtn3_prospectus,1681-1696;8909-8942,src_sc_cd_002,Formal no-government-financing language coexists with continuing evidence that the same issuer remains inside Chengdu infrastructure investment financing fiscal-payment and local-debt-replacement chains.,substantive_exit,The document repeatedly asserts legal compliance and no new hidden debt but it also describes self-funded and financed infrastructure construction fiscal payment arrangements and government-bond pass-through debt.,No independent government exit-list document has been collected; the official event is currently based on issuer prospectus compliance language rather than a separate exit-list announcement.,3,Use as fourth human-validated pilot label and as a second nominal-exit case with stronger fiscal-compliance language than Xi'an.
pilot_hn_002,Hunan,Zhuzhou,株洲市国有资产投资控股集团有限公司,2013,Issuer prospectus states that the company exited local government financing platform management in March 2013 after Hunan banking-regulator approval and is no longer on the banking-regulator financing-platform list.,nominal_exit,medium,Shunyu Hao / Codex-assisted review,2026-06-27,doc_hn_zz_guotou_2026_scp1_003,4558-4575;4656-4665;3888-3907;4488-4499;4677-4688,doc_hn_zz_guotou_2026_scp1_005,1248-1265,src_hn_zz_001;src_hn_zz_002,Direct formal exit from the platform list is documented but the same issuer continued land preparation major project construction government-entrusted work fiscal settlement and government support. These continuing functions make the formal exit nominal rather than substantive.,functional_transfer,Some evidence frames land preparation and entrusted construction as service-based marketized operations and says government receivables have operating backgrounds. The alternative reading is formal fiscal substitution or functional transfer rather than continued off-budget financing.,The final label relies on a 2026 issuer prospectus and legal opinion rather than an independently collected 2013 government exit-list notice. Confidence should rise only if the original Hunan banking-regulator approval or local exit-list document is collected.,4,Use as fifth human-validated pilot label and first low historical-capacity non-Guizhou nominal-exit case.
pilot_zj_002,Zhejiang,Ningbo,宁波开发投资集团有限公司,2015,Issuer prospectus states that the company does not undertake government financing functions and that new debt after January 1 2015 is not local government debt; the same compliance section reports no PPP government investment fund BT repurchase land preparation government purchase service or advance financing for government projects.,substantive_exit,medium,Shunyu Hao / Codex-assisted review,2026-06-28,doc_zj_nb_kaitou_2026_mtn4_prospectus,927-932,doc_zj_nb_kaitou_2026_mtn4_prospectus,5451-5454,src_zj_nb_001,The no-government-financing statement is paired with unusually strong negative evidence on core platform functions: no PPP government investment fund BT project repurchase land-preparation business government purchase service or government-project advance financing. The case is therefore coded as substantive exit rather than nominal exit.,nominal_exit,"The current source is an issuer prospectus rather than a separately collected government exit-list document. A small receivable from a demolition office is disclosed as having an engineering background, so it should be monitored in later validation.",Confidence should rise only if an independent Ningbo or regulator source confirms the platform-list status.,3,New validated case added in the June 28 expansion; useful as a high historical-capacity substantive-exit case.
pilot_zj_003,Zhejiang,Wenzhou,温州市名城建设投资集团有限公司,2015,Issuer and guarantor disclosures state no government financing function after 2015; the issuer reports that it was outside the 2013 audit platform list and had not entered the banking regulator platform list at the issuer level.,functional_transfer,medium,Shunyu Hao / Codex-assisted review,2026-06-28,doc_zj_wz_mingcheng_2026_mtn2_prospectus,1054-1055;3239-3242;5606-5608,doc_zj_wz_mingcheng_2026_mtn2_prospectus,4115-4118;10468-10471;10549-10552;12059-12062,src_zj_wz_001,The borrower-level compliance language coexists with continuing city-development functions across the municipal construction group: entrusted redevelopment land preparation代建 affordable-housing work public-utility infrastructure investment and fiscal代建 receivables. This pattern is best coded as functional transfer inside a corporate group rather than disappearance of the public function.,nominal_exit,"The issuer itself says it had not entered the banking-regulator platform list, so the formal event is weaker than in Hengyang or Zhuzhou. The useful signal is group-level functional relocation after compliance disclosure.",Treat as a corporate-group functional-transfer case unless later sources show a direct list exit by the same legal entity.,3,New validated case added in the June 28 expansion; helps separate issuer-level compliance from group-level public functions.
pilot_js_004,Jiangsu,Xuzhou,徐州市新盛投资控股集团有限公司,2015,Prospectus states that the company does not undertake government financing functions and that new debt after January 1 2015 is not local government debt.,nominal_exit,medium,Shunyu Hao / Codex-assisted review,2026-06-28,doc_js_xz_xinsheng_2026_mtn6_prospectus,1395-1398,doc_js_xz_xinsheng_2026_mtn6_prospectus,503-505;672-674;721-724;6070-6073;9006-9007,src_js_xz_001,Formal no-government-financing language coexists with continuing shantytown redevelopment municipal water-infrastructure construction supporting land preparation government purchase service and entrusted-construction repayment exposure. The issuer also receives capital injections project repurchase support and fiscal subsidies.,functional_transfer,"Some projects are framed as legal government purchase service or entrusted construction with budgeted payments, which may also be read as formal fiscal substitution.","The current formal event comes from issuer compliance language, not from an independent government exit-list document.",4,New low historical-capacity validated case; useful for the nominal-exit mechanism.
pilot_hn_004,Hunan,Hengyang,衡阳市城市建设投资有限公司,2020,"Prospectus reports that the issuer exited the local government financing platform enterprise list in September 2011, was brought back into platform management in March 2012 because it undertook affordable-housing construction, and was formally transferred out of CBIRC platform management on February 25 2020.",nominal_exit,high,Shunyu Hao / Codex-assisted review,2026-06-28,doc_hn_hy_chengtou_2026_mtn2_prospectus,3465-3472,doc_hn_hy_chengtou_2026_mtn2_prospectus,1422-1424;2398-2401;2413-2416;2893-2896;3660-3663,src_hn_hy_001,"This is a direct formal-exit case, but the same issuer continued entrusted construction, project financing and settlement with government, land preparation entrusted by planning authorities, infrastructure and affordable-housing construction, fiscal subsidies, and government support. The exit is therefore institutional in name but functionally incomplete.",functional_transfer,"The post-2020 model may involve legal service contracts and fiscal settlement rather than illegal off-budget borrowing, so the case is close to formal fiscal substitution.",Original 2020 regulator transfer-out documentation has not yet been collected outside the prospectus.,4,New strongest validated case in the expansion because it has direct exit re-entry and transfer-out language.
pilot_sd_001,Shandong,Jinan,济南城市投资集团有限公司,2015,Prospectus states that the issuer does not undertake government financing functions after 2015 and is not in the banking-regulator financing-platform list.,nominal_exit,medium,Shunyu Hao / Codex-assisted review,2026-06-28,doc_sd_jn_chengtou_2025_mtn1_prospectus,1193-1199;4572-4573,doc_sd_jn_chengtou_2025_mtn1_prospectus,2389-2392;2453-2455;3322-3324;8538-8541,src_sd_jn_001,No-government-financing and non-platform-list language coexists with land development and preparation infrastructure construction affordable-housing work government委托 authorization fiscal compensation and large historical entrusted-construction assets with unresolved government repayment coordination.,functional_transfer,"The document emphasizes legality and non-hidden-debt status, so the case can also be interpreted as formal fiscal substitution.",The non-platform-list claim is as of issuer disclosure; an original list document has not been collected.,4,New high historical-capacity validated case with nominal-exit features.
pilot_js_003,Jiangsu,Yancheng,盐城市城市资产投资集团有限公司,2015,Prospectus states that the issuer does not undertake government financing functions and that new debt after January 1 2015 is not local government debt.,nominal_exit,medium,Shunyu Hao / Codex-assisted review,2026-06-28,doc_js_yc_chengzi_2025_mtn2_prospectus,928-929,doc_js_yc_chengzi_2025_mtn2_prospectus,1030-1043;2003-2006;2537-2544,src_js_yc_001,"Formal no-government-financing language coexists with land-preparation and infrastructure construction functions, a 2013 engineering entrusted-construction agreement with the Yancheng government, and government support for affordable-housing projects.",functional_transfer,"The prospectus states that government receivables have real business backgrounds and do not constitute government financing, so the case sits near the boundary between nominal exit and formal fiscal substitution.",No separate platform-list exit document has been collected.,4,New low historical-capacity validated case; pairs with Xuzhou as a northern Jiangsu comparison.
pilot_gd_003,Guangdong,Foshan,佛山市建设发展集团有限公司,2018,Prospectus states that the issuer was not in the CBIRC local financing platform directory as of December 31 2018 while it also documents fiscal-settlement entrusted-construction projects and land-development functions.,functional_transfer,medium,Shunyu Hao / Codex-assisted review,2026-06-28,doc_gd_fs_jiantou_2025_mtn_prospectus,5102-5105;5137-5140,doc_gd_fs_jiantou_2025_mtn_prospectus,3994-3999;4011-4014;5113-5119;5187-5189,src_gd_fs_001,"The issuer is formally outside the financing-platform list and denies government purchase service or advance financing, but it continues land development and preparation under SASAC委托 and has fiscally settled entrusted-construction projects. This is best treated as functional transfer/formalization of public project tasks rather than a pure substantive exit.",nominal_exit,"Because the issuer is outside the 2018 list rather than shown leaving it, this is not a clean formal-exit event. The continued functions are structured through SASAC-owned land and contract settlement.",Use as a high-capacity formalization case unless direct former-platform evidence is found.,4,New validated case added in the June 28 expansion; useful for high-capacity functional transfer.
pilot_js_002,Jiangsu,Suzhou,苏州城市建设投资发展集团有限公司,2015,"Prospectus states that the company does not undertake government financing functions and that new debt after January 1 2015 is not local government debt.",nominal_exit,medium,Shunyu Hao / Codex-assisted review,2026-06-30,doc_js_sz_chengtou_2026_mtn1_009,868-886;916-919;4792-4820,doc_js_sz_chengtou_2026_mtn1_009;doc_js_sz_chengtou_2026_mtn1_006,5002-5018;5928-5962;6498-6540;2248-2262;3666-3695,src_js_sz_002,"Formal no-government-financing language coexists with continuing evidence that the same issuer remains Suzhou's main urban infrastructure and public-utility investment construction and operation body, is described as responsible for project funding and debt repayment, and holds delegated-project accounts, fiscal special funds, and government-directed stakes in new-town and logistics projects.",substantive_exit,"The legal opinion states that the issuer has no PPP BT government purchase service project repurchase government-project advance-financing or land-reserve functions, so the case may also be read as formal fiscal substitution rather than continuing off-budget financing.",The current packet relies on issuer and legal-opinion disclosures from the same 2026 issuance page rather than an independent government or regulator exit-list document.,4,New validated case added in the June 30 expansion; strongest high historical-capacity nominal-exit contrast against Ningbo substantive exit and Guangzhou fiscal substitution.
pilot_sd_002,Shandong,Qingdao,青岛城市建设投资(集团)有限责任公司,2015,"Prospectus states that the company does not undertake government financing functions and that new debt after January 1 2015 is not local government debt; the same document also describes a 2014 market-oriented reform and SOE transformation.",nominal_exit,medium,Shunyu Hao / Codex-assisted review,2026-06-30,doc_sd_qd_chengtou_2026_mtn2_001,1297-1324;2187-2194,doc_sd_qd_chengtou_2026_mtn2_001,2203-2282;2645-2691;10216-10220,src_sd_qd_002,"Formal no-government-financing language coexists with continuing land-development, urban-renewal, infrastructure-construction, delegated project-management, fiscal-settlement, and policy-loan-administration functions. The same issuer remains a municipal infrastructure and city-renewal vehicle, including projects for which fiscal funds or policy-bank loans support construction and repayment.",substantive_exit,"The prospectus repeatedly says that the delegated-management model is fiscal-funded rather than platform-financed, that the issuer has no PPP BT project repurchase government purchase service or advance financing for government projects, and that government receivables have operating backgrounds.",The current packet relies on issuer disclosures rather than an independent platform-list exit document. The case should be read as nominal exit near the boundary of formal fiscal substitution.,4,New validated case added in the June 30 expansion; middle-capacity coastal nominal-exit case between Suzhou and weaker debt-pressure cases.
pilot_sc_003,Sichuan,Luzhou,泸州市兴泸投资集团有限公司,2015,"The 2023 and 2018 prospectuses state that the issuer does not undertake government financing functions and that new debt after January 1 2015 is not local government debt.",nominal_exit,medium,Shunyu Hao / Codex-assisted review,2026-06-30,doc_sc_lz_xinglu_2023_mtn1_007;doc_sc_lz_xinglu_2018_mtn1_prospectus,902-908;2770-2817,doc_sc_lz_xinglu_2023_mtn1_007;doc_sc_lz_xinglu_2023_mtn1_003;doc_sc_lz_xinglu_2015_bond_prospectus,2384-2414;2420-2494;900-930;1503-1508;1695-1731;1899-1904;2601-2608,src_sc_lz_xinglu_001;src_sc_lz_xinglu_002;src_sc_lz_xinglu_003;src_sc_lz_xinglu_004;src_sc_lz_xinglu_005,"Formal no-government-financing language coexists with a long record of continuing infrastructure investment-financing, government-designated project construction, entrusted-construction receivables, fiscal subsidies, project repurchase payments, and financing-interest support. The same issuer remains central to Luzhou's public-project finance after the formal compliance point.",substantive_exit,"The issuer repeatedly uses compliance language and states that the bond proceeds do not add local government debt or hidden debt, so the case could be read as formal fiscal substitution.",No independent regulator or local government exit-list document has been collected. The label relies on repeated issuer disclosures and rating evidence rather than a direct platform-list exit notice.,4,New validated case added in the June 30 expansion; low historical-capacity western nominal-exit case with unusually rich cross-time source coverage.
expand_sd_jinan_chengjian,Shandong,Jinan,济南城市建设集团有限公司,2015,"Prospectus states that the issuer does not undertake government financing functions and that new debt after January 1 2015 is not local government debt; the same compliance section reports that the statement was confirmed with the Jinan Finance Bureau.",nominal_exit,medium,Shunyu Hao / Codex-assisted review,2026-06-30,doc_sd_jn_chengjian_2026_scp4_007,954-960;1062-1068,doc_sd_jn_chengjian_2026_scp4_007,1078-1088;1094-1117;2719-2725;2761-2788;2813-2821;2966-2986;4140-4169;4170-4183,src_sd_jn_chengjian_001,"Formal no-government-financing language coexists with continuing engineering construction, land preparation, and delegated infrastructure-construction functions. The issuer discloses PPP and BT or entrusted-construction arrangements, a historical project placed under hidden-debt management and resolved, government receivables, land injected by public authorities, and current Jinan Start-up Area infrastructure projects operated through entrusted construction and settlement with public-sector counterparties.",functional_transfer,"Many continuing functions are presented as legal fiscal-settlement or marketized construction businesses, so the case is close to formal fiscal substitution rather than unreformed platform borrowing.",No independent regulator or local government platform-list exit document has been collected. The label relies on issuer prospectus compliance language and should remain medium confidence until a list-level exit source is found.,4,New same-city second-platform validated case for Jinan; useful for checking whether city-level capacity predicts platform-level institutional fate consistently.
expand_fj_fuzhou_chengtou,Fujian,Fuzhou,福州城市建设投资集团有限公司,2015,"Prospectus states that the company does not undertake government financing functions and that new debt after January 1 2015 is not local government debt.",functional_transfer,medium,Shunyu Hao / Codex-assisted review,2026-06-30,doc_fj_fz_chengtou_2026_scp2_005,1055-1059;1167-1170;1218-1220,doc_fj_fz_chengtou_2026_scp2_005;doc_fj_fz_chengtou_2026_scp2_009,1082-1089;1185-1208;1894-1910;7622-7651;7663-7692;88-95;547-578;589-592;1155-1163,src_fj_fz_chengtou_001,"Formal no-government-financing language coexists with a major reorganization of public-project finance. The issuer remains a leading Fuzhou infrastructure, shantytown-renovation, affordable-housing, municipal代建, and area-development platform, but the prospectus documents that after 2011 municipal project funding shifted from issuer financing with fiscal repayment to full fiscal appropriation and management-fee settlement. PPP projects, government-purchase-service projects that were later adjusted, fiscal subsidies, government receivables, and rating evidence of continuing fiscal support all point to functional transfer rather than substantive disappearance.",nominal_exit,"Because the same legal issuer continues to carry many public development tasks, a narrower reading would code the case as nominal exit. The functional-transfer label rests on the documented shift in project financing and settlement rules rather than on the disappearance of the function.",No independent platform-list exit document has been collected. Historical-capacity metrics for this added Fuzhou target still need to be merged into the candidate capacity file.,4,New Fujian provincial-capital validated case; useful as a formal fiscal-substitution contrast to nominal-exit cases.
expand_xj_urumqi_chengtou,Xinjiang,Urumqi,乌鲁木齐城市建设投资(集团)有限公司,2015,"Prospectus states that the company does not undertake government financing functions and that new debt after January 1 2015 is not local government debt.",nominal_exit,medium,Shunyu Hao / Codex-assisted review,2026-06-30,doc_xj_wlmq_chengtou_2026_mtn2_003,1055-1060;1104-1105;1185-1191,doc_xj_wlmq_chengtou_2026_mtn2_003;doc_xj_wlmq_chengtou_2026_mtn2_006,568-621;767-777;1115-1136;1138-1165;1178-1191;2441-2454;2490-2523;2538-2554;80-87;154-156;385-395;415-421;478-482;956-962,src_xj_wlmq_chengtou_001,"Formal no-government-financing language coexists with unusually strong evidence of continuing platform functions. The issuer is described as a former government financing platform, the only municipal infrastructure construction financing platform in Urumqi, and the city's most important urban development and state-asset operating body. It continues infrastructure, shantytown-renovation, PPP, government-purchase-service, public-utility, and fiscal-support functions, with large government receivables, fiscal subsidies, government-paid service fees, and budgeted debt-resolution or repayment channels.",functional_transfer,"Some post-2017 projects are structured through government purchase service and PPP, and the prospectus says the issuer no longer has later-stage investment-financing functions for certain shantytown-renovation projects. This supports an alternative functional-transfer reading.",No independent platform-list exit document has been collected. Historical-capacity metrics for this added Urumqi target still need to be merged into the candidate capacity file.,4,New Xinjiang western-capital validated case; useful as a low-capacity/high-fiscal-dependence nominal-exit comparison.
expand_zj_yuyao_chengtou,Zhejiang,Yuyao,余姚市城市建设投资发展有限公司,2015,Prospectus states that the company does not undertake government financing functions and that new debt after January 1 2015 is not local government debt; the same compliance section reports finance-bureau confirmation that the issuance will not add local-government or hidden debt.,nominal_exit,medium,Shunyu Hao / Codex-assisted review,2026-06-30,doc_zj_yuyao_chengtou_2026_mtn1_001,1162-1168;1179-1196;4005-4020,doc_zj_yuyao_chengtou_2026_mtn1_001;doc_zj_yuyao_chengtou_2026_mtn1_004,5764-5811;6371-6440;89-100;160-179;342-369,src_zj_yy_chengtou_001,"Formal no-government-financing language coexists with continued use of the same legal issuer as a core Yuyao public-development platform. The company remains important for land development, resettlement housing, public utilities, and municipal infrastructure, receives local-government support through asset injections and subsidies, and links public-project revenue to budgeted subsidies and government-authorized operating rights.",substantive_exit,"The prospectus states that the issuer has no PPP, government-purchase-service, BT, or government-project advance-financing arrangements, and several revenue channels are presented as budgeted or operating-right based. This supports a narrower substantive-exit reading.",No independent platform-list exit document has been collected. Historical-capacity metrics for this added Yuyao target still need to be merged into the candidate capacity file.,4,New Zhejiang county-level coastal validated case; useful for distinguishing formal fiscal compliance from continued platform use in a stronger local fiscal environment.
expand_js_taizhou_jindong,Jiangsu,Taizhou,泰州市金东城市建设投资集团有限公司,2015,Prospectus states that the company does not undertake government financing functions and that new debt after January 1 2015 is not local government debt; the same disclosure says the issuance will not add local-government or hidden debt.,functional_transfer,medium,Shunyu Hao / Codex-assisted review,2026-06-30,doc_js_tz_jindong_2026_mtn1_002,857-862;1164-1190;3148-3160,doc_js_tz_jindong_2026_mtn1_002,1983-2022;2224-2256;2257-2268;3120-3143;3181-3221;4860-4872;4958-4962,src_js_tz_jindong_001,"Formal no-government-financing language coexists with a documented reorganization of public-project finance. Beginning in 2018, Xingdu Asset Management became the management and settlement node for land preparation and municipal construction projects, while the issuer continued to handle capital input, construction, land acquisition, demolition, and project procedures under entrusted-construction agreements. The issuer also remains the key infrastructure and state-asset platform in Jiangyan District.",nominal_exit,"The same issuer remains deeply involved in public projects and continues to receive government-linked repayments and subsidies, so a narrower reading could treat the reform as formal renaming rather than transfer.",No independent platform-list exit document has been collected. Historical-capacity metrics for this added Taizhou target still need to be merged into the candidate capacity file.,4,New Jiangsu prefecture-level validated case; useful as a clear functional-transfer example because the prospectus documents post-2018 project-management and settlement restructuring.
expand_hlj_harbin_chengtou,Heilongjiang,Harbin,哈尔滨市城市建设投资集团有限公司,2019,Prospectus states that the issuer was in the CBIRC full-caliber local-government financing-platform list at the end of 2018 and that on January 2 2019 the Heilongjiang CBIRC office changed its platform category from still-managed-as-platform to exit category.,nominal_exit,high,Shunyu Hao / Codex-assisted review,2026-06-30,doc_hlj_hrb_chengtou_2026_mtn1_003,4156-4162;4165-4178;4191-4195,doc_hlj_hrb_chengtou_2026_mtn1_003,938-941;944-971;975-981;5544-5565;5571-5574;5764-5792,src_hlj_hrb_chengtou_001,"The issuer has unusually direct formal-exit evidence: the prospectus reports a January 2019 move from still-managed-as-platform to exit category. Yet the same source continues to show infrastructure, affordable housing, PPP, entrusted-construction, government-receivable, and legacy project-development functions. The case is therefore coded as nominal exit rather than substantive disappearance.",functional_transfer,"The issuer also reports market-oriented transition and no future government-financing role, which could be interpreted as fiscal substitution if later sources show that public functions were clearly absorbed by budgetary or state-asset channels.",The original 2019 CBIRC category-change document was not independently retrieved in this pass; the direct exit-list evidence comes from the 2026 issuer prospectus.,4,New Northeast provincial-capital high-confidence exit-list case.
expand_hb_xiaogan_chengtou,Hubei,Xiaogan,孝感市城市建设投资公司,2015,Prospectus and legal opinion state that the company does not undertake government financing functions and that new debt after January 1 2015 is not local government debt; Xiaogan Finance Bureau confirmation is reported in the compliance section.,functional_transfer,medium,Shunyu Hao / Codex-assisted review,2026-06-30,doc_hb_xg_chengtou_2026_mtn2_004,1147-1148;1248-1259;2168-2185,doc_hb_xg_chengtou_2026_mtn2_004;doc_hb_xg_chengtou_2026_mtn2_001,1213-1228;4400-4447;4590-4632;4672-4680;520-531;720-749,src_hb_xg_chengtou_001,"The documents state that the issuer no longer undertakes government financing and that, after 2018, project funds mainly come from fiscal-budget special appropriations, own funds, and state-asset operating income. At the same time, the issuer keeps project-management, entrusted-construction, and government-linked receivable functions, making this a functional-transfer case rather than pure substantive exit.",nominal_exit,"Because the issuer remains a major urban-construction and investment platform with large government-linked receivables, some evidence could support nominal exit if the fiscal-substitution channel proves weaker than the prospectus states.",No independent platform-list exit document was retrieved; the label relies on prospectus and legal-opinion disclosures.,4,New central-prefecture functional-transfer and fiscal-substitution case.
expand_tj_jinghai_chengtou,Tianjin,Jinghai,天津市静海城市基础设施建设投资集团有限公司,2011,"Prospectus states that Tianjin banking regulators initially recognized the issuer as a financing-platform company during the 2010 platform regularization campaign and that, under Tianjin CBRC Office document 2011 No. 214, the issuer met platform-loan exit conditions and was transferred out of the CBRC financing-platform list in June 2011.",nominal_exit,high,Shunyu Hao / Codex-assisted review,2026-06-30,doc_tj_jh_chengtou_2026_mtn1_002,3336-3346;1004-1021;3374-3393,doc_tj_jh_chengtou_2026_mtn1_007;doc_tj_jh_chengtou_2026_mtn1_008,287-295;344-354;408-414;709-729;627-634,src_tj_jh_chengtou_001,"The issuer has direct formal platform-list exit evidence, but the same legal issuer remains the core Jinghai infrastructure, heating, and entrusted-construction platform. The documents show BT legacy projects, post-2012 entrusted construction, fiscal settlement, government-linked receivables, and fiscal-support dependence. The official category changed while the public-development function remained inside the same corporate shell.",functional_transfer,Post-2012 entrusted-construction arrangements and no-government-financing language could support a functional-transfer reading if later evidence shows that project financing was durably absorbed by fiscal or other state-asset channels.,The original 2011 Tianjin banking-regulator exit notice was not collected directly; the direct exit evidence is quoted in the 2026 prospectus.,4,New Tianjin district high-confidence direct platform-list exit case.
expand_jx_zhanggong_jiantou,Jiangxi,Ganzhou Zhanggong,赣州市章贡区建设投资集团有限公司,2015,Prospectus and legal opinion state that the company does not undertake government financing functions and that new debt after January 1 2015 is not local government debt; the legal opinion also states that the government has stripped the issuer of government financing functions after stock-debt clean-up and identification.,nominal_exit,medium,Shunyu Hao / Codex-assisted review,2026-06-30,doc_jx_zg_jiantou_2026_mtn1_003,1057-1088;1169-1194;1914-1931;2018-2025;2106-2121;2180-2187;2248-2257,doc_jx_zg_jiantou_2026_mtn1_005;doc_jx_zg_jiantou_2026_mtn1_001,687-719;809-826;861-870;980-1005;153-156;252-289;485-488;609-613,src_jx_zg_jiantou_001,"Formal no-government-financing language coexists with continuing municipal construction, affordable-housing and shantytown-renovation functions, fiscal-bureau settlement, large government-linked receivables, government subsidies, and transfer-loan arrangements through city- and province-level platforms. The same issuer remains central to the district development system, so the case is coded as nominal exit.",functional_transfer,"Some project functions are routed through Zhanggong Guotou, city-level platforms, provincial platforms, and fiscal settlement channels, so a functional-transfer reading is plausible if later evidence shows that financing responsibility moved away from the issuer more cleanly.",No independent regulator or local government platform-list exit document has been collected. The formal event relies on issuer and legal-opinion compliance language.,4,New Jiangxi core-district nominal-exit case with unusually rich fiscal-settlement and transfer-loan evidence.
expand_zj_wenling_guotou,Zhejiang,Wenling,温岭市国有资产投资集团有限公司,2015,"Prospectus states that the company does not undertake government financing functions and that new debt after January 1 2015 is not local government debt; the legal opinion reports no government investment fund, BT, project repurchase, government-purchase-service, or government-project advance financing.",functional_transfer,medium,Shunyu Hao / Codex-assisted review,2026-06-30,doc_zj_wl_guotou_2026_mtn2_005,985-987;999-1019;497-501;584-588;2381-2388;2427-2430,doc_zj_wl_guotou_2026_mtn2_003,323-342,src_zj_wl_guotou_001,"Formal no-government-financing language coexists with continued public-project functions, but the current channel is fiscal and project-specific rather than classic platform repurchase or BT financing. The issuer receives fiscal project funds, records some construction funds as long-term payables, participates in PPP companies as the government-side investor, and continues infrastructure and state-asset functions. This pattern fits functional transfer.",nominal_exit,"The same issuer remains central to municipal infrastructure and state-asset management, and project funding remains closely tied to the Wenling government, so a nominal-exit reading remains plausible.",No independent platform-list exit document or rating report has been collected for this case. The label relies on issuer prospectus and legal-opinion disclosures.,3,New Zhejiang county-level functional-transfer case; useful as a fiscal-project-funding contrast to nominal-exit cases.
expand_js_yixing_chengfa,Jiangsu,Yixing,宜兴市城市发展投资有限公司,2015,"Prospectus and legal opinion state that the company does not undertake government financing functions, that new debt after January 1 2015 is not local government debt, and that the issuer has no land-reserve function, no current land-development or land-repurchase business, no BT, no project repurchase, no government-purchase-service project, and no government-project advance financing.",functional_transfer,medium,Shunyu Hao / Codex-assisted review,2026-06-30,doc_js_yx_chengfa_2026_mtn1_003,1052-1092;2097-2126;2140-2166;3901-3907;3945-3951;4611-4612;4676-4677;4793-4808;4823-4833,doc_js_yx_chengfa_2026_mtn1_004,588-601;700-714;727-730,src_js_yx_chengfa_001,"The issuer remains an important infrastructure-construction and asset-operation platform, but the current project channel is specified as entrusted construction, fiscal settlement, and management-fee compensation. The documents distinguish this model from BT, repurchase, government purchase service, land reserve, and advance financing for government projects, so the case is coded as functional transfer rather than substantive exit.",nominal_exit,"Large receivables from Yixing Finance Bureau and earlier infrastructure-related advances show continuing government-linked functions, so the case could be coded as nominal exit if later evidence weakens the fiscal-management interpretation.",No independent platform-list exit document or rating report has been collected. The label relies on prospectus and legal-opinion disclosures.,3,New Jiangsu county-level functional-transfer case; useful as a high-capacity fiscal-management example.
expand_fj_fuzhou_guozi,Fujian,Fuzhou,福州国有资本投资运营集团有限公司,2022,"Legal opinion reports that Fuzhou SASAC approved the company name change from Fuzhou State-Owned Assets Investment Development Group to Fuzhou State Capital Investment and Operation Group in January 2022 and changed its business scope from urban infrastructure, area development, utilities, strategic-industry development, and real estate to headquarters management, own-fund investment, venture investment, and consulting.",functional_transfer,medium,Shunyu Hao / Codex-assisted review,2026-06-30,doc_fj_fz_guozi_2026_scp1_006,139-145;162-173;203-211;535-540,doc_fj_fz_guozi_2026_scp1_004;doc_fj_fz_guozi_2026_scp1_002,5959-5981;5982-6014;81-95;102-104;523-538;851-867,src_fj_fz_guozi_001,"The same legal issuer was converted from a development-oriented state-owned assets investment group into a state-capital investment and operation platform. Direct urban infrastructure and area-development language disappeared from the issuer business scope, while municipal infrastructure functions continued through equity stakes in Fuzhou Chengtou, Fuzhou Zuohai, and other city platforms and through the Mindu infrastructure fund. This is a transfer into portfolio and fund channels rather than substantive disappearance.",substantive_exit,"If the coding rule focused only on the issuer direct business scope, the 2022 scope change could support substantive exit. The functional-transfer label rests on evidence that infrastructure and public investment remained inside the issuer institutional orbit through equity ownership and fund-based investment.","No independent platform-list exit document has been collected. The formal event is a 2022 SASAC-approved name, scope, and asset reorganization rather than an explicit financing-platform-list exit notice.",4,New Fuzhou state-capital-operation case; useful paired with the existing Fuzhou Chengtou case to show within-city differentiation across platforms.
expand_js_zhenjiang_industry,Jiangsu,Zhenjiang,镇江产业投资控股集团有限公司,2023,"Zhenjiang municipal government issued the 2023 notice establishing Zhenjiang Industrial Investment Holding Group through the reorganization of Zhenjiang Guotou Real Estate Development, the transfer of Zhenjiang State-Owned Investment Holding Group and a 55 percent stake in Zhenjiang Transportation Industry Group, and related asset stripping and injection.",nominal_exit,medium,Shunyu Hao / Codex-assisted review,2026-06-30,doc_js_zhenjiang_industry_2026_cp3_003,138-145;366-380;397-400;642-645;650-668;953-980;996-1022;1140-1173,doc_js_zhenjiang_industry_2026_cp3_005,511-520;533-549;563-571;6163-6175;7915-7936,src_js_zhenjiang_industry_001,"The 2023 restructuring created an industrial-investment holding group and contains formal government-financing-function stripping language. But the same group system continues to show traffic infrastructure construction, land整理, fiscal-payment arrangements, government-linked receivables, and repurchase-payment risk. The corporate label changed more clearly than the quasi-fiscal development function, so this is coded as nominal exit.",functional_transfer,"The asset transfers to transportation, railway, automobile, and commercial-management entities support a partial functional-transfer interpretation. The final label remains nominal because the current evidence still places major land, traffic, fiscal-support, and government-repurchase functions inside the issuer or its consolidated group.",The original 2023 municipal reorganization notice has not been collected directly. The formal event and functional evidence rely on the 2026 prospectus and legal opinion.,3,New Jiangsu boundary case; useful for distinguishing nominal exit from partial functional transfer.
expand_js_jiangning_guozi,Jiangsu,Nanjing Jiangning,南京江宁国有资产经营集团有限公司,2015,"Prospectus states that the company has stripped government financing functions and transformed into a self-operating market-oriented entity, and later repeats that new debt after January 1 2015 is not local government debt.",nominal_exit,high,Shunyu Hao / Codex-assisted review,2026-06-30,doc_js_jiangning_guozi_2026_mtn1_004,18-20;154-163;383-411;885-905;1716-1722;1727-1747;1766-1774;1785-1824;2285-2321,doc_js_jiangning_guozi_2026_mtn1_008,128-135,src_js_jiangning_guozi_001,"Explicit formal exit language coexists with continuing infrastructure investment and financing pressure, engineering-construction dominance in revenue, entrusted construction through Jiangning Science Park, management-committee cost-plus payment, and government-linked receivables. The issuer remains Jiangning District main infrastructure and state-owned asset operation body, so the official category changed more than the underlying development function.",functional_transfer,A functional-transfer reading would become plausible if later evidence shows that fiscal authorities rather than the issuer assumed project financing risk after 2015. Current evidence still emphasizes issuer-side financing needs and receivables.,The original regulator or local government document recognizing the stripping of government financing functions has not been collected directly; the formal event is based on prospectus compliance language.,4,New high-confidence Jiangsu district nominal-exit case.
expand_js_changshu_invest,Jiangsu,Changshu,常熟市投资控股集团有限公司,2015,Prospectus states that the company has stripped government financing functions and transformed into a market-oriented entity that operates and bears risk independently; legal opinion also reports 2021 transfer of the issuer to Changshu State Capital Investment and Operation Group and a 2025 name change to Changshu Investment Holding Group.,functional_transfer,medium,Shunyu Hao / Codex-assisted review,2026-06-30,doc_js_changshu_invest_2026_mtn3_001,18-21;464-475;523-532;549-553;655-662;731-732;1156-1175;6509-6528,doc_js_changshu_invest_2026_mtn3_002,157-160;363-375;381-384;1802-1821,src_js_changshu_invest_001,"The issuer keeps public and policy-linked functions including affordable housing, grain procurement, market operations, investment activity, fiscal subsidies, and government-linked receivables. But the documents explicitly exclude land development, land reserve financing, PPP, government investment funds, BT, project repurchase, government purchase service, government-project advance financing, and debts requiring fiscal repayment. This pattern fits functional transfer through policy business and state-capital channels rather than substantive exit or pure nominal exit.",nominal_exit,"A nominal-exit reading remains plausible because government-linked receivables, fiscal subsidies, and affordable housing functions continue. The functional-transfer label rests on the unusually explicit negative list and state-capital ownership shift.",Only the prospectus and legal opinion were locally extracted in this pass. A rating report or local government document should be collected before raising confidence.,3,New Jiangsu county-level functional-transfer case; useful counterweight to high-confidence nominal cases.
expand_ah_suzhou_chengtou,Anhui,Suzhou,宿州市城市建设投资集团(控股)有限公司,2015,Prospectus states that the company does not undertake government financing functions and that new debt after January 1 2015 is not local-government debt; a separate compliance section says the issuer rectified and standardized the stripping of government financing functions and does not undertake land-reserve functions.,nominal_exit,medium,Shunyu Hao / Codex-assisted review,2026-06-30,doc_ah_suzhou_chengtou_2026_mtn3_005,803-816;860-878;4506-4523;4555-4593;8024-8038;8834-8865,doc_ah_suzhou_chengtou_2026_mtn3_002;doc_ah_suzhou_chengtou_2026_mtn3_007,667-671;875-879;182-184;824-828;1107-1108,src_ah_suzhou_chengtou_001,"Formal debt-compliance language coexists with continuing infrastructure construction, land-leveling, affordable-housing, entrusted-construction, fiscal-settlement, government-subsidy, and future public-development functions inside the same issuer. The documents do not show a clean relocation of these functions, so the institutional change is coded as nominal exit.",functional_transfer,A functional-transfer reading would become plausible if later evidence shows that post-2015 project financing risk was absorbed by the fiscal budget or by another platform. Current disclosures still center the same issuer in infrastructure and land-related development functions.,The current packet relies on issuer disclosures and audit reports from the 2026 issuance page rather than an independently collected local-government exit-list document.,4,New Anhui validated case from the June 30 Shanghai Clearing candidate harvest; useful as a high-priority nominal-exit example in an inland prefecture.
expand_hb_huangshi_chengfa,Hubei,Huangshi,黄石市城市发展投资集团有限公司,2015,Prospectus states that the company does not undertake government financing functions and that new debt after January 1 2015 is not local-government debt; the same issue also states that proceeds will not increase government or hidden debt and will not be directly repaid by fiscal funds.,nominal_exit,medium,Shunyu Hao / Codex-assisted review,2026-06-30,doc_hb_huangshi_chengfa_2026_cp8_001,638-676;1136-1166;1248-1265;1290-1332;12340-12430,doc_hb_huangshi_chengfa_2026_cp8_003;doc_hb_huangshi_chengfa_2026_cp8_005;doc_hb_huangshi_chengfa_2026_cp8_008,1-120;1-120;1-120,src_hb_huangshi_chengfa_001,"Formal debt-compliance language coexists with continuing infrastructure investment, land development and整理, entrusted construction, public-housing and PPP/BOT activity, large government fiscal inflows, and payables to finance bureaus. The disclosed functions remain inside the issuer group, so this is coded as nominal exit rather than substantive exit or a clear functional transfer.",functional_transfer,A functional-transfer reading would become stronger if later sources show that fiscal authorities or another platform absorbed project-financing risk outside the issuer group. The current prospectus instead emphasizes continuing issuer-side public development functions.,The legal opinion and several audit reports in this packet were not machine-readable in the current extraction pass; the label relies mainly on the prospectus and issuance-plan files.,3,New Hubei validated case from the June 30 Shanghai Clearing candidate harvest; useful as a central-prefecture nominal-exit case with explicit fiscal-dependence evidence.
expand_js_yancheng_chengnan,Jiangsu,Yancheng,盐城市城南新区开发建设投资有限公司,2015,Legal opinion states that the company does not undertake government financing functions and that new debt after January 1 2015 is not local-government debt; it also states that proceeds will not increase government or hidden debt and will not be directly repaid by fiscal funds.,nominal_exit,medium,Shunyu Hao / Codex-assisted review,2026-06-30,doc_js_yancheng_chengnan_2026_mtn2_003,3098-3192;3988-4096;5260-5270,doc_js_yancheng_chengnan_2026_mtn2_005;doc_js_yancheng_chengnan_2026_mtn2_007,382-408;496-532;1530-1538,src_js_yancheng_chengnan_001,"The legal opinion provides strong compliance language and a negative list, but the source packet also shows continuing land development, infrastructure construction, government entrusted construction, fiscal project settlement, and infrastructure repayment cycles. Since these functions remain inside the issuer, the case is coded as nominal exit.",functional_transfer,A functional-transfer reading would become plausible if later evidence shows that legal compliance corresponded to a real relocation of project-financing risk outside the issuer. Current evidence instead shows formal normalization around continuing platform-like operations.,The formal event is supported by legal opinion and prospectus disclosures rather than an independently collected local-government exit-list document.,4,New Yancheng same-city expansion case; useful for comparing district-level development platforms with the existing Yancheng City Asset case.
expand_js_suzhou_xiangcheng,Jiangsu,Suzhou Xiangcheng,苏州市相城城市建设投资(集团)有限公司,2015,Prospectus states that the government financing function has been orderly stripped and that identified government debt will be replaced through local government bonds; legal opinion and prospectus also state that the issue will not increase government or hidden debt and will not be directly repaid by fiscal funds.,nominal_exit,medium,Shunyu Hao / Codex-assisted review,2026-06-30,doc_js_suzhou_xiangcheng_2026_scp3_008,2973-2992;3008-3023;3437;3475-3476;3524-3525;4176-4185;4196-4199;4238,doc_js_suzhou_xiangcheng_2026_scp3_004,452-454;588-611;613-616;684,src_js_suzhou_xiangcheng_001,"Formal government-financing-function stripping and negative-list language coexist with continuing infrastructure construction, resettlement-housing entrusted construction, fiscal repayment, government-linked receivables, and the issuer's role as Xiangcheng District's major project investment and construction body. The same issuer continues core public-development functions, so the official exit is coded as nominal exit.",functional_transfer,"A functional-transfer or formal-fiscal-substitution reading is plausible because the documents describe commissioned construction as contractual and fiscally budgeted, and exclude PPP, BT, government purchase service, land reserve, and project repurchase. The final label remains nominal because project financing and repayment still run through the same issuer and its government-linked receivables.",The packet relies on issuer and legal-opinion disclosures from a 2026 issuance page rather than an independent platform-list exit document.,4,New Suzhou district validated case; useful high-capacity nominal-exit comparison to Suzhou city-level and Ningbo/Guangzhou cases.
expand_sd_linyi_chengtou,Shandong,Linyi,临沂城市建设投资集团有限公司,2015,Prospectus states that the government gradually stripped the issuer's government financing function and that debts requiring government responsibility were replaced or arranged; the issue also states that it will not increase government or hidden debt and will not be directly repaid by fiscal funds.,nominal_exit,medium,Shunyu Hao / Codex-assisted review,2026-06-30,doc_sd_linyi_chengtou_2026_cp2_004,939-945;1058-1078;4631-4650;5335-5339;5440-5459,doc_sd_linyi_chengtou_2026_cp2_005;doc_sd_linyi_chengtou_2026_cp2_006,492-501;594-610;813-814;145-147;525-526;1317-1319;1347-1380,src_sd_linyi_chengtou_001,"Formal government-financing-function stripping and no-hidden-debt language coexist with continuing urban-rural development, infrastructure construction, affordable-housing or shantytown-related functions, government receivables, fiscal subsidy accounting, and public-resource state-asset operation. The same issuer remains central to the public-development system, so the exit is coded as nominal exit.",functional_transfer,A functional-transfer reading is plausible because several receivables are described as contractual and the issue itself is legally separated from government debt. The final label remains nominal because the same issuer continues core public-development functions and remains linked to government settlement and subsidy channels.,"Several audit documents in the packet were not machine-readable; the label relies on the prospectus, legal opinion, and the readable 2025 audit report.",4,New Shandong prefecture-level nominal-exit case; useful for expanding the inland/coastal comparison outside Jiangsu and Zhejiang.
expand_jx_jian_chengtou,Jiangxi,Ji'an,吉安市城市建设投资开发有限公司,2015,Legal opinion states that the Ji'an government has stripped the issuer's government financing functions and that the issuer does not borrow for local government or other entities; issue proceeds will not increase government or hidden debt and will not be directly repaid by fiscal funds.,nominal_exit,medium,Shunyu Hao / Codex-assisted review,2026-06-30,doc_jx_jian_chengtou_2026_cp1_002,500-530;653-683;692-699;720-728;1049;1077-1078,doc_jx_jian_chengtou_2026_cp1_005;doc_jx_jian_chengtou_2026_cp1_003,425-426;460-462;502-510;4318;4382-4401;6492-6494;6619-6627;7327-7332;55-56;112-117;232-236,src_jx_jian_chengtou_001,"The formal stripping of government financing functions coexists with land consolidation, infrastructure construction, affordable housing, entrusted construction, finance-bureau receivables, fiscal settlement, and government subsidies. These functions remain attached to the same issuer rather than disappearing institutionally, so the case is coded as nominal exit.",functional_transfer,"A functional-transfer reading would emphasize fiscal settlement and contractual entrusted construction. The final label remains nominal because land-consolidation and infrastructure functions, including financing costs and finance-bureau receivables, remain tied to the same issuer.","No independent platform-list exit document has been collected; formal status is supported by the legal opinion, prospectus, and rating disclosures.",4,New Jiangxi inland nominal-exit case; useful for low- and middle-capacity comparison with stronger coastal cases.
expand_hen_luoyang_chengxiang,Henan,Luoyang,洛阳城乡建设投资集团有限公司,2015,"Prospectus states that the issuer has stripped government financing functions, has transformed into a self-operating and self-risk-bearing marketized entity, and does not undertake government financing functions after January 1 2015; issue proceeds will not increase government or hidden debt.",nominal_exit,medium,Shunyu Hao / Codex-assisted review,2026-06-30,doc_hen_luoyang_chengxiang_2026_cp2_010,35;765;1336;1384-1395;3212;3469;4663;5328-5329;5386;6000;6068;6207,doc_hen_luoyang_chengxiang_2026_cp2_007,709-716;767-768;1685-1688;1859-1869;1875-1884,src_hen_luoyang_chengxiang_001,"Formal marketization and government-financing-function stripping coexist with continuing municipal infrastructure, municipal public project, affordable-housing, land-consolidation, and government-related receivable evidence. The same issuer continues core public-development functions under compliant language, so the case is coded as nominal exit.",functional_transfer,"A functional-transfer reading is plausible because formal land reserve, direct fiscal repayment, and hidden-debt channels are denied. The final label remains nominal because land consolidation, public project construction, and municipal infrastructure functions remain inside the same issuer.",The strongest formal-exit language comes from prospectus and legal-opinion disclosures rather than a directly collected local government platform-list document.,4,New Henan nominal-exit case; useful for expanding the inland validated sample.
expand_js_zhangjiagang_chengtou,Jiangsu,Zhangjiagang,张家港市城市投资发展集团有限公司,2018,Legal opinion states that the issuer and subsidiaries were not included in the 2018 CBIRC financing-platform list and that the current issue will not increase government or hidden debt or be directly repaid with fiscal funds.,nominal_exit,medium,Shunyu Hao / Codex-assisted review,2026-06-30,doc_js_zhangjiagang_chengtou_2026_scp2_005,3831-3848;4085-4098;4119-4126;4641-4650;4691-4702;4734-4738;5238-5242;5292-5300;5389;5397;5638-5645,doc_js_zhangjiagang_chengtou_2026_scp2_004,315-318;503-509;598-609;1015-1028;1051-1089;1093-1097;1117;1186,src_js_zhangjiagang_chengtou_001,"Formal non-platform and no-hidden-debt language coexists with continuing land preparation, resettlement housing, infrastructure construction, land-reserve-center settlement, fiscal or government-linked receivables, and government support inside the same issuer. The institutional category changed more than the public-development function.",functional_transfer,"Some activities are framed as contractual project settlement rather than illegal platform borrowing, so a formal-fiscal-substitution reading is plausible. The final label remains nominal because the same issuer continues core platform-like development functions.",The packet relies on 2026 issuance and legal-opinion disclosures rather than a directly collected local government exit-list announcement. Two scanned documents were not machine-readable in this pass.,4,New Zhangjiagang validated case from the June 30 Shanghai Clearing expansion; useful as a high-capacity county-level nominal-exit case.
expand_tj_jinnan_chengtou,Tianjin,Tianjin Jinnan,天津津南城市建设投资有限公司,2015,"Legal opinion and prospectus disclosures state that the issuer operates on marketized principles, has no local-government repayment-responsibility debt, and that the current issue will not increase government or hidden debt or be directly repaid by fiscal funds.",nominal_exit,medium,Shunyu Hao / Codex-assisted review,2026-06-30,doc_tj_jinnan_chengtou_2026_scp6_009,190-204;508-519;600-639;670-681;731-761;773-838;909-916;935-941;1025,doc_tj_jinnan_chengtou_2026_scp6_006,3895-3902;3960-3961;4133-4140;4146-4157;4166-4223;4233-4259;5050-5063;5322-5334;5502-5504;5817,src_tj_jinnan_chengtou_001,"Marketization and no-hidden-debt language coexists with continuing demonstration-town infrastructure, entrusted construction, resettlement-housing business, fiscal repayment, finance-bureau receivables, and debt-resolution funds. The same issuer remains central to Jinnan public-development finance.",functional_transfer,"The documents present many payments as legal project compensation or fiscal settlement, so the case is near the boundary of functional transfer. It remains nominal because the issuer itself continues the infrastructure and resettlement financing role.","The legal opinion also notes that the issuer belonged to the national government-debt audit platform list and the original CBRC platform list, so this is not a clean independent exit-list case. Confidence should rise only after collecting a direct transfer-out or exit-list document.",4,New Tianjin district validated case; useful for showing persistent platform functions even under explicit marketized-operation language.
expand_ah_luan_chengtou,Anhui,Lu'an,六安城市建设投资有限公司,2015,Legal opinion states that after the post-2012 policy shift the issuer no longer participates in BT projects and does not undertake government financing functions; current issuance documents also state that the issue will not increase government or hidden debt.,nominal_exit,medium,Shunyu Hao / Codex-assisted review,2026-06-30,doc_ah_luan_chengtou_2026_scp3_001,166;3276-3285;3292-3335;3357-3364;3879-3896;4355-4360;4378-4382;4457-4462;4887-4897;5067-5100;5670,doc_ah_luan_chengtou_2026_scp3_007,390-397;506-519;537-548;551-560;596;906-931;936-937;957-972,src_ah_luan_chengtou_001,"Formal no-BT and no-government-financing language coexists with continuing entrusted construction, infrastructure, affordable housing, PPP, fiscal payment, government receivables, special payables for construction funds, and fiscal subsidies. The public-development function remains inside the same issuer.",functional_transfer,"Because the documents emphasize compliant delegated-construction and fiscal-settlement arrangements, the case can also be read as formal fiscal substitution. The final label remains nominal because project construction and repayment channels still center on the issuer.",The formal event is inferred from issuer/legal-opinion compliance language rather than a separately collected local platform-list exit document. Several financial-report files were scanned and not machine-readable.,4,New Anhui validated case; useful as an inland prefecture nominal-exit example with explicit delegated-construction evidence.
expand_js_taizhou_chengtou,Jiangsu,Taizhou,泰州市城市建设投资集团有限公司,2019,"Legal opinion describes the issuer as moving from a government financing platform toward a city-industry investment operator, while also stating that the issue will not increase government or hidden debt or be directly repaid by fiscal funds.",nominal_exit,medium,Shunyu Hao / Codex-assisted review,2026-06-30,doc_js_taizhou_chengtou_2026_scp5_007,5114-5115;5196-5204;5243;5254;5270;5697-5698;6957-6961;7007;7061;7171-7172;9739-9740;9756-9757;9767;10130;10184,doc_js_taizhou_chengtou_2026_scp5_001,613-626;640-648;651;1374-1391,src_js_taizhou_chengtou_001,"Formal transformation from government financing platform to city-industry investment operator coexists with continuing municipal infrastructure, shantytown and resettlement construction, finance-bureau receivables, infrastructure project inventory, government subsidies, and delegated public-project functions.",functional_transfer,"A functional-transfer reading is plausible because the documents deny PPP, BT, project repurchase, government purchase service, land reserve, and direct fiscal repayment. The final label remains nominal because the same issuer still carries major public-development and fiscal-settlement functions.",The formal transformation language comes from 2026 legal-opinion and prospectus disclosures rather than a directly collected local reorganization notice. One financial statement was not machine-readable.,4,New Jiangsu validated case; useful for distinguishing rhetorical marketization from substantive exit in an upper-tier city platform.
