GID_2,NAME_1,NL_NAME_1,NAME_2,NL_NAME_2,TYPE_2,ENGTYPE_2,area_sqkm_approx
CHN.1.1_1,Anhui,安徽|安徽,Anqing,安庆市,Dìjíshì,PrefectureCity,15412.616
CHN.1.2_1,Anhui,安徽|安徽,Bengbu,蚌埠市,Dìjíshì,PrefectureCity,5904.204
CHN.1.3_1,Anhui,安徽|安徽,Bozhou,亳州市,Dìjíshì,PrefectureCity,8593.298
CHN.1.4_1,Anhui,安徽|安徽,Chaohu,巢湖市,Dìjíshì,PrefectureCity,9437.440
CHN.1.5_1,Anhui,安徽|安徽,Chizhou,池州市,Dìjíshì,PrefectureCity,8480.823
CHN.1.6_1,Anhui,安徽|安徽,Chuzhou,滁州市,Dìjíshì,PrefectureCity,13572.789
CHN.1.7_1,Anhui,安徽|安徽,Fuyang,阜阳市,Dìjíshì,PrefectureCity,10101.885
CHN.1.8_1,Anhui,安徽|安徽,Hefei,合肥市,Dìjíshì,PrefectureCity,7486.590
CHN.1.9_1,Anhui,安徽|安徽,Huaibei,淮北市,Dìjíshì,PrefectureCity,2692.892
CHN.1.10_1,Anhui,安徽|安徽,Huainan,淮南市,Dìjíshì,PrefectureCity,2125.490
CHN.1.11_1,Anhui,安徽|安徽,Huangshan,黄山市,Dìjíshì,PrefectureCity,9746.783
CHN.1.12_1,Anhui,安徽|安徽,Lu'an,六安市,Dìjíshì,PrefectureCity,18410.074
CHN.1.13_1,Anhui,安徽|安徽,Ma'anshan,马鞍山市,Dìjíshì,PrefectureCity,1789.053
CHN.1.14_1,Anhui,安徽|安徽,Suzhou,宿州市,Dìjíshì,PrefectureCity,9997.303
CHN.1.15_1,Anhui,安徽|安徽,Tongling,铜陵市,Dìjíshì,PrefectureCity,1036.364
CHN.1.16_1,Anhui,安徽|安徽,Wuhu,芜湖市,Dìjíshì,PrefectureCity,3299.002
CHN.1.17_1,Anhui,安徽|安徽,Xuancheng,宣城市,Dìjíshì,PrefectureCity,12303.450
CHN.2.1_1,Beijing,北京|北京,Beijing,北京|北京,Zhíxiáshì,Municipality,16375.931
CHN.3.1_1,Chongqing,重慶|重庆,Chongqing,重慶|重庆,Zhíxiáshì,Municipality,82683.170
CHN.4.1_1,Fujian,福建,Fuzhou,福州市,Dìjíshì,PrefectureCity,11661.824
CHN.4.2_1,Fujian,福建,Longyan,龙岩市,Dìjíshì,PrefectureCity,19159.368
CHN.4.3_1,Fujian,福建,Nanping,南平市,Dìjíshì,PrefectureCity,26377.430
CHN.4.4_1,Fujian,福建,Ningde,宁德市,Dìjíshì,PrefectureCity,13251.545
CHN.4.5_1,Fujian,福建,Putian,莆田市,Dìjíshì,PrefectureCity,3910.725
CHN.4.6_1,Fujian,福建,Quanzhou,泉州市,Dìjíshì,PrefectureCity,10963.738
CHN.4.7_1,Fujian,福建,Sanming,三明市,Dìjíshì,PrefectureCity,23007.342
CHN.4.8_1,Fujian,福建,Xiamen,厦门市,Dìjíshì,PrefectureCity,1536.094
CHN.4.9_1,Fujian,福建,Zhangzhou,漳州市,Dìjíshì,PrefectureCity,12569.238
CHN.5.1_1,Gansu,甘肅|甘肃,Baiyin,白银市,Dìjíshì,PrefectureCity,20130.227
CHN.5.2_1,Gansu,甘肅|甘肃,Dingxi,定西市,Dìjíshì,PrefectureCity,19699.595
CHN.5.3_1,Gansu,甘肅|甘肃,GannanTibetan,甘南藏族自治州,Zìzhìzhou,AutonomousPrefecture,36588.906
CHN.5.4_1,Gansu,甘肅|甘肃,Jiayuguan,嘉峪关市,Dìjíshì,PrefectureCity,1298.645
CHN.5.5_1,Gansu,甘肅|甘肃,Jinchang,金昌市,Dìjíshì,PrefectureCity,7359.015
CHN.5.6_1,Gansu,甘肅|甘肃,Jiuquan,酒泉市,Dìjíshì,PrefectureCity,146922.437
CHN.5.7_1,Gansu,甘肅|甘肃,Lanzhou,兰州市,Dìjíshì,PrefectureCity,13265.927
CHN.5.8_1,Gansu,甘肅|甘肃,LinxiaHui,临夏回族自治州,Zìzhìzhou,AutonomousPrefecture,8081.422
CHN.5.9_1,Gansu,甘肅|甘肃,Longnan,陇南市,Dìjíshì,PrefectureCity,28464.318
CHN.5.10_1,Gansu,甘肅|甘肃,Pingliang,平凉市,Dìjíshì,PrefectureCity,11068.044
CHN.5.11_1,Gansu,甘肅|甘肃,Qingyang,庆阳市,Dìjíshì,PrefectureCity,27132.778
CHN.5.12_1,Gansu,甘肅|甘肃,Tianshui,天水市,Dìjíshì,PrefectureCity,14226.599
CHN.5.13_1,Gansu,甘肅|甘肃,Wuwei,武威市,Dìjíshì,PrefectureCity,32855.767
CHN.5.14_1,Gansu,甘肅|甘肃,Zhangye,张掖市,Dìjíshì,PrefectureCity,39659.993
CHN.6.1_1,Guangdong,廣東|广东,Chaozhou,潮州市,Dìjíshì,PrefectureCity,3214.128
CHN.6.2_1,Guangdong,廣東|广东,Dongguan,东莞市,Dìjíshì,PrefectureCity,2425.335
CHN.6.3_1,Guangdong,廣東|广东,Foshan,佛山市,Dìjíshì,PrefectureCity,3892.144
CHN.6.4_1,Guangdong,廣東|广东,Guangzhou,广州市,Dìjíshì,PrefectureCity,7156.715
CHN.6.5_1,Guangdong,廣東|广东,Heyuan,河源市,Dìjíshì,PrefectureCity,15662.850
CHN.6.6_1,Guangdong,廣東|广东,Huizhou,惠州市,Dìjíshì,PrefectureCity,11355.653
CHN.6.7_1,Guangdong,廣東|广东,Jiangmen,江门市,Dìjíshì,PrefectureCity,9447.076
CHN.6.8_1,Guangdong,廣東|广东,Jieyang,揭阳市,Dìjíshì,PrefectureCity,5236.864
CHN.6.9_1,Guangdong,廣東|广东,Maoming,茂名市,Dìjíshì,PrefectureCity,11416.772
CHN.6.10_1,Guangdong,廣東|广东,Meizhou,梅州市,Dìjíshì,PrefectureCity,15849.869
CHN.6.11_1,Guangdong,廣東|广东,Qingyuan,清远市,Dìjíshì,PrefectureCity,18952.057
CHN.6.12_1,Guangdong,廣東|广东,Shantou,汕头市,Dìjíshì,PrefectureCity,2067.016
CHN.6.13_1,Guangdong,廣東|广东,Shanwei,汕尾市,Dìjíshì,PrefectureCity,4875.309
CHN.6.14_1,Guangdong,廣東|广东,Shaoguan,韶关市,Dìjíshì,PrefectureCity,18430.399
CHN.6.15_1,Guangdong,廣東|广东,Shenzhen,深圳市,Dìjíshì,PrefectureCity,1921.959
CHN.6.16_1,Guangdong,廣東|广东,Yangjiang,阳江市,Dìjíshì,PrefectureCity,7846.864
CHN.6.17_1,Guangdong,廣東|广东,Yunfu,云浮市,Dìjíshì,PrefectureCity,7807.964
CHN.6.18_1,Guangdong,廣東|广东,Zhanjiang,湛江市,Dìjíshì,PrefectureCity,12605.675
CHN.6.19_1,Guangdong,廣東|广东,Zhaoqing,肇庆市,Dìjíshì,PrefectureCity,14896.605
CHN.6.20_1,Guangdong,廣東|广东,Zhongshan,中山市,Dìjíshì,PrefectureCity,1739.190
CHN.6.21_1,Guangdong,廣東|广东,Zhuhai,珠海市,Dìjíshì,PrefectureCity,1597.646
CHN.7.1_1,Guangxi,廣西壯族自治區|广西壮族自治区,Baise,百色市,Dìjíshì,PrefectureCity,36379.274
CHN.7.2_1,Guangxi,廣西壯族自治區|广西壮族自治区,Beihai,北海市,Dìjíshì,PrefectureCity,3488.548
CHN.7.3_1,Guangxi,廣西壯族自治區|广西壮族自治区,Chongzuo,崇左市,Dìjíshì,PrefectureCity,17448.473
CHN.7.4_1,Guangxi,廣西壯族自治區|广西壮族自治区,Fangchenggang,防城港市,Dìjíshì,PrefectureCity,6029.401
CHN.7.5_1,Guangxi,廣西壯族自治區|广西壮族自治区,Guigang,贵港市,Dìjíshì,PrefectureCity,10654.923
CHN.7.6_1,Guangxi,廣西壯族自治區|广西壮族自治区,Guilin,桂林市,Dìjíshì,PrefectureCity,27617.031
CHN.7.7_1,Guangxi,廣西壯族自治區|广西壮族自治区,Hechi,河池市,Dìjíshì,PrefectureCity,33473.491
CHN.7.8_1,Guangxi,廣西壯族自治區|广西壮族自治区,Hezhou,贺州市,Dìjíshì,PrefectureCity,11695.661
CHN.7.9_1,Guangxi,廣西壯族自治區|广西壮族自治区,Laibin,来宾市,Dìjíshì,PrefectureCity,13183.112
CHN.7.10_1,Guangxi,廣西壯族自治區|广西壮族自治区,Liuzhou,柳州市,Dìjíshì,PrefectureCity,18839.382
CHN.7.11_1,Guangxi,廣西壯族自治區|广西壮族自治区,Nanning,南宁市,Dìjíshì,PrefectureCity,22160.663
CHN.7.12_1,Guangxi,廣西壯族自治區|广西壮族自治区,Qinzhou,钦州市,Dìjíshì,PrefectureCity,10761.619
CHN.7.13_1,Guangxi,廣西壯族自治區|广西壮族自治区,Wuzhou,梧州市,Dìjíshì,PrefectureCity,12556.125
CHN.7.14_1,Guangxi,廣西壯族自治區|广西壮族自治区,Yulin,玉林市,Dìjíshì,PrefectureCity,12889.985
CHN.8.1_1,Guizhou,貴州|贵州,Anshun,安顺市,Dìjíshì,PrefectureCity,9339.030
CHN.8.2_1,Guizhou,貴州|贵州,Bijie,毕节地区,Dìqu,Prefecture,26843.238
CHN.8.3_1,Guizhou,貴州|贵州,Guiyang,贵阳市,Dìjíshì,PrefectureCity,8057.853
CHN.8.4_1,Guizhou,貴州|贵州,Liupanshui,六盘水市,Dìjíshì,PrefectureCity,9993.113
CHN.8.5_1,Guizhou,貴州|贵州,QiandongnanMiaoandDong,黔东南苗族侗族自治州,Zìzhìzhou,AutonomousPrefecture,30357.793
CHN.8.6_1,Guizhou,貴州|贵州,QiannanBuyeiandMiao,黔南布依族苗族自治州,Zìzhìzhou,AutonomousPrefecture,26073.353
CHN.8.7_1,Guizhou,貴州|贵州,QianxinanBuyeiandMiao,黔西南布依族苗族自治州,Zìzhìzhou,AutonomousPrefecture,16829.722
CHN.8.8_1,Guizhou,貴州|贵州,Tongren,铜仁地区,Dìqu,Prefecture,17960.940
CHN.8.9_1,Guizhou,貴州|贵州,Zunyi,遵义市,Dìjíshì,PrefectureCity,30811.013
CHN.9.1_1,Hainan,海南,Haikou,海口市,Dìjíshì,PrefectureCity,2254.416
CHN.9.2_1,Hainan,海南,Hainan,海南,Dìqu,Prefecture,29973.945
CHN.9.3_1,Hainan,海南,Sanya,三亚市,Dìjíshì,PrefectureCity,1892.640
CHN.10.1_1,Hebei,河北,Baoding,保定市,Dìjíshì,PrefectureCity,22264.861
CHN.10.2_1,Hebei,河北,Cangzhou,沧州市,Dìjíshì,PrefectureCity,14186.405
CHN.10.3_1,Hebei,河北,Chengde,承德市,Dìjíshì,PrefectureCity,39428.467
CHN.10.4_1,Hebei,河北,Handan,邯郸市,Dìjíshì,PrefectureCity,12059.986
CHN.10.5_1,Hebei,河北,Hengshui,衡水市,Dìjíshì,PrefectureCity,8829.742
CHN.10.6_1,Hebei,河北,Langfang,廊坊市,Dìjíshì,PrefectureCity,6392.126
CHN.10.7_1,Hebei,河北,Qinhuangdao,秦皇岛市,Dìjíshì,PrefectureCity,7776.253
CHN.10.8_1,Hebei,河北,Shijiazhuang,石家庄市,Dìjíshì,PrefectureCity,14053.035
CHN.10.9_1,Hebei,河北,Tangshan,唐山市,Dìjíshì,PrefectureCity,13304.901
CHN.10.10_1,Hebei,河北,Xingtai,邢台市,Dìjíshì,PrefectureCity,12468.215
CHN.10.11_1,Hebei,河北,Zhangjiakou,张家口市,Dìjíshì,PrefectureCity,36626.738
CHN.11.1_1,Heilongjiang,黑龙江省|黑龍江省,Daqing,大庆市,Dìjíshì,PrefectureCity,20702.666
CHN.11.2_1,Heilongjiang,黑龙江省|黑龍江省,Daxing'anling,大兴安岭地区,Dìqu,Prefecture,64831.288
CHN.11.3_1,Heilongjiang,黑龙江省|黑龍江省,Harbin,哈尔滨市,Dìjíshì,PrefectureCity,53298.157
CHN.11.4_1,Heilongjiang,黑龙江省|黑龍江省,Hegang,鹤岗市,Dìjíshì,PrefectureCity,14293.071
CHN.11.5_1,Heilongjiang,黑龙江省|黑龍江省,Heihe,黑河市,Dìjíshì,PrefectureCity,66722.226
CHN.11.6_1,Heilongjiang,黑龙江省|黑龍江省,Jiamusi,佳木斯市,Dìjíshì,PrefectureCity,31900.219
CHN.11.7_1,Heilongjiang,黑龙江省|黑龍江省,Jixi,鸡西市,Dìjíshì,PrefectureCity,25144.007
CHN.11.8_1,Heilongjiang,黑龙江省|黑龍江省,Mudanjiang,牡丹江市,Dìjíshì,PrefectureCity,38546.841
CHN.11.9_1,Heilongjiang,黑龙江省|黑龍江省,Qiqihar,齐齐哈尔市,Dìjíshì,PrefectureCity,42151.744
CHN.11.10_1,Heilongjiang,黑龙江省|黑龍江省,Qitaihe,七台河市,Dìjíshì,PrefectureCity,5331.945
CHN.11.11_1,Heilongjiang,黑龙江省|黑龍江省,Shuangyashan,双鸭山市,Dìjíshì,PrefectureCity,23045.656
CHN.11.12_1,Heilongjiang,黑龙江省|黑龍江省,Suihua,绥化市,Dìjíshì,PrefectureCity,35316.393
CHN.11.13_1,Heilongjiang,黑龙江省|黑龍江省,Yichun,伊春市,Dìjíshì,PrefectureCity,32845.840
CHN.12.1_1,Henan,河南,Anyang,安阳市,Dìjíshì,PrefectureCity,7277.618
CHN.12.2_1,Henan,河南,Hebi,鹤壁市,Dìjíshì,PrefectureCity,2152.924
CHN.12.3_1,Henan,河南,Jiaozuo,焦作市,Dìjíshì,PrefectureCity,4203.316
CHN.12.4_1,Henan,河南,Jiyuanshi,济源市,Dìjíshì,PrefectureCity,1892.332
CHN.12.5_1,Henan,河南,Kaifeng,开封市,Dìjíshì,PrefectureCity,6255.207
CHN.12.6_1,Henan,河南,Luohe,漯河市,Dìjíshì,PrefectureCity,2646.729
CHN.12.7_1,Henan,河南,Luoyang,洛阳市,Dìjíshì,PrefectureCity,15043.311
CHN.12.8_1,Henan,河南,Nanyang,南阳市,Dìjíshì,PrefectureCity,26592.964
CHN.12.9_1,Henan,河南,Pingdingshan,平顶山市,Dìjíshì,PrefectureCity,7886.647
CHN.12.10_1,Henan,河南,Puyang,濮阳市,Dìjíshì,PrefectureCity,4192.251
CHN.12.11_1,Henan,河南,Sanmenxia,三门峡市,Dìjíshì,PrefectureCity,9927.303
CHN.12.12_1,Henan,河南,Shangqiu,商丘市,Dìqu,Prefecture,10722.972
CHN.12.13_1,Henan,河南,Xinxiang,新乡市,Dìjíshì,PrefectureCity,8235.375
CHN.12.14_1,Henan,河南,Xinyang,信阳市,Dìjíshì,PrefectureCity,18913.027
CHN.12.15_1,Henan,河南,Xuchang,许昌市,Dìjíshì,PrefectureCity,5000.376
CHN.12.16_1,Henan,河南,Zhengzhou,郑州市,Dìjíshì,PrefectureCity,7525.161
CHN.12.17_1,Henan,河南,Zhoukou,周口市,Dìjíshì,PrefectureCity,12026.630
CHN.12.18_1,Henan,河南,Zhumadian,驻马店市,Dìjíshì,PrefectureCity,15122.755
HKG.1_1,HongKong,NA,CentralandWestern,NA,District,District,12.447
HKG.2_1,HongKong,NA,Eastern,NA,District,District,18.989
HKG.3_1,HongKong,NA,Islands,NA,District,District,179.461
HKG.4_1,HongKong,NA,KowloonCity,NA,District,District,10.661
HKG.5_1,HongKong,NA,KwaiTsing,NA,District,District,23.761
HKG.6_1,HongKong,NA,KwunTong,NA,District,District,11.764
HKG.7_1,HongKong,NA,North,NA,District,District,138.911
HKG.8_1,HongKong,NA,SaiKung,NA,District,District,143.300
HKG.9_1,HongKong,NA,ShaTin,NA,District,District,67.343
HKG.10_1,HongKong,NA,ShamShuiPo,NA,District,District,9.475
HKG.11_1,HongKong,NA,Southern,NA,District,District,42.581
HKG.12_1,HongKong,NA,TaiPo,NA,District,District,154.077
HKG.13_1,HongKong,NA,TsuenWan,NA,District,District,61.866
HKG.14_1,HongKong,NA,TuenMun,NA,District,District,90.489
HKG.15_1,HongKong,NA,WanChai,NA,District,District,9.783
HKG.16_1,HongKong,NA,WongTaiSin,NA,District,District,9.390
HKG.17_1,HongKong,NA,YauTsimMong,NA,District,District,7.770
HKG.18_1,HongKong,NA,YuenLong,NA,District,District,138.911
CHN.13.1_1,Hubei,湖北,EnshiTujiaandMiao,恩施土家族苗族自治州,Zìzhìzhou,AutonomousPrefecture,24218.071
CHN.13.2_1,Hubei,湖北,Ezhou,鄂州市,Dìjíshì,PrefectureCity,2025.944
CHN.13.3_1,Hubei,湖北,Huanggang,黄冈市,Dìjíshì,PrefectureCity,17119.366
CHN.13.4_1,Hubei,湖北,Huangshi,黄石市,Dìjíshì,PrefectureCity,4589.432
CHN.13.5_1,Hubei,湖北,Jingmen,荆门市,Dìjíshì,PrefectureCity,12366.644
CHN.13.6_1,Hubei,湖北,Jingzhou,荆州市,Dìjíshì,PrefectureCity,14104.690
CHN.13.7_1,Hubei,湖北,Qianjiang,潜江市,Dìjíshì,PrefectureCity,2025.513
CHN.13.8_1,Hubei,湖北,Shennongjia,神农架林区,Dìqu,Prefecture,3233.463
CHN.13.9_1,Hubei,湖北,Shiyan,十堰市,Dìjíshì,PrefectureCity,23638.211
CHN.13.10_1,Hubei,湖北,SuizhouShi,随州市,Dìjíshì,PrefectureCity,9609.088
CHN.13.11_1,Hubei,湖北,Tianmen,天门市,Dìjíshì,PrefectureCity,2644.074
CHN.13.12_1,Hubei,湖北,Wuhan,武汉市,Dìjíshì,PrefectureCity,8382.047
CHN.13.13_1,Hubei,湖北,Xiangfan,襄樊市,Dìjíshì,PrefectureCity,19747.113
CHN.13.14_1,Hubei,湖北,Xianning,咸宁市,Dìjíshì,PrefectureCity,9762.554
CHN.13.15_1,Hubei,湖北,Xiantao,仙桃市,Dìjíshì,PrefectureCity,2527.624
CHN.13.16_1,Hubei,湖北,Xiaogan,孝感市,Dìjíshì,PrefectureCity,8882.262
CHN.13.17_1,Hubei,湖北,Yichang,宜昌市,Dìjíshì,PrefectureCity,21301.245
CHN.14.1_1,Hunan,湖南,Changde,常德市|常德市,Dìjíshì,PrefectureCity,18283.328
CHN.14.2_1,Hunan,湖南,Changsha,长沙市|長沙市,Dìjíshì,PrefectureCity,11792.438
CHN.14.3_1,Hunan,湖南,Chenzhou,郴州市|郴州市,Dìjíshì,PrefectureCity,19435.541
CHN.14.4_1,Hunan,湖南,Hengyang,衡阳市|衡陽市,Dìjíshì,PrefectureCity,15392.780
CHN.14.5_1,Hunan,湖南,Huaihua,怀化市|懷化市,Dìjíshì,PrefectureCity,27629.828
CHN.14.6_1,Hunan,湖南,Loudi,娄底市|婁底市,Dìjíshì,PrefectureCity,8133.975
CHN.14.7_1,Hunan,湖南,Shaoyang,邵阳市|邵陽市,Dìjíshì,PrefectureCity,23092.658
CHN.14.8_1,Hunan,湖南,Xiangtan,湘潭市|湘潭市,Dìjíshì,PrefectureCity,5066.210
CHN.14.9_1,Hunan,湖南,XiangxiTujiaandMiao,湘西土家族苗族自治州|湘西土家族苗族自治州,Zìzhìzhou,AutonomousPrefecture,15518.480
CHN.14.10_1,Hunan,湖南,Yiyang,益阳市|益陽市,Dìjíshì,PrefectureCity,12200.438
CHN.14.11_1,Hunan,湖南,Yongzhou,永州市|永州市,Dìjíshì,PrefectureCity,20178.964
CHN.14.12_1,Hunan,湖南,Yueyang,岳阳市|岳陽市,Dìjíshì,PrefectureCity,14845.310
CHN.14.13_1,Hunan,湖南,Zhangjiajie,张家界市|張家界市,Dìjíshì,PrefectureCity,9572.782
CHN.14.14_1,Hunan,湖南,Zhuzhou,株洲市|株洲市,Dìjíshì,PrefectureCity,11310.860
CHN.15.1_1,Jiangsu,江蘇|江苏,Changzhou,常州市,Dìjíshì,PrefectureCity,4393.095
CHN.15.2_1,Jiangsu,江蘇|江苏,Huai'an,淮安市,Dìjíshì,PrefectureCity,9993.383
CHN.15.3_1,Jiangsu,江蘇|江苏,Lianyungang,连云港市,Dìjíshì,PrefectureCity,7403.745
CHN.15.4_1,Jiangsu,江蘇|江苏,Nanjing,南京市,Dìjíshì,PrefectureCity,6588.198
CHN.15.5_1,Jiangsu,江蘇|江苏,Nantong,南通市,Dìjíshì,PrefectureCity,8909.672
CHN.15.6_1,Jiangsu,江蘇|江苏,Suqian,宿迁市,Dìjíshì,PrefectureCity,8575.456
CHN.15.7_1,Jiangsu,江蘇|江苏,Suzhou,苏州市,Dìjíshì,PrefectureCity,8458.861
CHN.15.8_1,Jiangsu,江蘇|江苏,Taizhou,泰州市,Dìjíshì,PrefectureCity,5780.878
CHN.15.9_1,Jiangsu,江蘇|江苏,Wuxi,无锡市,Dìjíshì,PrefectureCity,4606.085
CHN.15.10_1,Jiangsu,江蘇|江苏,Xuzhou,徐州市,Dìjíshì,PrefectureCity,11229.972
CHN.15.11_1,Jiangsu,江蘇|江苏,Yancheng,盐城市,Dìjíshì,PrefectureCity,15378.447
CHN.15.12_1,Jiangsu,江蘇|江苏,Yangzhou,扬州市,Dìjíshì,PrefectureCity,6622.569
CHN.15.13_1,Jiangsu,江蘇|江苏,Zhenjiang,镇江市,Dìjíshì,PrefectureCity,3831.543
CHN.16.1_1,Jiangxi,江西,Fuzhou,抚州市,Dìjíshì,PrefectureCity,18844.885
CHN.16.2_1,Jiangxi,江西,Ganzhou,赣州市,Dìjíshì,PrefectureCity,39520.006
CHN.16.3_1,Jiangxi,江西,Ji'an,吉安市,Dìjíshì,PrefectureCity,25354.582
CHN.16.4_1,Jiangxi,江西,Jingdezhen,景德镇市,Dìjíshì,PrefectureCity,5265.861
CHN.16.5_1,Jiangxi,江西,Jiujiang,九江市,Dìjíshì,PrefectureCity,18834.063
CHN.16.6_1,Jiangxi,江西,Nanchang,南昌市,Dìjíshì,PrefectureCity,7414.259
CHN.16.7_1,Jiangxi,江西,Pingxiang,萍乡市,Dìjíshì,PrefectureCity,3800.482
CHN.16.8_1,Jiangxi,江西,Shangrao,上饶市,Dìjíshì,PrefectureCity,22809.167
CHN.16.9_1,Jiangxi,江西,Xinyu,新余市,Dìjíshì,PrefectureCity,3202.700
CHN.16.10_1,Jiangxi,江西,Yichun,宜春市,Dìjíshì,PrefectureCity,18718.852
CHN.16.11_1,Jiangxi,江西,Yingtan,鹰潭市,Dìjíshì,PrefectureCity,3536.659
CHN.17.1_1,Jilin,吉林,Baicheng,白城市,Dìjíshì,PrefectureCity,25557.279
CHN.17.2_1,Jilin,吉林,Baishan,白山市,Dìjíshì,PrefectureCity,17449.595
CHN.17.3_1,Jilin,吉林,Changchun,长春市,Dìjíshì,PrefectureCity,20457.605
CHN.17.4_1,Jilin,吉林,Jilin,吉林市,Dìjíshì,PrefectureCity,27502.969
CHN.17.5_1,Jilin,吉林,Liaoyuan,辽源市,Dìjíshì,PrefectureCity,5152.728
CHN.17.6_1,Jilin,吉林,Siping,四平市,Dìjíshì,PrefectureCity,14323.253
CHN.17.7_1,Jilin,吉林,Songyuan,松原市,Dìjíshì,PrefectureCity,21121.144
CHN.17.8_1,Jilin,吉林,Tonghua,通化市,Dìjíshì,PrefectureCity,15611.868
CHN.17.9_1,Jilin,吉林,YanbianKorean,延边朝鲜族自治州,Zìzhìzhou,AutonomousPrefecture,43454.556
CHN.18.1_1,Liaoning,遼寧|辽宁,Anshan,鞍山市,Dìjíshì,PrefectureCity,9220.072
CHN.18.2_1,Liaoning,遼寧|辽宁,Benxi,本溪市,Dìjíshì,PrefectureCity,8439.726
CHN.18.3_1,Liaoning,遼寧|辽宁,Chaoyang,朝阳市,Dìjíshì,PrefectureCity,19671.504
CHN.18.4_1,Liaoning,遼寧|辽宁,Dalian,大连市,Dìjíshì,PrefectureCity,12534.718
CHN.18.5_1,Liaoning,遼寧|辽宁,Dandong,丹东市,Dìjíshì,PrefectureCity,14780.067
CHN.18.6_1,Liaoning,遼寧|辽宁,Fushun,抚顺市,Dìjíshì,PrefectureCity,11218.418
CHN.18.7_1,Liaoning,遼寧|辽宁,Fuxin,阜新市,Dìjíshì,PrefectureCity,10283.471
CHN.18.8_1,Liaoning,遼寧|辽宁,Huludao,葫芦岛市,Dìjíshì,PrefectureCity,10290.232
CHN.18.9_1,Liaoning,遼寧|辽宁,Jinzhou,锦州市,Dìjíshì,PrefectureCity,9991.267
CHN.18.10_1,Liaoning,遼寧|辽宁,Liaoyang,辽阳市,Dìjíshì,PrefectureCity,4663.922
CHN.18.11_1,Liaoning,遼寧|辽宁,Panjin,盘锦市,Dìjíshì,PrefectureCity,3634.157
CHN.18.12_1,Liaoning,遼寧|辽宁,Shenyang,沈阳市,Dìjíshì,PrefectureCity,12883.016
CHN.18.13_1,Liaoning,遼寧|辽宁,Tieling,铁岭市,Dìjíshì,PrefectureCity,18096.912
MAC.1_1,Macau,NA,Ilhas,NA,Concelho|Distrito,District,22.396
MAC.2_1,Macau,NA,Macau,NA,Concelho|Distrito,District,11.234
CHN.19.1_1,NeiMongol,內蒙古自治區|内蒙古自治区,Alxa,阿拉善盟,Méng,League,243500.601
CHN.19.2_1,NeiMongol,內蒙古自治區|内蒙古自治区,Baotou,包头市,Dìjíshì,PrefectureCity,25433.686
CHN.19.3_1,NeiMongol,內蒙古自治區|内蒙古自治区,Baynnur,巴彦淖尔市,Dìjíshì,PrefectureCity,64620.209
CHN.19.4_1,NeiMongol,內蒙古自治區|内蒙古自治区,Chifeng,赤峰市,Dìjíshì,PrefectureCity,85103.965
CHN.19.5_1,NeiMongol,內蒙古自治區|内蒙古自治区,Hohhot,呼和浩特市,Dìjíshì,PrefectureCity,19462.007
CHN.19.6_1,NeiMongol,內蒙古自治區|内蒙古自治区,Hulunbuir,呼伦贝尔市,Dìjíshì,PrefectureCity,248966.247
CHN.19.7_1,NeiMongol,內蒙古自治區|内蒙古自治区,Ordos,鄂尔多斯市,Dìjíshì,PrefectureCity,86701.839
CHN.19.8_1,NeiMongol,內蒙古自治區|内蒙古自治区,Tongliao,通辽市,Dìjíshì,PrefectureCity,59144.551
CHN.19.9_1,NeiMongol,內蒙古自治區|内蒙古自治区,UlaanChab,乌兰察布市,Dìjíshì,PrefectureCity,54649.292
CHN.19.10_1,NeiMongol,內蒙古自治區|内蒙古自治区,Wuhai,乌海市,Dìjíshì,PrefectureCity,1539.372
CHN.19.11_1,NeiMongol,內蒙古自治區|内蒙古自治区,XilinGol,锡林郭勒盟,Méng,League,204274.706
CHN.19.12_1,NeiMongol,內蒙古自治區|内蒙古自治区,Xing'an,兴安盟,Méng,League,53387.129
CHN.20.1_1,NingxiaHui,寧夏回族自治區|宁夏回族自治区,Guyuan,固原市,Dìjíshì,PrefectureCity,11288.995
CHN.20.2_1,NingxiaHui,寧夏回族自治區|宁夏回族自治区,Shizuishan,石嘴山市,Dìjíshì,PrefectureCity,4398.781
CHN.20.3_1,NingxiaHui,寧夏回族自治區|宁夏回族自治区,Wuzhong,吴忠市,Dìjíshì,PrefectureCity,16523.440
CHN.20.4_1,NingxiaHui,寧夏回族自治區|宁夏回族自治区,Yinchuan,银川市,Dìjíshì,PrefectureCity,7214.720
CHN.20.5_1,NingxiaHui,寧夏回族自治區|宁夏回族自治区,Zhongwei,中卫市,Dìjíshì,PrefectureCity,12433.653
CHN.21.1_1,Qinghai,青海,GologTibetan,果洛藏族自治州,Zìzhìzhou,AutonomousPrefecture,76841.852
CHN.21.2_1,Qinghai,青海,GyêguTibetan,玉树藏族自治州,Zìzhìzhou,AutonomousPrefecture,245303.731
CHN.21.3_1,Qinghai,青海,HaibeiTibetan,海北藏族自治州,Zìzhìzhou,AutonomousPrefecture,31049.409
CHN.21.4_1,Qinghai,青海,Haidong,海东地区,Dìqu,Prefecture,13034.606
CHN.21.5_1,Qinghai,青海,HainanTibetan,海南藏族自治州,Zìzhìzhou,AutonomousPrefecture,45428.759
CHN.21.6_1,Qinghai,青海,HaixiMongolandTibetan,海西蒙古族藏族自治州,Zìzhìzhou,AutonomousPrefecture,279957.968
CHN.21.7_1,Qinghai,青海,HuangnanTibetan,黄南藏族自治州,Zìzhìzhou,AutonomousPrefecture,17784.550
CHN.21.8_1,Qinghai,青海,Xining,西宁市,Dìjíshì,PrefectureCity,7176.093
CHN.22.1_1,Shaanxi,陝西|陕西,Ankang,安康市,Dìjíshì,PrefectureCity,23396.472
CHN.22.2_1,Shaanxi,陝西|陕西,Baoji,宝鸡市,Dìjíshì,PrefectureCity,18144.046
CHN.22.3_1,Shaanxi,陝西|陕西,Hanzhong,汉中市,Dìjíshì,PrefectureCity,27171.089
CHN.22.4_1,Shaanxi,陝西|陕西,Shangluo,商洛市,Dìjíshì,PrefectureCity,19618.967
CHN.22.5_1,Shaanxi,陝西|陕西,Tongchuan,铜川市,Dìjíshì,PrefectureCity,2315.405
CHN.22.6_1,Shaanxi,陝西|陕西,Weinan,渭南市,Dìjíshì,PrefectureCity,13151.081
CHN.22.7_1,Shaanxi,陝西|陕西,Xi'an,西安市,Dìjíshì,PrefectureCity,10194.044
CHN.22.8_1,Shaanxi,陝西|陕西,Xianyang,咸阳市,Dìjíshì,PrefectureCity,11862.983
CHN.22.9_1,Shaanxi,陝西|陕西,Yan'an,延安市,Dìjíshì,PrefectureCity,36863.297
CHN.22.10_1,Shaanxi,陝西|陕西,Yulin,榆林市,Dìjíshì,PrefectureCity,43213.915
CHN.23.1_1,Shandong,山東|山东,Binzhou,滨州,Dìqu,Prefecture,8640.536
CHN.23.2_1,Shandong,山東|山东,Dezhou,德州市,Dìjíshì,PrefectureCity,10285.247
CHN.23.3_1,Shandong,山東|山东,Dongying,东营市,Dìjíshì,PrefectureCity,7426.053
CHN.23.4_1,Shandong,山東|山东,Heze,菏泽市,Dìjíshì,PrefectureCity,12140.987
CHN.23.5_1,Shandong,山東|山东,Jinan,济南市,Dìjíshì,PrefectureCity,8130.954
CHN.23.6_1,Shandong,山東|山东,Jining,济宁市,Dìjíshì,PrefectureCity,9535.789
CHN.23.7_1,Shandong,山東|山东,Laiwu,莱芜市,Dìjíshì,PrefectureCity,2098.461
CHN.23.8_1,Shandong,山東|山东,Liaocheng,聊城市,Dìjíshì,PrefectureCity,8615.325
CHN.23.9_1,Shandong,山東|山东,Linyi,临沂市,Dìjíshì,PrefectureCity,17151.769
CHN.23.10_1,Shandong,山東|山东,Qingdao,青岛市,Dìjíshì,PrefectureCity,10985.192
CHN.23.11_1,Shandong,山東|山东,Rizhao,日照市,Dìjíshì,PrefectureCity,5278.588
CHN.23.12_1,Shandong,山東|山东,Tai'an,泰安市,Dìjíshì,PrefectureCity,7659.343
CHN.23.13_1,Shandong,山東|山东,Weifang,潍坊市,Dìjíshì,PrefectureCity,15718.947
CHN.23.14_1,Shandong,山東|山东,Weihai,威海市,Dìjíshì,PrefectureCity,5584.833
CHN.23.15_1,Shandong,山東|山东,Yantai,烟台市,Dìjíshì,PrefectureCity,13603.597
CHN.23.16_1,Shandong,山東|山东,Zaozhuang,枣庄市,Dìjíshì,PrefectureCity,6181.350
CHN.23.17_1,Shandong,山東|山东,Zibo,淄博市,Dìjíshì,PrefectureCity,6474.820
CHN.24.1_1,Shanghai,上海|上海,Shanghai,上海|上海,Zhíxiáshì,Municipality,6886.779
CHN.25.1_1,Shanxi,山西,Changzhi,长治市,Dìjíshì,PrefectureCity,13974.532
CHN.25.2_1,Shanxi,山西,Datong,大同市,Dìjíshì,PrefectureCity,13962.752
CHN.25.3_1,Shanxi,山西,Jincheng,晋城市,Dìjíshì,PrefectureCity,9414.644
CHN.25.4_1,Shanxi,山西,Jinzhong,晋中市,Dìjíshì,PrefectureCity,16381.079
CHN.25.5_1,Shanxi,山西,Linfen,临汾市,Dìjíshì,PrefectureCity,20035.490
CHN.25.6_1,Shanxi,山西,Luliang,吕梁市,Dìjíshì,PrefectureCity,21006.587
CHN.25.7_1,Shanxi,山西,Shuozhou,朔州市,Dìjíshì,PrefectureCity,10688.302
CHN.25.8_1,Shanxi,山西,Taiyuan,太原市,Dìjíshì,PrefectureCity,6968.395
CHN.25.9_1,Shanxi,山西,Xinzhou,忻州市,Dìjíshì,PrefectureCity,25110.465
CHN.25.10_1,Shanxi,山西,Yangquan,阳泉市,Dìjíshì,PrefectureCity,4569.998
CHN.25.11_1,Shanxi,山西,Yuncheng,运城县,Dìjíshì,PrefectureCity,14252.229
CHN.26.1_1,Sichuan,四川,Bazhong,巴中市,Dìjíshì,PrefectureCity,12312.665
CHN.26.2_1,Sichuan,四川,Chengdu,成都市,Dìjíshì,PrefectureCity,10874.266
CHN.26.3_1,Sichuan,四川,Dazhou,达州市,Dìjíshì,PrefectureCity,16557.449
CHN.26.4_1,Sichuan,四川,Deyang,德阳市,Dìjíshì,PrefectureCity,5971.824
CHN.26.5_1,Sichuan,四川,GarzêTibetan,甘孜藏族自治州,Zìzhìzhou,AutonomousPrefecture,147980.125
CHN.26.6_1,Sichuan,四川,Guang'an,广安市,Dìjíshì,PrefectureCity,6356.125
CHN.26.7_1,Sichuan,四川,Guangyuan,广元市,Dìjíshì,PrefectureCity,16226.427
CHN.26.8_1,Sichuan,四川,Leshan,乐山市,Dìjíshì,PrefectureCity,12022.207
CHN.26.9_1,Sichuan,四川,LiangshanYi,凉山彝族自治州,Zìzhìzhou,AutonomousPrefecture,60070.852
CHN.26.10_1,Sichuan,四川,Luzhou,泸州市,Dìjíshì,PrefectureCity,12240.993
CHN.26.11_1,Sichuan,四川,Meishan,眉山市,Dìjíshì,PrefectureCity,8102.161
CHN.26.12_1,Sichuan,四川,Mianyang,绵阳市,Dìjíshì,PrefectureCity,20214.990
CHN.26.13_1,Sichuan,四川,Nanchong,南充市,Dìjíshì,PrefectureCity,12590.053
CHN.26.15_1,Sichuan,四川,Neijiang,内江市,Dìjíshì,PrefectureCity,2862.620
CHN.26.14_1,Sichuan,四川,Neijiang]],内江市,Dìjíshì,PrefectureCity,2530.794
CHN.26.16_1,Sichuan,四川,NgawaTibetanandQiang,阿坝藏族羌族自治州,Zìzhìzhou,AutonomousPrefecture,83967.503
CHN.26.17_1,Sichuan,四川,Panzhihua,攀枝花市,Dìjíshì,PrefectureCity,7439.394
CHN.26.18_1,Sichuan,四川,Suining,遂宁市,Dìjíshì,PrefectureCity,5333.870
CHN.26.19_1,Sichuan,四川,Ya'an,雅安市,Dìjíshì,PrefectureCity,15050.200
CHN.26.20_1,Sichuan,四川,Yibin,宜宾市,Dìjíshì,PrefectureCity,13290.018
CHN.26.21_1,Sichuan,四川,Zigong,自贡市,Dìjíshì,PrefectureCity,4378.597
CHN.26.22_1,Sichuan,四川,Ziyang,资阳市,Dìjíshì,PrefectureCity,7948.358
CHN.27.1_1,Tianjin,天津|天津,Tianjin,天津|天津,Zhíxiáshì,Municipality,11674.276
CHN.28.1_1,XinjiangUygur,新疆維吾爾自治區|新疆维吾尔自治区,Aksu,阿克苏地区,Dìqu,Prefecture,129656.288
CHN.28.2_1,XinjiangUygur,新疆維吾爾自治區|新疆维吾尔自治区,Altay,阿勒泰地区,Dìqu,Prefecture,115322.474
CHN.28.3_1,XinjiangUygur,新疆維吾爾自治區|新疆维吾尔自治区,Bayin'gholinMongol,巴音郭愣蒙古自治州,Zìzhìzhou,AutonomousPrefecture,474688.063
CHN.28.4_1,XinjiangUygur,新疆維吾爾自治區|新疆维吾尔自治区,BörtalaMongol,博尔塔拉蒙古自治州,Zìzhìzhou,AutonomousPrefecture,24588.983
CHN.28.5_1,XinjiangUygur,新疆維吾爾自治區|新疆维吾尔自治区,ChangjiHui,昌吉回族自治州,Zìzhìzhou,AutonomousPrefecture,77865.335
CHN.28.6_1,XinjiangUygur,新疆維吾爾自治區|新疆维吾尔自治区,Hami,哈密地区,Dìqu,Prefecture,136203.751
CHN.28.7_1,XinjiangUygur,新疆維吾爾自治區|新疆维吾尔自治区,IliKazakh,伊犁哈萨克自治州,Zìzhìzhou,AutonomousPrefecture,56167.301
CHN.28.8_1,XinjiangUygur,新疆維吾爾自治區|新疆维吾尔自治区,Karamay,克拉玛依市,Dìjíshì,PrefectureCity,7775.894
CHN.28.9_1,XinjiangUygur,新疆維吾爾自治區|新疆维吾尔自治区,Kashgar,喀什地区,Dìqu,Prefecture,109494.425
Z02.28.9_1,XinjiangUygur,新疆維吾爾自治區|新疆维吾尔自治区,Kashgar,喀什地区,Dìqu,Prefecture,4579.686
CHN.28.10_1,XinjiangUygur,新疆維吾爾自治區|新疆维吾尔自治区,Khotan,和田地区,Dìqu,Prefecture,225620.678
Z03.28.10_1,XinjiangUygur,新疆維吾爾自治區|新疆维吾尔自治区,Khotan,和田地区,Dìqu,Prefecture,26490.651
CHN.28.11_1,XinjiangUygur,新疆維吾爾自治區|新疆维吾尔自治区,KizilsuKirghiz,克孜勒苏柯尔克孜自治州,Zìzhìzhou,AutonomousPrefecture,68354.710
CHN.28.12_1,XinjiangUygur,新疆維吾爾自治區|新疆维吾尔自治区,Shihezi,石河子市,Dìjíshì,PrefectureCity,489.422
CHN.28.13_1,XinjiangUygur,新疆維吾爾自治區|新疆维吾尔自治区,Tacheng,塔城地区,Dìqu,Prefecture,95333.637
CHN.28.14_1,XinjiangUygur,新疆維吾爾自治區|新疆维吾尔自治区,Turfan,吐鲁番地区,Dìqu,Prefecture,68784.834
CHN.28.15_1,XinjiangUygur,新疆維吾爾自治區|新疆维吾尔自治区,Ürümqi,乌鲁木齐市,Dìjíshì,PrefectureCity,10218.519
CHN.29.1_1,Xizang,西藏自治區|西藏自治区,Chamdo,昌都地区,Dìqu,Prefecture,106192.275
CHN.29.2_1,Xizang,西藏自治區|西藏自治区,Lhasa,拉萨市,Dìjíshì,PrefectureCity,29597.956
CHN.29.3_1,Xizang,西藏自治區|西藏自治区,Nagchu,那曲地区,Dìqu,Prefecture,394716.162
CHN.29.4_1,Xizang,西藏自治區|西藏自治区,Ngari,阿里地区,Dìqu,Prefecture,291215.105
Z03.29.4_1,Xizang,西藏自治區|西藏自治区,Ngari,阿里地区,Dìqu,Prefecture,4458.829
Z08.29.4_1,Xizang,西藏自治區|西藏自治区,Ngari,阿里地区,Dìqu,Prefecture,1419.033
CHN.29.5_1,Xizang,西藏自治區|西藏自治区,Nyingtri,林芝地区,Dìqu,Prefecture,80840.459
CHN.29.6_1,Xizang,西藏自治區|西藏自治区,Shannan,山南地区,Dìqu,Prefecture,47398.344
CHN.29.7_1,Xizang,西藏自治區|西藏自治区,Shigatse,日喀则地区,Dìqu,Prefecture,181095.934
CHN.30.1_1,Yunnan,雲南|云南,Baoshan,保山市,Dìjíshì,PrefectureCity,19115.384
CHN.30.2_1,Yunnan,雲南|云南,ChuxiongYi,楚雄彝族自治州,Zìzhìzhou,AutonomousPrefecture,28519.155
CHN.30.3_1,Yunnan,雲南|云南,DaliBai,大理白族自治州,Zìzhìzhou,AutonomousPrefecture,28415.969
CHN.30.4_1,Yunnan,雲南|云南,DehongDaiandJingpo,德宏傣族景颇族自治州,Zìzhìzhou,AutonomousPrefecture,11153.518
CHN.30.5_1,Yunnan,雲南|云南,DêqênTibetan,迪庆藏族自治州,Zìzhìzhou,AutonomousPrefecture,23183.360
CHN.30.6_1,Yunnan,雲南|云南,HongheHaniandYi,红河哈尼族彝族自治州,Zìzhìzhou,AutonomousPrefecture,32277.138
CHN.30.7_1,Yunnan,雲南|云南,Kunming,昆明市,Dìjíshì,PrefectureCity,21067.763
CHN.30.8_1,Yunnan,雲南|云南,Lijiang,丽江市,Dìjíshì,PrefectureCity,20575.125
CHN.30.9_1,Yunnan,雲南|云南,Lincang,临沧市,Dìjíshì,PrefectureCity,23599.902
CHN.30.10_1,Yunnan,雲南|云南,NujiangLisu,怒江傈僳族自治州,Zìzhìzhou,AutonomousPrefecture,14550.754
CHN.30.11_1,Yunnan,雲南|云南,Pu'er,普洱市,Dìjíshì,PrefectureCity,44212.379
CHN.30.12_1,Yunnan,雲南|云南,Qujing,曲靖市,Dìjíshì,PrefectureCity,28907.177
CHN.30.13_1,Yunnan,雲南|云南,WenshanZhuangandMiao,文山壮族苗族自治州,Zìzhìzhou,AutonomousPrefecture,31602.134
CHN.30.14_1,Yunnan,雲南|云南,XishuangbannaDai,西双版纳傣族自治州,Zìzhìzhou,AutonomousPrefecture,19275.823
CHN.30.15_1,Yunnan,雲南|云南,Yuxi,玉溪市,Dìjíshì,PrefectureCity,15024.937
CHN.30.16_1,Yunnan,雲南|云南,Zhaotong,昭通市,Dìjíshì,PrefectureCity,22534.566
CHN.31.1_1,Zhejiang,浙江,Hangzhou,杭州市,Dìjíshì,PrefectureCity,17088.894
CHN.31.2_1,Zhejiang,浙江,Huzhou,湖州市,Dìjíshì,PrefectureCity,5810.064
CHN.31.3_1,Zhejiang,浙江,Jiaxing,嘉兴市,Dìjíshì,PrefectureCity,3983.318
CHN.31.4_1,Zhejiang,浙江,Jinhua,金华市,Dìjíshì,PrefectureCity,10934.315
CHN.31.5_1,Zhejiang,浙江,Lishui,丽水市,Dìjíshì,PrefectureCity,17218.758
CHN.31.6_1,Zhejiang,浙江,Ningbo,宁波市,Dìjíshì,PrefectureCity,8942.193
CHN.31.7_1,Zhejiang,浙江,Quzhou,衢州市,Dìjíshì,PrefectureCity,8867.593
CHN.31.8_1,Zhejiang,浙江,Shaoxing,绍兴市,Dìjíshì,PrefectureCity,7967.504
CHN.31.9_1,Zhejiang,浙江,Taizhou,台州市,Dìjíshì,PrefectureCity,9482.294
CHN.31.10_1,Zhejiang,浙江,Wenzhou,温州市,Dìjíshì,PrefectureCity,11424.895
CHN.31.11_1,Zhejiang,浙江,Zhoushan,舟山市,Dìjíshì,PrefectureCity,1229.225
