GID_2,province_name,province_name_chn,prefecture_name,prefecture_name_chn,prefecture_type,area_sqkm_approx,matched_cbdb_places,elite_persons,jinshi_persons,juren_persons,ming_persons,qing_persons,elite_per_1000_sqkm,jinshi_per_1000_sqkm,juren_per_1000_sqkm
CHN.31.1_1,Zhejiang,浙江,Hangzhou,杭州市,PrefectureCity,17088.894,38,2716,1618,1500,617,2099,158.933633,94.681376,87.776307
CHN.15.7_1,Jiangsu,江蘇|江苏,Suzhou,苏州市,PrefectureCity,8458.861,26,2659,1924,1424,1127,1532,314.344922,227.453791,168.344178
CHN.4.1_1,Fujian,福建,Fuzhou,福州市,PrefectureCity,11661.824,24,2548,1496,1464,681,1867,218.490692,128.281819,125.537823
CHN.2.1_1,Beijing,北京|北京,Beijing,北京|北京,Municipality,16375.931,35,2232,1291,1165,247,1985,136.297594,78.835212,71.140993
CHN.31.3_1,Zhejiang,浙江,Jiaxing,嘉兴市,PrefectureCity,3983.318,20,1840,1250,972,665,1175,461.926464,313.808739,244.017676
CHN.31.6_1,Zhejiang,浙江,Ningbo,宁波市,PrefectureCity,8942.193,21,1760,1339,1025,1032,728,196.819729,149.739555,114.625126
CHN.16.3_1,Jiangxi,江西,Ji'an,吉安市,PrefectureCity,25354.582,26,1543,1246,833,1102,441,60.856850,49.142991,32.854022
CHN.16.6_1,Jiangxi,江西,Nanchang,南昌市,PrefectureCity,7414.259,11,1533,858,941,635,898,206.763751,115.722960,126.917606
CHN.6.4_1,Guangdong,廣東|广东,Guangzhou,广州市,PrefectureCity,7156.715,13,1524,611,1093,273,1251,212.946862,85.374365,152.723701
CHN.31.8_1,Zhejiang,浙江,Shaoxing,绍兴市,PrefectureCity,7967.504,15,1498,804,986,557,941,188.013712,100.909896,123.752683
CHN.10.1_1,Hebei,河北,Baoding,保定市,PrefectureCity,22264.861,64,1405,1092,664,513,892,63.103920,49.045893,29.822778
CHN.15.1_1,Jiangsu,江蘇|江苏,Changzhou,常州市,PrefectureCity,4393.095,10,1380,867,722,423,957,314.129333,197.355168,164.348825
CHN.16.1_1,Jiangxi,江西,Fuzhou,抚州市,PrefectureCity,18844.885,25,1253,857,620,462,791,66.490191,45.476531,32.900174
CHN.12.5_1,Henan,河南,Kaifeng,开封市,PrefectureCity,6255.207,22,1226,648,745,271,955,195.996711,103.593694,119.100775
CHN.16.10_1,Jiangxi,江西,Yichun,宜春市,PrefectureCity,18718.852,23,1208,750,694,569,639,64.533872,40.066560,37.074923
CHN.7.6_1,Guangxi,廣西壯族自治區|广西壮族自治区,Guilin,桂林市,PrefectureCity,27617.031,30,1193,431,848,116,1077,43.197982,15.606312,30.705690
CHN.22.6_1,Shaanxi,陝西|陕西,Weinan,渭南市,PrefectureCity,13151.081,26,1135,625,654,243,892,86.304692,47.524610,49.729752
CHN.24.1_1,Shanghai,上海|上海,Shanghai,上海|上海,Municipality,6886.779,17,1070,813,557,529,541,155.370167,118.052285,80.879610
CHN.23.15_1,Shandong,山東|山东,Yantai,烟台市,PrefectureCity,13603.597,23,1050,557,589,185,865,77.185468,40.945053,43.297372
CHN.16.8_1,Jiangxi,江西,Shangrao,上饶市,PrefectureCity,22809.167,25,1046,653,635,519,527,45.858755,28.628840,27.839684
CHN.23.13_1,Shandong,山東|山东,Weifang,潍坊市,PrefectureCity,15718.947,22,1022,712,472,268,754,65.017078,45.295655,30.027457
CHN.3.1_1,Chongqing,重慶|重庆,Chongqing,重慶|重庆,Municipality,82683.170,59,1021,580,665,351,670,12.348341,7.014729,8.042749
CHN.4.6_1,Fujian,福建,Quanzhou,泉州市,PrefectureCity,10963.738,17,1010,824,441,563,447,92.121866,75.156849,40.223508
CHN.31.2_1,Zhejiang,浙江,Huzhou,湖州市,PrefectureCity,5810.064,17,988,700,449,293,695,170.049762,120.480601,77.279700
CHN.1.11_1,Anhui,安徽|安徽,Huangshan,黄山市,PrefectureCity,9746.783,13,965,552,603,433,532,99.007026,56.634071,61.866567
CHN.15.9_1,Jiangsu,江蘇|江苏,Wuxi,无锡市,PrefectureCity,4606.085,8,956,798,388,426,530,207.551532,173.249082,84.236396
CHN.23.5_1,Shandong,山東|山东,Jinan,济南市,PrefectureCity,8130.954,18,944,541,519,171,773,116.099538,66.535858,63.830148
CHN.14.2_1,Hunan,湖南,Changsha,长沙市|長沙市,PrefectureCity,11792.438,12,941,293,693,30,911,79.796900,24.846431,58.766474
CHN.10.2_1,Hebei,河北,Cangzhou,沧州市,PrefectureCity,14186.405,31,932,534,554,206,726,65.696700,37.641672,39.051472
CHN.27.1_1,Tianjin,天津|天津,Tianjin,天津|天津,Municipality,11674.276,15,891,343,600,56,835,76.321649,29.380837,51.395050
CHN.26.2_1,Sichuan,四川,Chengdu,成都市,PrefectureCity,10874.266,40,861,302,632,125,736,79.177758,27.771989,58.118865
CHN.13.12_1,Hubei,湖北,Wuhan,武汉市,PrefectureCity,8382.047,11,859,464,464,124,735,102.480933,55.356406,55.356406
CHN.25.11_1,Shanxi,山西,Yuncheng,运城县,PrefectureCity,14252.229,37,856,554,426,239,617,60.060781,38.871113,29.890061
CHN.30.3_1,Yunnan,雲南|云南,DaliBai,大理白族自治州,AutonomousPrefecture,28415.969,22,836,209,663,47,789,29.420077,7.355019,23.331951
CHN.1.1_1,Anhui,安徽|安徽,Anqing,安庆市,PrefectureCity,15412.616,16,805,507,398,162,643,52.229939,32.895130,25.823001
CHN.12.14_1,Henan,河南,Xinyang,信阳市,PrefectureCity,18913.027,18,804,530,414,278,526,42.510382,28.023013,21.889674
CHN.13.2_1,Hubei,湖北,Ezhou,鄂州市,PrefectureCity,2025.944,7,746,275,520,113,633,368.223406,135.739191,256.670471
CHN.1.17_1,Anhui,安徽|安徽,Xuancheng,宣城市,PrefectureCity,12303.450,20,692,367,436,215,477,56.244387,29.829032,35.437215
CHN.4.5_1,Fujian,福建,Putian,莆田市,PrefectureCity,3910.725,7,684,610,405,605,79,174.903630,155.981308,103.561360
CHN.15.4_1,Jiangsu,江蘇|江苏,Nanjing,南京市,PrefectureCity,6588.198,19,669,447,348,200,469,101.545218,67.848598,52.821728
CHN.15.12_1,Jiangsu,江蘇|江苏,Yangzhou,扬州市,PrefectureCity,6622.569,15,665,442,347,152,513,100.414205,66.741471,52.396585
CHN.8.3_1,Guizhou,貴州|贵州,Guiyang,贵阳市,PrefectureCity,8057.853,11,654,279,401,9,645,81.163059,34.624608,49.765117
CHN.13.3_1,Hubei,湖北,Huanggang,黄冈市,PrefectureCity,17119.366,19,630,473,282,259,371,36.800428,27.629528,16.472573
CHN.31.7_1,Zhejiang,浙江,Quzhou,衢州市,PrefectureCity,8867.593,11,597,180,488,143,454,67.323794,20.298631,55.031845
CHN.23.6_1,Shandong,山東|山东,Jining,济宁市,PrefectureCity,9535.789,22,587,346,328,144,443,61.557570,36.284360,34.396734
CHN.25.5_1,Shanxi,山西,Linfen,临汾市,PrefectureCity,20035.490,36,575,404,272,178,397,28.699073,20.164219,13.575910
CHN.22.8_1,Shaanxi,陝西|陕西,Xianyang,咸阳市,PrefectureCity,11862.983,26,558,383,296,235,323,47.037073,32.285303,24.951566
CHN.16.5_1,Jiangxi,江西,Jiujiang,九江市,PrefectureCity,18834.063,24,555,296,325,180,375,29.467885,15.716205,17.255969
CHN.25.8_1,Shanxi,山西,Taiyuan,太原市,PrefectureCity,6968.395,14,553,223,396,87,466,79.358303,32.001630,56.828007
CHN.10.4_1,Hebei,河北,Handan,邯郸市,PrefectureCity,12059.986,34,538,390,284,235,303,44.610334,32.338346,23.548949
CHN.22.7_1,Shaanxi,陝西|陕西,Xi'an,西安市,PrefectureCity,10194.044,22,536,440,226,197,339,52.579722,43.162458,22.169808
CHN.10.6_1,Hebei,河北,Langfang,廊坊市,PrefectureCity,6392.126,18,525,249,356,119,406,82.132298,38.954176,55.693520
CHN.25.6_1,Shanxi,山西,Luliang,吕梁市,PrefectureCity,21006.587,22,516,296,287,119,397,24.563724,14.090818,13.662381
CHN.4.9_1,Fujian,福建,Zhangzhou,漳州市,PrefectureCity,12569.238,17,513,418,241,326,187,40.813930,33.255795,19.173796
CHN.15.13_1,Jiangsu,江蘇|江苏,Zhenjiang,镇江市,PrefectureCity,3831.543,9,510,342,259,167,343,133.105644,89.259079,67.596788
CHN.23.8_1,Shandong,山東|山东,Liaocheng,聊城市,PrefectureCity,8615.325,34,499,355,279,217,282,57.920044,41.205642,32.384153
CHN.25.9_1,Shanxi,山西,Xinzhou,忻州市,PrefectureCity,25110.465,33,493,245,305,97,396,19.633249,9.756888,12.146330
CHN.31.4_1,Zhejiang,浙江,Jinhua,金华市,PrefectureCity,10934.315,22,485,375,243,291,194,44.355774,34.295701,22.223614
CHN.12.13_1,Henan,河南,Xinxiang,新乡市,PrefectureCity,8235.375,22,464,315,249,168,296,56.342304,38.249624,30.235417
CHN.30.7_1,Yunnan,雲南|云南,Kunming,昆明市,PrefectureCity,21067.763,19,437,314,148,24,413,20.742591,14.904288,7.024951
CHN.25.4_1,Shanxi,山西,Jinzhong,晋中市,PrefectureCity,16381.079,25,429,306,185,119,310,26.188751,18.680088,11.293517
CHN.4.3_1,Fujian,福建,Nanping,南平市,PrefectureCity,26377.430,26,426,249,259,191,235,16.150171,9.439889,9.819001
CHN.12.12_1,Henan,河南,Shangqiu,商丘市,Prefecture,10722.972,21,420,350,133,141,279,39.168246,32.640205,12.403278
CHN.10.5_1,Hebei,河北,Hengshui,衡水市,PrefectureCity,8829.742,25,416,261,237,121,295,47.113494,29.559188,26.841101
CHN.16.2_1,Jiangxi,江西,Ganzhou,赣州市,PrefectureCity,39520.006,32,414,226,227,90,324,10.475707,5.718623,5.743926
CHN.13.6_1,Hubei,湖北,Jingzhou,荆州市,PrefectureCity,14104.690,14,407,276,221,184,223,28.855650,19.567959,15.668547
CHN.13.16_1,Hubei,湖北,Xiaogan,孝感市,PrefectureCity,8882.262,11,406,229,218,89,317,45.709077,25.781721,24.543298
CHN.12.3_1,Henan,河南,Jiaozuo,焦作市,PrefectureCity,4203.316,12,394,187,233,42,352,93.735517,44.488685,55.432425
CHN.6.3_1,Guangdong,廣東|广东,Foshan,佛山市,PrefectureCity,3892.144,6,392,278,186,115,277,100.715698,71.425929,47.788571
CHN.23.2_1,Shandong,山東|山东,Dezhou,德州市,PrefectureCity,10285.247,26,392,324,202,193,199,38.112843,31.501431,19.639781
CHN.10.9_1,Hebei,河北,Tangshan,唐山市,PrefectureCity,13304.901,15,383,222,216,74,309,28.786385,16.685581,16.234619
CHN.25.3_1,Shanxi,山西,Jincheng,晋城市,PrefectureCity,9414.644,15,369,279,176,151,218,39.194259,29.634684,18.694281
CHN.26.13_1,Sichuan,四川,Nanchong,南充市,PrefectureCity,12590.053,18,358,203,234,137,221,28.435146,16.123840,18.586101
CHN.23.4_1,Shandong,山東|山东,Heze,菏泽市,PrefectureCity,12140.987,19,355,229,196,156,199,29.239797,18.861728,16.143663
CHN.10.8_1,Hebei,河北,Shijiazhuang,石家庄市,PrefectureCity,14053.035,38,352,248,187,150,202,25.047970,17.647433,13.306734
CHN.31.9_1,Zhejiang,浙江,Taizhou,台州市,PrefectureCity,9482.294,15,349,286,212,265,84,36.805440,30.161478,22.357459
CHN.31.10_1,Zhejiang,浙江,Wenzhou,温州市,PrefectureCity,11424.895,12,345,181,234,146,199,30.197214,15.842596,20.481589
CHN.23.1_1,Shandong,山東|山东,Binzhou,滨州,Prefecture,8640.536,19,342,290,134,130,212,39.580878,33.562733,15.508297
CHN.12.7_1,Henan,河南,Luoyang,洛阳市,PrefectureCity,15043.311,18,333,280,146,165,168,22.136084,18.612924,9.705310
CHN.14.12_1,Hunan,湖南,Yueyang,岳阳市|岳陽市,PrefectureCity,14845.310,12,321,167,208,90,231,21.622991,11.249344,14.011159
CHN.4.2_1,Fujian,福建,Longyan,龙岩市,PrefectureCity,19159.368,17,319,134,206,49,270,16.649819,6.993968,10.751920
CHN.12.17_1,Henan,河南,Zhoukou,周口市,PrefectureCity,12026.630,19,316,202,166,104,212,26.275025,16.796060,13.802703
CHN.25.7_1,Shanxi,山西,Shuozhou,朔州市,PrefectureCity,10688.302,14,313,244,103,95,218,29.284352,22.828696,9.636704
CHN.6.19_1,Guangdong,廣東|广东,Zhaoqing,肇庆市,PrefectureCity,14896.605,14,310,76,253,43,267,20.810111,5.101834,16.983736
CHN.12.8_1,Henan,河南,Nanyang,南阳市,PrefectureCity,26592.964,22,308,151,209,126,182,11.582011,5.678194,7.859222
CHN.10.10_1,Hebei,河北,Xingtai,邢台市,PrefectureCity,12468.215,36,301,245,132,123,178,24.141387,19.649966,10.586920
CHN.15.2_1,Jiangsu,江蘇|江苏,Huai'an,淮安市,PrefectureCity,9993.383,16,301,227,139,114,187,30.119930,22.715031,13.909204
CHN.30.2_1,Yunnan,雲南|云南,ChuxiongYi,楚雄彝族自治州,AutonomousPrefecture,28519.155,15,299,83,226,16,283,10.484182,2.910325,7.924498
CHN.23.17_1,Shandong,山東|山东,Zibo,淄博市,PrefectureCity,6474.820,14,293,228,116,85,208,45.252223,35.213334,17.915556
CHN.1.6_1,Anhui,安徽|安徽,Chuzhou,滁州市,PrefectureCity,13572.789,19,292,180,177,105,187,21.513633,13.261829,13.040798
CHN.25.10_1,Shanxi,山西,Yangquan,阳泉市,PrefectureCity,4569.998,6,290,129,174,21,269,63.457358,28.227583,38.074415
CHN.15.8_1,Jiangsu,江蘇|江苏,Taizhou,泰州市,PrefectureCity,5780.878,9,289,211,146,96,193,49.992406,36.499646,25.255679
CHN.26.20_1,Sichuan,四川,Yibin,宜宾市,PrefectureCity,13290.018,20,288,133,205,83,205,21.670400,10.007511,15.425111
CHN.12.1_1,Henan,河南,Anyang,安阳市,PrefectureCity,7277.618,13,287,162,182,93,194,39.435980,22.260031,25.008183
CHN.14.4_1,Hunan,湖南,Hengyang,衡阳市|衡陽市,PrefectureCity,15392.780,11,286,112,201,37,249,18.580140,7.276139,13.058070
CHN.6.10_1,Guangdong,廣東|广东,Meizhou,梅州市,PrefectureCity,15849.869,13,281,98,195,17,264,17.728853,6.183016,12.302941
CHN.25.1_1,Shanxi,山西,Changzhi,长治市,PrefectureCity,13974.532,27,280,204,153,120,160,20.036449,14.597984,10.948488
CHN.13.14_1,Hubei,湖北,Xianning,咸宁市,PrefectureCity,9762.554,12,279,203,135,123,156,28.578587,20.793739,13.828349
CHN.26.12_1,Sichuan,四川,Mianyang,绵阳市,PrefectureCity,20214.990,19,268,82,217,57,211,13.257489,4.056396,10.734608
CHN.30.6_1,Yunnan,雲南|云南,HongheHaniandYi,红河哈尼族彝族自治州,AutonomousPrefecture,32277.138,11,254,136,124,14,240,7.869347,4.213509,3.841728
CHN.14.1_1,Hunan,湖南,Changde,常德市|常德市,PrefectureCity,18283.328,16,245,126,154,72,173,13.400186,6.891524,8.422974
CHN.30.15_1,Yunnan,雲南|云南,Yuxi,玉溪市,PrefectureCity,15024.937,13,245,83,165,6,239,16.306225,5.524150,10.981743
CHN.12.18_1,Henan,河南,Zhumadian,驻马店市,PrefectureCity,15122.755,18,239,141,156,102,137,15.803999,9.323698,10.315581
CHN.12.15_1,Henan,河南,Xuchang,许昌市,PrefectureCity,5000.376,13,230,136,151,88,142,45.996541,27.197955,30.197729
CHN.22.3_1,Shaanxi,陝西|陕西,Hanzhong,汉中市,PrefectureCity,27171.089,17,229,114,130,48,181,8.428076,4.195636,4.784497
CHN.7.14_1,Guangxi,廣西壯族自治區|广西壮族自治区,Yulin,玉林市,PrefectureCity,12889.985,11,226,86,144,10,216,17.532992,6.671846,11.171464
CHN.13.5_1,Hubei,湖北,Jingmen,荆门市,PrefectureCity,12366.644,11,225,156,123,110,115,18.194103,12.614578,9.946110
CHN.12.16_1,Henan,河南,Zhengzhou,郑州市,PrefectureCity,7525.161,20,224,163,102,66,158,29.766805,21.660666,13.554527
CHN.8.9_1,Guizhou,貴州|贵州,Zunyi,遵义市,PrefectureCity,30811.013,12,222,76,153,4,218,7.205216,2.466650,4.965757
CHN.23.9_1,Shandong,山東|山东,Linyi,临沂市,PrefectureCity,17151.769,14,214,126,115,60,154,12.476847,7.346181,6.704848
CHN.8.6_1,Guizhou,貴州|贵州,QiannanBuyeiandMiao,黔南布依族苗族自治州,AutonomousPrefecture,26073.353,13,213,81,141,4,209,8.169260,3.106620,5.407820
CHN.22.10_1,Shaanxi,陝西|陕西,Yulin,榆林市,PrefectureCity,43213.915,18,210,107,124,43,167,4.859546,2.476054,2.869446
CHN.8.2_1,Guizhou,貴州|贵州,Bijie,毕节地区,Prefecture,26843.238,6,209,64,152,0,209,7.785946,2.384213,5.662506
CHN.30.12_1,Yunnan,雲南|云南,Qujing,曲靖市,PrefectureCity,28907.177,13,206,31,177,3,203,7.126258,1.072398,6.123047
CHN.1.4_1,Anhui,安徽|安徽,Chaohu,巢湖市,PrefectureCity,9437.440,13,201,145,99,64,137,21.298149,15.364336,10.490133
CHN.23.10_1,Shandong,山東|山东,Qingdao,青岛市,PrefectureCity,10985.192,9,199,172,62,68,131,18.115296,15.657441,5.643961
CHN.23.12_1,Shandong,山東|山东,Tai'an,泰安市,PrefectureCity,7659.343,13,199,121,115,70,129,25.981341,15.797700,15.014343
CHN.18.3_1,Liaoning,遼寧|辽宁,Chaoyang,朝阳市,PrefectureCity,19671.504,5,198,31,170,2,196,10.065321,1.575884,8.641942
CHN.6.1_1,Guangdong,廣東|广东,Chaozhou,潮州市,PrefectureCity,3214.128,7,197,96,144,74,123,61.291896,29.868132,44.802198
CHN.1.8_1,Anhui,安徽|安徽,Hefei,合肥市,PrefectureCity,7486.590,3,195,120,104,54,141,26.046571,16.028659,13.891505
CHN.16.4_1,Jiangxi,江西,Jingdezhen,景德镇市,PrefectureCity,5265.861,4,192,158,96,124,68,36.461274,30.004590,18.230637
CHN.22.2_1,Shaanxi,陝西|陕西,Baoji,宝鸡市,PrefectureCity,18144.046,18,192,108,131,79,113,10.581984,5.952366,7.219999
CHN.4.7_1,Fujian,福建,Sanming,三明市,PrefectureCity,23007.342,19,190,105,113,51,139,8.258233,4.563761,4.911476
CHN.14.7_1,Hunan,湖南,Shaoyang,邵阳市|邵陽市,PrefectureCity,23092.658,13,188,82,134,46,142,8.141116,3.550912,5.802710
CHN.14.8_1,Hunan,湖南,Xiangtan,湘潭市|湘潭市,PrefectureCity,5066.210,4,188,122,85,27,161,37.108608,24.081118,16.777828
CHN.10.7_1,Hebei,河北,Qinhuangdao,秦皇岛市,PrefectureCity,7776.253,12,187,103,114,41,146,24.047571,13.245454,14.660017
CHN.6.7_1,Guangdong,廣東|广东,Jiangmen,江门市,PrefectureCity,9447.076,7,184,110,96,43,141,19.476926,11.643814,10.161874
CHN.5.2_1,Gansu,甘肅|甘肃,Dingxi,定西市,PrefectureCity,19699.595,15,179,83,123,34,145,9.086481,4.213285,6.243783
CHN.7.5_1,Guangxi,廣西壯族自治區|广西壮族自治区,Guigang,贵港市,PrefectureCity,10654.923,7,176,42,139,6,170,16.518186,3.941840,13.045613
CHN.6.2_1,Guangdong,廣東|广东,Dongguan,东莞市,PrefectureCity,2425.335,2,174,126,96,82,92,71.742666,51.951586,39.582161
CHN.18.12_1,Liaoning,遼寧|辽宁,Shenyang,沈阳市,PrefectureCity,12883.016,5,173,70,104,2,171,13.428533,5.433510,8.072644
CHN.1.5_1,Anhui,安徽|安徽,Chizhou,池州市,PrefectureCity,8480.823,13,172,99,118,86,86,20.281051,11.673395,13.913744
CHN.5.7_1,Gansu,甘肅|甘肃,Lanzhou,兰州市,PrefectureCity,13265.927,7,172,74,106,6,166,12.965547,5.578200,7.990395
CHN.8.5_1,Guizhou,貴州|贵州,QiandongnanMiaoandDong,黔东南苗族侗族自治州,AutonomousPrefecture,30357.793,18,171,68,110,5,166,5.632821,2.239952,3.623452
CHN.26.21_1,Sichuan,四川,Zigong,自贡市,PrefectureCity,4378.597,4,169,145,93,126,43,38.596838,33.115630,21.239680
CHN.26.15_1,Sichuan,四川,Neijiang,内江市,PrefectureCity,2862.620,4,168,139,114,129,39,58.687496,48.556916,39.823658
CHN.8.8_1,Guizhou,貴州|贵州,Tongren,铜仁地区,Prefecture,17960.940,14,161,53,112,6,155,8.963896,2.950848,6.235754
CHN.10.11_1,Hebei,河北,Zhangjiakou,张家口市,PrefectureCity,36626.738,13,161,69,100,13,148,4.395696,1.883870,2.730246
CHN.14.3_1,Hunan,湖南,Chenzhou,郴州市|郴州市,PrefectureCity,19435.541,20,161,97,105,63,98,8.283793,4.990857,5.402474
CHN.1.12_1,Anhui,安徽|安徽,Lu'an,六安市,PrefectureCity,18410.074,13,159,119,65,53,106,8.636576,6.463852,3.530676
CHN.5.10_1,Gansu,甘肅|甘肃,Pingliang,平凉市,PrefectureCity,11068.044,13,159,108,66,17,142,14.365682,9.757822,5.963113
CHN.7.13_1,Guangxi,廣西壯族自治區|广西壮族自治区,Wuzhou,梧州市,PrefectureCity,12556.125,8,159,53,116,15,144,12.663142,4.221047,9.238519
CHN.12.11_1,Henan,河南,Sanmenxia,三门峡市,PrefectureCity,9927.303,13,152,92,90,52,100,15.311309,9.267371,9.065906
CHN.31.5_1,Zhejiang,浙江,Lishui,丽水市,PrefectureCity,17218.758,20,148,138,68,122,26,8.595277,8.014515,3.949181
CHN.5.12_1,Gansu,甘肅|甘肃,Tianshui,天水市,PrefectureCity,14226.599,12,147,71,81,11,136,10.332758,4.990652,5.693560
CHN.26.11_1,Sichuan,四川,Meishan,眉山市,PrefectureCity,8102.161,15,147,106,88,72,75,18.143308,13.082929,10.861300
CHN.12.9_1,Henan,河南,Pingdingshan,平顶山市,PrefectureCity,7886.647,13,144,76,95,41,103,18.258710,9.636541,12.045677
CHN.16.11_1,Jiangxi,江西,Yingtan,鹰潭市,PrefectureCity,3536.659,4,139,123,76,114,25,39.302630,34.778586,21.489208
CHN.26.10_1,Sichuan,四川,Luzhou,泸州市,PrefectureCity,12240.993,12,139,81,104,62,77,11.355288,6.617110,8.496043
CHN.4.8_1,Fujian,福建,Xiamen,厦门市,PrefectureCity,1536.094,2,134,102,70,86,48,87.234245,66.402186,45.570128
CHN.4.4_1,Fujian,福建,Ningde,宁德市,PrefectureCity,13251.545,14,132,82,61,40,92,9.961103,6.187958,4.603237
CHN.12.10_1,Henan,河南,Puyang,濮阳市,PrefectureCity,4192.251,8,132,111,62,64,68,31.486664,26.477422,14.789191
CHN.26.14_1,Sichuan,四川,Neijiang]],内江市,PrefectureCity,2530.794,5,131,30,116,20,111,51.762411,11.853987,45.835418
CHN.5.13_1,Gansu,甘肅|甘肃,Wuwei,武威市,PrefectureCity,32855.767,5,128,52,80,1,127,3.895815,1.582675,2.434885
CHN.14.11_1,Hunan,湖南,Yongzhou,永州市|永州市,PrefectureCity,20178.964,14,124,80,77,55,69,6.145013,3.964525,3.815855
CHN.8.1_1,Guizhou,貴州|贵州,Anshun,安顺市,PrefectureCity,9339.030,6,123,33,91,1,122,13.170533,3.533558,9.744053
CHN.16.9_1,Jiangxi,江西,Xinyu,新余市,PrefectureCity,3202.700,4,122,102,65,91,31,38.092859,31.848128,20.295376
CHN.6.6_1,Guangdong,廣東|广东,Huizhou,惠州市,PrefectureCity,11355.653,8,121,46,98,32,89,10.655486,4.050846,8.630063
CHN.6.9_1,Guangdong,廣東|广东,Maoming,茂名市,PrefectureCity,11416.772,9,118,44,83,30,88,10.335671,3.853979,7.270006
CHN.7.10_1,Guangxi,廣西壯族自治區|广西壮族自治区,Liuzhou,柳州市,PrefectureCity,18839.382,9,116,49,83,32,84,6.157315,2.600935,4.405665
CHN.26.4_1,Sichuan,四川,Deyang,德阳市,PrefectureCity,5971.824,13,116,60,74,30,86,19.424551,10.047182,12.391524
CHN.13.13_1,Hubei,湖北,Xiangfan,襄樊市,PrefectureCity,19747.113,16,114,74,70,59,55,5.772996,3.747383,3.544822
CHN.13.11_1,Hubei,湖北,Tianmen,天门市,PrefectureCity,2644.074,2,112,63,58,29,83,42.358875,23.826867,21.935846
CHN.1.16_1,Anhui,安徽|安徽,Wuhu,芜湖市,PrefectureCity,3299.002,6,111,93,33,42,69,33.646539,28.190344,10.003025
CHN.18.9_1,Liaoning,遼寧|辽宁,Jinzhou,锦州市,PrefectureCity,9991.267,10,111,65,53,8,103,11.109702,6.505681,5.304633
CHN.25.2_1,Shanxi,山西,Datong,大同市,PrefectureCity,13962.752,13,111,59,78,38,73,7.949722,4.225528,5.586291
CHN.1.13_1,Anhui,安徽|安徽,Ma'anshan,马鞍山市,PrefectureCity,1789.053,4,107,92,46,69,38,59.808178,51.423854,25.711927
CHN.14.14_1,Hunan,湖南,Zhuzhou,株洲市|株洲市,PrefectureCity,11310.860,9,104,76,56,56,48,9.194703,6.719206,4.950994
CHN.22.9_1,Shaanxi,陝西|陕西,Yan'an,延安市,PrefectureCity,36863.297,22,104,64,63,37,67,2.821234,1.736144,1.709017
CHN.6.12_1,Guangdong,廣東|广东,Shantou,汕头市,PrefectureCity,2067.016,4,99,82,41,41,58,47.895130,39.670714,19.835357
CHN.14.5_1,Hunan,湖南,Huaihua,怀化市|懷化市,PrefectureCity,27629.828,19,93,45,64,28,65,3.365928,1.628675,2.316337
CHN.23.11_1,Shandong,山東|山东,Rizhao,日照市,PrefectureCity,5278.588,5,93,77,27,16,77,17.618348,14.587234,5.115004
CHN.5.11_1,Gansu,甘肅|甘肃,Qingyang,庆阳市,PrefectureCity,27132.778,15,90,63,50,35,55,3.317021,2.321915,1.842790
CHN.9.1_1,Hainan,海南,Haikou,海口市,PrefectureCity,2254.416,4,89,46,61,39,50,39.478073,20.404397,27.058005
CHN.13.4_1,Hubei,湖北,Huangshi,黄石市,PrefectureCity,4589.432,5,89,66,39,35,54,19.392378,14.380865,8.497784
CHN.20.4_1,NingxiaHui,寧夏回族自治區|宁夏回族自治区,Yinchuan,银川市,PrefectureCity,7214.720,7,84,35,58,8,76,11.642863,4.851193,8.039120
CHN.23.3_1,Shandong,山東|山东,Dongying,东营市,PrefectureCity,7426.053,4,81,65,30,38,43,10.907544,8.752967,4.039831
CHN.1.7_1,Anhui,安徽|安徽,Fuyang,阜阳市,PrefectureCity,10101.885,12,80,51,44,36,44,7.919314,5.048563,4.355623
CHN.7.11_1,Guangxi,廣西壯族自治區|广西壮族自治区,Nanning,南宁市,PrefectureCity,22160.663,12,80,32,56,14,66,3.610000,1.444000,2.527000
CHN.14.10_1,Hunan,湖南,Yiyang,益阳市|益陽市,PrefectureCity,12200.438,6,80,46,42,14,66,6.557142,3.770356,3.442499
CHN.6.8_1,Guangdong,廣東|广东,Jieyang,揭阳市,PrefectureCity,5236.864,5,78,60,38,35,43,14.894410,11.457239,7.256251
CHN.6.20_1,Guangdong,廣東|广东,Zhongshan,中山市,PrefectureCity,1739.190,2,77,51,32,12,65,44.273484,29.323996,18.399370
CHN.26.3_1,Sichuan,四川,Dazhou,达州市,PrefectureCity,16557.449,13,77,60,37,33,44,4.650475,3.623747,2.234644
CHN.22.1_1,Shaanxi,陝西|陕西,Ankang,安康市,PrefectureCity,23396.472,13,76,53,30,7,69,3.248353,2.265299,1.282245
CHN.26.8_1,Sichuan,四川,Leshan,乐山市,PrefectureCity,12022.207,8,75,49,41,28,47,6.238455,4.075791,3.410356
CHN.26.22_1,Sichuan,四川,Ziyang,资阳市,PrefectureCity,7948.358,8,75,55,41,26,49,9.435911,6.919668,5.158298
CHN.16.7_1,Jiangxi,江西,Pingxiang,萍乡市,PrefectureCity,3800.482,3,74,48,33,6,68,19.471214,12.629977,8.683109
CHN.23.16_1,Shandong,山東|山东,Zaozhuang,枣庄市,PrefectureCity,6181.350,6,72,57,32,29,43,11.647941,9.221287,5.176863
CHN.7.7_1,Guangxi,廣西壯族自治區|广西壮族自治区,Hechi,河池市,PrefectureCity,33473.491,7,71,18,59,14,57,2.121081,0.537739,1.762589
CHN.11.6_1,Heilongjiang,黑龙江省|黑龍江省,Jiamusi,佳木斯市,PrefectureCity,31900.219,1,71,6,66,0,71,2.225690,0.188086,2.068951
CHN.23.14_1,Shandong,山東|山东,Weihai,威海市,PrefectureCity,5584.833,4,71,60,23,15,56,12.713003,10.743383,4.118297
CHN.13.15_1,Hubei,湖北,Xiantao,仙桃市,PrefectureCity,2527.624,5,69,39,50,30,39,27.298364,15.429510,19.781423
CHN.1.14_1,Anhui,安徽|安徽,Suzhou,宿州市,PrefectureCity,9997.303,12,68,43,43,24,44,6.801834,4.301160,4.301160
CHN.7.1_1,Guangxi,廣西壯族自治區|广西壮族自治区,Baise,百色市,PrefectureCity,36379.274,7,68,5,63,0,68,1.869196,0.137441,1.731755
CHN.13.17_1,Hubei,湖北,Yichang,宜昌市,PrefectureCity,21301.245,15,68,37,40,26,42,3.192302,1.736988,1.877825
CHN.15.5_1,Jiangsu,江蘇|江苏,Nantong,南通市,PrefectureCity,8909.672,7,67,55,28,28,39,7.519918,6.173067,3.142652
CHN.26.6_1,Sichuan,四川,Guang'an,广安市,PrefectureCity,6356.125,7,65,48,32,32,33,10.226356,7.551771,5.034514
CHN.30.8_1,Yunnan,雲南|云南,Lijiang,丽江市,PrefectureCity,20575.125,4,64,9,55,1,63,3.110552,0.437421,2.673131
CHN.15.10_1,Jiangsu,江蘇|江苏,Xuzhou,徐州市,PrefectureCity,11229.972,13,62,37,41,23,39,5.520940,3.294754,3.650944
CHN.6.18_1,Guangdong,廣東|广东,Zhanjiang,湛江市,PrefectureCity,12605.675,8,60,30,35,16,44,4.759761,2.379880,2.776527
CHN.6.14_1,Guangdong,廣東|广东,Shaoguan,韶关市,PrefectureCity,18430.399,14,58,30,33,18,40,3.146975,1.627746,1.790520
CHN.13.7_1,Hubei,湖北,Qianjiang,潜江市,PrefectureCity,2025.513,2,57,43,26,26,31,28.141019,21.229190,12.836254
CHN.9.2_1,Hainan,海南,Hainan,海南,Prefecture,29973.945,13,55,38,26,14,41,1.834927,1.267768,0.867420
CHN.12.6_1,Henan,河南,Luohe,漯河市,PrefectureCity,2646.729,7,53,47,23,27,26,20.024717,17.757768,8.689972
CHN.26.18_1,Sichuan,四川,Suining,遂宁市,PrefectureCity,5333.870,5,53,33,35,22,31,9.936500,6.186877,6.561840
CHN.22.4_1,Shaanxi,陝西|陕西,Shangluo,商洛市,PrefectureCity,19618.967,9,49,31,20,11,38,2.497583,1.580104,1.019422
CHN.1.2_1,Anhui,安徽|安徽,Bengbu,蚌埠市,PrefectureCity,5904.204,4,48,35,22,19,29,8.129800,5.927979,3.726159
CHN.13.10_1,Hubei,湖北,SuizhouShi,随州市,PrefectureCity,9609.088,5,48,41,15,19,29,4.995271,4.266794,1.561022
CHN.14.6_1,Hunan,湖南,Loudi,娄底市|婁底市,PrefectureCity,8133.975,2,47,23,27,5,42,5.778233,2.827646,3.319410
CHN.15.6_1,Jiangsu,江蘇|江苏,Suqian,宿迁市,PrefectureCity,8575.456,6,45,32,25,22,23,5.247534,3.731580,2.915297
CHN.8.7_1,Guizhou,貴州|贵州,QianxinanBuyeiandMiao,黔西南布依族苗族自治州,AutonomousPrefecture,16829.722,4,44,11,33,0,44,2.614422,0.653606,1.960817
CHN.6.5_1,Guangdong,廣東|广东,Heyuan,河源市,PrefectureCity,15662.850,7,43,25,20,3,40,2.745350,1.596134,1.276907
CHN.18.13_1,Liaoning,遼寧|辽宁,Tieling,铁岭市,PrefectureCity,18096.912,5,43,33,11,2,41,2.376096,1.823516,0.607839
CHN.30.1_1,Yunnan,雲南|云南,Baoshan,保山市,PrefectureCity,19115.384,7,43,18,27,2,41,2.249497,0.941650,1.412475
CHN.5.9_1,Gansu,甘肅|甘肃,Longnan,陇南市,PrefectureCity,28464.318,10,42,23,23,3,39,1.475532,0.808029,0.808029
CHN.14.9_1,Hunan,湖南,XiangxiTujiaandMiao,湘西土家族苗族自治州|湘西土家族苗族自治州,AutonomousPrefecture,15518.480,6,40,8,37,6,34,2.577572,0.515514,2.384254
CHN.30.16_1,Yunnan,雲南|云南,Zhaotong,昭通市,PrefectureCity,22534.566,4,40,10,32,0,40,1.775051,0.443763,1.420041
CHN.13.9_1,Hubei,湖北,Shiyan,十堰市,PrefectureCity,23638.211,14,39,30,20,24,15,1.649871,1.269132,0.846088
CHN.23.7_1,Shandong,山東|山东,Laiwu,莱芜市,PrefectureCity,2098.461,2,38,33,7,11,27,18.108509,15.725810,3.335778
CHN.6.17_1,Guangdong,廣東|广东,Yunfu,云浮市,PrefectureCity,7807.964,5,36,17,19,8,28,4.610677,2.177264,2.433413
CHN.5.1_1,Gansu,甘肅|甘肃,Baiyin,白银市,PrefectureCity,20130.227,4,34,25,14,4,30,1.689002,1.241913,0.695472
CHN.15.11_1,Jiangsu,江蘇|江苏,Yancheng,盐城市,PrefectureCity,15378.447,3,34,28,10,9,25,2.210886,1.820730,0.650261
CHN.7.8_1,Guangxi,廣西壯族自治區|广西壮族自治区,Hezhou,贺州市,PrefectureCity,11695.661,5,33,12,21,5,28,2.821559,1.026022,1.795538
CHN.15.3_1,Jiangsu,江蘇|江苏,Lianyungang,连云港市,PrefectureCity,7403.745,6,33,22,21,11,22,4.457204,2.971469,2.836402
CHN.6.11_1,Guangdong,廣東|广东,Qingyuan,清远市,PrefectureCity,18952.057,9,32,22,17,14,18,1.688471,1.160824,0.897000
CHN.21.8_1,Qinghai,青海,Xining,西宁市,PrefectureCity,7176.093,2,31,14,19,3,28,4.319899,1.950922,2.647680
CHN.6.16_1,Guangdong,廣東|广东,Yangjiang,阳江市,PrefectureCity,7846.864,3,30,18,14,2,28,3.823183,2.293910,1.784152
CHN.26.7_1,Sichuan,四川,Guangyuan,广元市,PrefectureCity,16226.427,10,30,24,19,18,12,1.848836,1.479069,1.170929
CHN.12.2_1,Henan,河南,Hebi,鹤壁市,PrefectureCity,2152.924,4,29,23,18,22,7,13.470053,10.683145,8.360722
CHN.28.7_1,XinjiangUygur,新疆維吾爾自治區|新疆维吾尔自治区,IliKazakh,伊犁哈萨克自治州,AutonomousPrefecture,56167.301,1,29,3,26,0,29,0.516315,0.053412,0.462903
CHN.18.5_1,Liaoning,遼寧|辽宁,Dandong,丹东市,PrefectureCity,14780.067,3,27,10,18,2,25,1.826785,0.676587,1.217856
CHN.7.9_1,Guangxi,廣西壯族自治區|广西壮族自治区,Laibin,来宾市,PrefectureCity,13183.112,5,25,13,13,1,24,1.896366,0.986110,0.986110
CHN.20.5_1,NingxiaHui,寧夏回族自治區|宁夏回族自治区,Zhongwei,中卫市,PrefectureCity,12433.653,3,25,23,3,0,25,2.010672,1.849818,0.241281
CHN.26.1_1,Sichuan,四川,Bazhong,巴中市,PrefectureCity,12312.665,6,25,18,9,5,20,2.030430,1.461909,0.730955
CHN.5.6_1,Gansu,甘肅|甘肃,Jiuquan,酒泉市,PrefectureCity,146922.437,3,24,1,23,0,24,0.163351,0.006806,0.156545
CHN.26.19_1,Sichuan,四川,Ya'an,雅安市,PrefectureCity,15050.200,6,24,9,17,4,20,1.594663,0.597999,1.129553
CHN.30.11_1,Yunnan,雲南|云南,Pu'er,普洱市,PrefectureCity,44212.379,4,24,3,21,0,24,0.542834,0.067854,0.474980
CHN.30.13_1,Yunnan,雲南|云南,WenshanZhuangandMiao,文山壮族苗族自治州,AutonomousPrefecture,31602.134,4,24,8,16,0,24,0.759442,0.253147,0.506295
CHN.18.8_1,Liaoning,遼寧|辽宁,Huludao,葫芦岛市,PrefectureCity,10290.232,4,21,16,10,5,16,2.040770,1.554873,0.971795
CHN.31.11_1,Zhejiang,浙江,Zhoushan,舟山市,PrefectureCity,1229.225,2,21,10,11,1,20,17.083935,8.135207,8.948728
CHN.1.3_1,Anhui,安徽|安徽,Bozhou,亳州市,PrefectureCity,8593.298,5,20,16,12,16,4,2.327395,1.861916,1.396437
CHN.7.2_1,Guangxi,廣西壯族自治區|广西壮族自治区,Beihai,北海市,PrefectureCity,3488.548,4,19,14,9,13,6,5.446392,4.013131,2.579870
CHN.1.15_1,Anhui,安徽|安徽,Tongling,铜陵市,PrefectureCity,1036.364,2,18,11,11,8,10,17.368415,10.614031,10.614031
CHN.5.5_1,Gansu,甘肅|甘肃,Jinchang,金昌市,PrefectureCity,7359.015,3,18,8,13,4,14,2.445980,1.087102,1.766541
CHN.5.14_1,Gansu,甘肅|甘肃,Zhangye,张掖市,PrefectureCity,39659.993,4,18,5,13,1,17,0.453858,0.126072,0.327786
CHN.10.3_1,Hebei,河北,Chengde,承德市,PrefectureCity,39428.467,6,18,13,8,2,16,0.456523,0.329711,0.202899
CHN.26.9_1,Sichuan,四川,LiangshanYi,凉山彝族自治州,AutonomousPrefecture,60070.852,5,17,4,13,0,17,0.282999,0.066588,0.216411
CHN.6.13_1,Guangdong,廣東|广东,Shanwei,汕尾市,PrefectureCity,4875.309,3,16,6,13,3,13,3.281843,1.230691,2.666498
CHN.18.10_1,Liaoning,遼寧|辽宁,Liaoyang,辽阳市,PrefectureCity,4663.922,3,16,14,5,2,14,3.430589,3.001765,1.072059
CHN.26.16_1,Sichuan,四川,NgawaTibetanandQiang,阿坝藏族羌族自治州,AutonomousPrefecture,83967.503,6,16,8,10,3,13,0.190550,0.095275,0.119094
CHN.7.3_1,Guangxi,廣西壯族自治區|广西壮族自治区,Chongzuo,崇左市,PrefectureCity,17448.473,7,15,11,6,1,14,0.859674,0.630428,0.343870
CHN.12.4_1,Henan,河南,Jiyuanshi,济源市,PrefectureCity,1892.332,2,15,4,11,3,12,7.926727,2.113794,5.812933
CHN.18.4_1,Liaoning,遼寧|辽宁,Dalian,大连市,PrefectureCity,12534.718,3,14,10,5,1,13,1.116898,0.797784,0.398892
CHN.30.9_1,Yunnan,雲南|云南,Lincang,临沧市,PrefectureCity,23599.902,3,14,1,13,0,14,0.593223,0.042373,0.550850
CHN.1.10_1,Anhui,安徽|安徽,Huainan,淮南市,PrefectureCity,2125.490,1,13,4,9,0,13,6.116237,1.881919,4.234318
CHN.13.1_1,Hubei,湖北,EnshiTujiaandMiao,恩施土家族苗族自治州,AutonomousPrefecture,24218.071,8,13,1,12,4,9,0.536789,0.041291,0.495498
CHN.20.3_1,NingxiaHui,寧夏回族自治區|宁夏回族自治区,Wuzhong,吴忠市,PrefectureCity,16523.440,1,13,10,3,0,13,0.786761,0.605201,0.181560
CHN.22.5_1,Shaanxi,陝西|陕西,Tongchuan,铜川市,PrefectureCity,2315.405,3,13,10,4,2,11,5.614569,4.318899,1.727560
CHN.17.1_1,Jilin,吉林,Baicheng,白城市,PrefectureCity,25557.279,1,11,7,4,0,11,0.430406,0.273895,0.156511
CHN.17.6_1,Jilin,吉林,Siping,四平市,PrefectureCity,14323.253,3,11,8,3,0,11,0.767982,0.558532,0.209450
CHN.19.12_1,NeiMongol,內蒙古自治區|内蒙古自治区,Xing'an,兴安盟,League,53387.129,1,10,8,2,0,10,0.187311,0.149849,0.037462
CHN.5.8_1,Gansu,甘肅|甘肃,LinxiaHui,临夏回族自治州,AutonomousPrefecture,8081.422,2,8,6,5,2,6,0.989925,0.742444,0.618703
CHN.7.12_1,Guangxi,廣西壯族自治區|广西壮族自治区,Qinzhou,钦州市,PrefectureCity,10761.619,3,8,4,5,1,7,0.743383,0.371691,0.464614
CHN.20.1_1,NingxiaHui,寧夏回族自治區|宁夏回族自治区,Guyuan,固原市,PrefectureCity,11288.995,5,7,6,2,3,4,0.620073,0.531491,0.177164
CHN.20.2_1,NingxiaHui,寧夏回族自治區|宁夏回族自治区,Shizuishan,石嘴山市,PrefectureCity,4398.781,1,7,5,2,0,7,1.591350,1.136679,0.454671
CHN.8.4_1,Guizhou,貴州|贵州,Liupanshui,六盘水市,PrefectureCity,9993.113,4,6,5,1,5,1,0.600414,0.500345,0.100069
CHN.18.2_1,Liaoning,遼寧|辽宁,Benxi,本溪市,PrefectureCity,8439.726,1,5,5,1,0,5,0.592436,0.592436,0.118487
CHN.18.1_1,Liaoning,遼寧|辽宁,Anshan,鞍山市,PrefectureCity,9220.072,1,4,2,2,0,4,0.433836,0.216918,0.216918
CHN.30.10_1,Yunnan,雲南|云南,NujiangLisu,怒江傈僳族自治州,AutonomousPrefecture,14550.754,1,4,4,1,4,0,0.274900,0.274900,0.068725
CHN.5.3_1,Gansu,甘肅|甘肃,GannanTibetan,甘南藏族自治州,AutonomousPrefecture,36588.906,1,3,2,2,0,3,0.081992,0.054661,0.054661
CHN.17.4_1,Jilin,吉林,Jilin,吉林市,PrefectureCity,27502.969,1,3,3,1,0,3,0.109079,0.109079,0.036360
CHN.28.6_1,XinjiangUygur,新疆維吾爾自治區|新疆维吾尔自治区,Hami,哈密地区,Prefecture,136203.751,1,3,0,3,0,3,0.022026,0.000000,0.022026
CHN.6.15_1,Guangdong,廣東|广东,Shenzhen,深圳市,PrefectureCity,1921.959,2,2,1,2,1,1,1.040605,0.520302,1.040605
CHN.9.3_1,Hainan,海南,Sanya,三亚市,PrefectureCity,1892.640,1,2,2,1,2,0,1.056725,1.056725,0.528362
CHN.14.13_1,Hunan,湖南,Zhangjiajie,张家界市|張家界市,PrefectureCity,9572.782,2,2,0,2,0,2,0.208926,0.000000,0.208926
CHN.17.5_1,Jilin,吉林,Liaoyuan,辽源市,PrefectureCity,5152.728,1,2,1,1,0,2,0.388144,0.194072,0.194072
CHN.19.5_1,NeiMongol,內蒙古自治區|内蒙古自治区,Hohhot,呼和浩特市,PrefectureCity,19462.007,2,2,2,0,2,0,0.102764,0.102764,0.000000
CHN.7.4_1,Guangxi,廣西壯族自治區|广西壮族自治区,Fangchenggang,防城港市,PrefectureCity,6029.401,1,1,0,1,0,1,0.165854,0.000000,0.165854
CHN.11.3_1,Heilongjiang,黑龙江省|黑龍江省,Harbin,哈尔滨市,PrefectureCity,53298.157,1,1,0,1,0,1,0.018762,0.000000,0.018762
CHN.11.12_1,Heilongjiang,黑龙江省|黑龍江省,Suihua,绥化市,PrefectureCity,35316.393,1,1,0,1,0,1,0.028315,0.000000,0.028315
CHN.17.7_1,Jilin,吉林,Songyuan,松原市,PrefectureCity,21121.144,1,1,1,0,0,1,0.047346,0.047346,0.000000
CHN.19.4_1,NeiMongol,內蒙古自治區|内蒙古自治区,Chifeng,赤峰市,PrefectureCity,85103.965,1,1,0,1,0,1,0.011750,0.000000,0.011750
CHN.19.8_1,NeiMongol,內蒙古自治區|内蒙古自治区,Tongliao,通辽市,PrefectureCity,59144.551,1,1,1,0,1,0,0.016908,0.016908,0.000000
CHN.19.9_1,NeiMongol,內蒙古自治區|内蒙古自治区,UlaanChab,乌兰察布市,PrefectureCity,54649.292,1,1,0,1,0,1,0.018298,0.000000,0.018298
CHN.28.9_1,XinjiangUygur,新疆維吾爾自治區|新疆维吾尔自治区,Kashgar,喀什地区,Prefecture,109494.425,1,1,0,1,0,1,0.009133,0.000000,0.009133
CHN.28.15_1,XinjiangUygur,新疆維吾爾自治區|新疆维吾尔自治区,Ürümqi,乌鲁木齐市,PrefectureCity,10218.519,1,1,0,1,0,1,0.097862,0.000000,0.097862
