control_unit_id,gdp_value,gdp_unit,gdp_year,gdp_source,gdp_status,population_value,population_unit,population_year,population_source,population_status,gdp_per_capita_value,gdp_per_capita_year,gdp_per_capita_source,gdp_per_capita_status,general_public_budget_revenue,general_public_budget_revenue_unit,general_public_budget_revenue_year,general_public_budget_revenue_source,general_public_budget_revenue_status,general_public_budget_expenditure,general_public_budget_expenditure_unit,general_public_budget_expenditure_year,general_public_budget_expenditure_source,general_public_budget_expenditure_status,fiscal_self_sufficiency_value,fiscal_self_sufficiency_year,fiscal_self_sufficiency_source,fiscal_self_sufficiency_status,local_government_debt_balance,local_government_debt_balance_unit,local_government_debt_balance_year,local_government_debt_balance_source,local_government_debt_balance_status,debt_pressure_value,debt_pressure_definition,debt_pressure_year,debt_pressure_source,debt_pressure_status,government_fund_revenue,government_fund_revenue_unit,government_fund_revenue_year,government_fund_revenue_source,government_fund_revenue_status,land_finance_dependence_value,land_finance_dependence_definition,land_finance_dependence_year,land_finance_dependence_source,land_finance_dependence_status,notes
anhui_bozhou,2521.60,100m_yuan,2024,https://www.tjnj.net/newsview.aspx?newsid=20250429091143,source_backed_official_statistical_communique_reprint,486.1,10k_persons,2024,https://www.tjnj.net/newsview.aspx?newsid=20250429091143,source_backed_official_statistical_communique_reprint,51662,2024,https://www.tjnj.net/newsview.aspx?newsid=20250429091143,source_backed_official_statistical_communique_reprint,168.80,100m_yuan,2024,https://static.sse.com.cn/disclosure/bond/announcement/corporate/c/new/2025-06-25/152448_20250625_V0T2.pdf,source_backed_rating_report_compilation,416.38,100m_yuan,2024,https://static.sse.com.cn/disclosure/bond/announcement/corporate/c/new/2025-06-25/152448_20250625_V0T2.pdf,calculated_from_source_backed_rating_report_fiscal_balance,0.405400,2024,https://static.sse.com.cn/disclosure/bond/announcement/corporate/c/new/2025-06-25/152448_20250625_V0T2.pdf,source_backed_rating_report_compilation,1114.10,100m_yuan,2024,https://static.sse.com.cn/disclosure/bond/announcement/corporate/c/new/2025-06-25/152448_20250625_V0T2.pdf,source_backed_rating_report_compilation,6.600118,local_government_debt_balance / general_public_budget_revenue,2024,https://static.sse.com.cn/disclosure/bond/announcement/corporate/c/new/2025-06-25/152448_20250625_V0T2.pdf,source_backed_rating_report_compilation,66.10,100m_yuan,2024,https://www.bozhou.gov.cn/OpennessContent/show/2883523.html,source_backed_official_audit_report_proxy,0.391588,government_fund_revenue / general_public_budget_revenue proxy,2024,https://www.bozhou.gov.cn/OpennessContent/show/2883523.html,source_backed_official_audit_report_proxy,Statistical-communique values are from a public reprint. General-budget debt and fiscal-balance values are from the 2025 CCXI tracking-rating report; expenditure is calculated from the reported fiscal balance ratio. The rating report says Bozhou did not publish 2022-2024 government-fund revenue; the government-fund field uses the municipal audit-work-report figure as a transparent first-pass proxy.
jiangsu_suzhou,26727.00,100m_yuan,2024,https://www.suzhou.gov.cn/szsrmzf/ndgmjjhshfztjsjfb/202506/c413b01f30224b7ba5ddbc1768cabe5c.shtml,source_backed_official_statistical_communique,1298.70,10k_persons,2024,https://www.suzhou.gov.cn/szsrmzf/ndgmjjhshfztjsjfb/202506/c413b01f30224b7ba5ddbc1768cabe5c.shtml,source_backed_official_statistical_communique,206000,2024,https://www.suzhou.gov.cn/szsrmzf/ndgmjjhshfztjsjfb/202506/c413b01f30224b7ba5ddbc1768cabe5c.shtml,source_backed_official_statistical_communique,2459.10,100m_yuan,2024,https://www.suzhou.gov.cn/szsrmzf/czyjsbg/202502/e4d4339343ca471ca41096fa89b006bf/files/e38f102f6f3941189a6887fb35929d52.pdf,source_backed_official_budget_report,2602.27,100m_yuan,2024,https://www.suzhou.gov.cn/szsrmzf/czyjsbg/202502/e4d4339343ca471ca41096fa89b006bf/files/e38f102f6f3941189a6887fb35929d52.pdf,source_backed_official_budget_report,0.944982,2024,https://www.suzhou.gov.cn/szsrmzf/czyjsbg/202502/e4d4339343ca471ca41096fa89b006bf/files/e38f102f6f3941189a6887fb35929d52.pdf,calculated_from_source_backed_budget_revenue_and_expenditure,3657.96,100m_yuan,2024,https://www.suzhou.gov.cn/szsrmzf/czyjsbg/202502/e4d4339343ca471ca41096fa89b006bf/files/e38f102f6f3941189a6887fb35929d52.pdf,source_backed_official_budget_report,1.487520,local_government_debt_balance / general_public_budget_revenue,2024,https://www.suzhou.gov.cn/szsrmzf/czyjsbg/202502/e4d4339343ca471ca41096fa89b006bf/files/e38f102f6f3941189a6887fb35929d52.pdf,source_backed_official_budget_report,1048.08,100m_yuan,2024,https://www.suzhou.gov.cn/szsrmzf/czyjsbg/202502/e4d4339343ca471ca41096fa89b006bf/files/e38f102f6f3941189a6887fb35929d52.pdf,source_backed_official_budget_report,0.426205,government_fund_revenue / general_public_budget_revenue proxy,2024,https://www.suzhou.gov.cn/szsrmzf/czyjsbg/202502/e4d4339343ca471ca41096fa89b006bf/files/e38f102f6f3941189a6887fb35929d52.pdf,source_backed_official_budget_report,Suzhou 2024 GDP resident population and per-capita GDP come from the official municipal statistical communique. General-budget revenue general-budget expenditure government-fund revenue and local-government debt balance come from the official 2024 budget-execution and 2025 budget-draft PDF. This upgrades the Jiangsu Suzhou control row from a secondary compilation to official statistical and fiscal sources and supports the Wuzhong Guotai nominal-exit case once the platform level is coded.
jiangsu_nanjing,18500.81,100m_yuan,2024,https://www.lhratings.com/file/g0a76d7ed51.pdf,source_backed_secondary_compilation,957.70,10k_persons,2024,https://www.lhratings.com/file/g0a76d7ed51.pdf,source_backed_secondary_compilation,193500,2024,https://www.lhratings.com/file/g0a76d7ed51.pdf,source_backed_secondary_compilation,1596.02,100m_yuan,2024,https://www.lhratings.com/file/g0a76d7ed51.pdf,source_backed_secondary_compilation,1705.26,100m_yuan,2024,https://www.lhratings.com/file/g0a76d7ed51.pdf,source_backed_secondary_compilation,0.935939,2024,https://www.lhratings.com/file/g0a76d7ed51.pdf,source_backed_secondary_compilation,3661.56,100m_yuan,2024,https://www.lhratings.com/file/g0a76d7ed51.pdf,source_backed_secondary_compilation,2.294182,local_government_debt_balance / general_public_budget_revenue,2024,https://www.lhratings.com/file/g0a76d7ed51.pdf,source_backed_secondary_compilation,937.59,100m_yuan,2024,https://www.lhratings.com/file/g0a76d7ed51.pdf,source_backed_secondary_compilation,0.587455,government_fund_revenue / general_public_budget_revenue proxy,2024,https://www.lhratings.com/file/g0a76d7ed51.pdf,source_backed_secondary_compilation,First-pass public-data compilation from Lianhe Ratings; replace with official statistical communique and fiscal final accounts before journal submission where possible.
jiangsu_taizhou,7021.0,100m_yuan,2024,https://www.lhratings.com/file/g0c1baa9600.pdf,source_backed_secondary_compilation,,,,,,156000,2024,https://www.lhratings.com/file/g0c1baa9600.pdf,source_backed_secondary_compilation,453.08,100m_yuan,2024,https://www.lhratings.com/file/g0c1baa9600.pdf,source_backed_secondary_compilation,695.93,100m_yuan,2024,https://www.lhratings.com/file/g0c1baa9600.pdf,source_backed_secondary_compilation,0.651042,2024,https://www.lhratings.com/file/g0c1baa9600.pdf,source_backed_secondary_compilation,1315.69,100m_yuan,2024,https://www.lhratings.com/file/g0c1baa9600.pdf,source_backed_secondary_compilation,2.903880,local_government_debt_balance / general_public_budget_revenue,2024,https://www.lhratings.com/file/g0c1baa9600.pdf,source_backed_secondary_compilation,420.56,100m_yuan,2024,https://www.lhratings.com/file/g0c1baa9600.pdf,source_backed_secondary_compilation,0.928225,government_fund_revenue / general_public_budget_revenue proxy,2024,https://www.lhratings.com/file/g0c1baa9600.pdf,source_backed_secondary_compilation,First-pass public-data compilation from Lianhe Ratings; replace with official statistical communique and fiscal final accounts before journal submission where possible.
jiangsu_changzhou,10813.6,100m_yuan,2024,https://www.lhratings.com/file/g123fa3419d.pdf,source_backed_secondary_compilation,,,,,,201000,2024,https://www.lhratings.com/file/g123fa3419d.pdf,source_backed_secondary_compilation,697.80,100m_yuan,2024,https://www.lhratings.com/file/g123fa3419d.pdf,source_backed_secondary_compilation,890.07,100m_yuan,2024,https://www.lhratings.com/file/g123fa3419d.pdf,source_backed_secondary_compilation,0.783983,2024,https://www.lhratings.com/file/g123fa3419d.pdf,source_backed_secondary_compilation,2443.69,100m_yuan,2024,https://www.lhratings.com/file/g123fa3419d.pdf,source_backed_secondary_compilation,3.501992,local_government_debt_balance / general_public_budget_revenue,2024,https://www.lhratings.com/file/g123fa3419d.pdf,source_backed_secondary_compilation,976.17,100m_yuan,2024,https://www.lhratings.com/file/g123fa3419d.pdf,source_backed_secondary_compilation,1.398925,government_fund_revenue / general_public_budget_revenue proxy,2024,https://www.lhratings.com/file/g123fa3419d.pdf,source_backed_secondary_compilation,First-pass public-data compilation from Lianhe Ratings; replace with official statistical communique and fiscal final accounts before journal submission where possible.
jiangsu_yancheng,7779.2,100m_yuan,2024,https://www.lhratings.com/file/g0fa6dcb35d.pdf,source_backed_secondary_compilation,667,10k_persons,2024,https://www.lhratings.com/file/g0fa6dcb35d.pdf,source_backed_secondary_compilation,116400,2024,https://www.lhratings.com/file/g0fa6dcb35d.pdf,source_backed_secondary_compilation,496.2,100m_yuan,2024,https://www.lhratings.com/file/g0fa6dcb35d.pdf,source_backed_secondary_compilation,1137.4,100m_yuan,2024,https://www.lhratings.com/file/g0fa6dcb35d.pdf,source_backed_secondary_compilation,0.436258,2024,https://www.lhratings.com/file/g0fa6dcb35d.pdf,source_backed_secondary_compilation,1961.6,100m_yuan,2024,https://www.lhratings.com/file/g0fa6dcb35d.pdf,source_backed_secondary_compilation,3.953245,local_government_debt_balance / general_public_budget_revenue,2024,https://www.lhratings.com/file/g0fa6dcb35d.pdf,source_backed_secondary_compilation,730.9,100m_yuan,2024,https://www.lhratings.com/file/g0fa6dcb35d.pdf,source_backed_secondary_compilation,1.472995,government_fund_revenue / general_public_budget_revenue proxy,2024,https://www.lhratings.com/file/g0fa6dcb35d.pdf,source_backed_secondary_compilation,First-pass public-data compilation from Lianhe Ratings; replace with official statistical communique and fiscal final accounts before journal submission where possible.
jiangsu_xuzhou,9537.12,100m_yuan,2024,https://www.lhratings.com/reports/B022439-P75208-2024-GZ2025.pdf,source_backed_secondary_compilation,901.00,10k_persons,2024,https://www.lhratings.com/file/g0fa6dcf4bf.pdf,source_backed_secondary_compilation,105800,2024,https://www.lhratings.com/reports/B022439-P75208-2024-GZ2025.pdf,source_backed_secondary_compilation,560.29,100m_yuan,2024,https://www.lhratings.com/reports/B022439-P75208-2024-GZ2025.pdf,source_backed_secondary_compilation,1052.38,100m_yuan,2024,https://www.lhratings.com/reports/B022439-P75208-2024-GZ2025.pdf,source_backed_secondary_compilation,0.532403,2024,https://www.lhratings.com/reports/B022439-P75208-2024-GZ2025.pdf,source_backed_secondary_compilation,1872.37,100m_yuan,2024,https://www.lhratings.com/reports/B022439-P75208-2024-GZ2025.pdf,source_backed_secondary_compilation,3.341787,local_government_debt_balance / general_public_budget_revenue,2024,https://www.lhratings.com/reports/B022439-P75208-2024-GZ2025.pdf,source_backed_secondary_compilation,388.41,100m_yuan,2024,https://www.lhratings.com/reports/B022439-P75208-2024-GZ2025.pdf,source_backed_secondary_compilation,0.693230,government_fund_revenue / general_public_budget_revenue proxy,2024,https://www.lhratings.com/reports/B022439-P75208-2024-GZ2025.pdf,source_backed_secondary_compilation,Lianhe Ratings tracking report compiles Xuzhou 2024 statistical communique and 2024 budget-execution/2025 budget-draft figures; population cross-check from Lianhe Jiangsu prefecture-level report. Replace with original official statistical communique and final-account tables before journal submission where possible.
guangdong_guangzhou,31032.50,100m_yuan,2024,https://www.gz.gov.cn/zwgk/sjfb/tjgb/content/post_10203564.html,source_backed_official_statistical_communique,1897.80,10k_persons,2024,https://www.gz.gov.cn/zwgk/sjfb/tjgb/content/post_10203564.html,source_backed_official_statistical_communique,164171,2024,https://www.gz.gov.cn/zwgk/sjfb/tjgb/content/post_10203564.html,source_backed_official_statistical_communique,1954.74,100m_yuan,2024,https://www.gz.gov.cn/zwgk/sjfb/tjgb/content/post_10203564.html,source_backed_official_statistical_communique,2777.43,100m_yuan,2024,https://www.gz.gov.cn/zwgk/sjfb/tjgb/content/post_10203564.html,source_backed_official_statistical_communique,0.703795,2024,https://www.gz.gov.cn/zwgk/sjfb/tjgb/content/post_10203564.html,source_backed_official_statistical_communique,6482.8,100m_yuan,2024,https://www.rd.gz.cn/zyfb/bg/content/post_258263.html,source_backed_official_budget_report,3.316451,local_government_debt_balance / general_public_budget_revenue,2024,https://www.rd.gz.cn/zyfb/bg/content/post_258263.html,source_backed_official_budget_report,1281.7,100m_yuan,2024,https://www.rd.gz.cn/zyfb/bg/content/post_258263.html,source_backed_official_budget_report,0.655688,government_fund_revenue / general_public_budget_revenue proxy,2024,https://www.rd.gz.cn/zyfb/bg/content/post_258263.html,source_backed_official_budget_report,Official statistical communique and municipal budget review report; citywide values.
guangdong_foshan,13361.90,100m_yuan,2024,https://epaper1.fsonline.com.cn/fsrb/html/2025-04/26/content_67007_305974.htm,source_backed_official_statistical_communique_newspaper,969.89,10k_persons,2024,https://epaper1.fsonline.com.cn/fsrb/html/2025-04/26/content_67007_305974.htm,source_backed_official_statistical_communique_newspaper,137767,2024,https://epaper1.fsonline.com.cn/fsrb/html/2025-04/26/content_67007_305974.htm,calculated_from_source_backed_statistical_communique,767.08,100m_yuan,2024,https://www.foshan.gov.cn/attachment/0/565/565690/6786754.pdf,source_backed_official_final_account,919.99,100m_yuan,2024,https://www.foshan.gov.cn/attachment/0/565/565690/6786754.pdf,source_backed_official_final_account,0.833792,2024,https://www.foshan.gov.cn/attachment/0/565/565690/6786754.pdf,source_backed_official_final_account,3136.77,100m_yuan,2024,https://www.foshan.gov.cn/attachment/0/565/565690/6786754.pdf,source_backed_official_final_account,4.089234,local_government_debt_balance / general_public_budget_revenue,2024,https://www.foshan.gov.cn/attachment/0/565/565690/6786754.pdf,source_backed_official_final_account,492.77,100m_yuan,2024,https://www.foshan.gov.cn/attachment/0/565/565690/6786754.pdf,source_backed_official_final_account,0.642397,government_fund_revenue / general_public_budget_revenue proxy,2024,https://www.foshan.gov.cn/attachment/0/565/565690/6786754.pdf,source_backed_official_final_account,Statistical communique is published by Foshan Statistics Bureau and Foshan survey team in Foshan Daily. Fiscal debt and government-fund values are from the official 2024 municipal final-account disclosure. The row brings the Foshan functional-transfer case into the first-pass full-controls sample.
jiangsu_nantong,12421.90,100m_yuan,2024,https://www.lhratings.com/file/g0fa6dcf4bf.pdf,source_backed_secondary_compilation,775.0,10k_persons,2024,https://www.lhratings.com/file/g0fa6dcf4bf.pdf,source_backed_secondary_compilation,160000,2024,https://www.lhratings.com/file/g0fa6dcf4bf.pdf,source_backed_secondary_compilation,700.8972,100m_yuan,2024,https://www.nantong.gov.cn/truecms/attachmentController/download.do?id=7880f686-e111-4675-9d13-b268609b09de,source_backed_official_budget_table,1179.0517,100m_yuan,2024,https://www.nantong.gov.cn/truecms/attachmentController/download.do?id=7880f686-e111-4675-9d13-b268609b09de,source_backed_official_budget_table,0.594458,2024,https://www.nantong.gov.cn/truecms/attachmentController/download.do?id=7880f686-e111-4675-9d13-b268609b09de,source_backed_official_budget_table,2616.08,100m_yuan,2024,https://www.nantong.gov.cn/truecms/attachmentController/download.do?id=7880f686-e111-4675-9d13-b268609b09de,source_backed_official_budget_table,3.732473,local_government_debt_balance / general_public_budget_revenue,2024,https://www.nantong.gov.cn/truecms/attachmentController/download.do?id=7880f686-e111-4675-9d13-b268609b09de,source_backed_official_budget_table,834.5360,100m_yuan,2024,https://www.nantong.gov.cn/truecms/attachmentController/download.do?id=7880f686-e111-4675-9d13-b268609b09de,source_backed_official_budget_table,1.190668,government_fund_revenue / general_public_budget_revenue proxy,2024,https://www.nantong.gov.cn/truecms/attachmentController/download.do?id=7880f686-e111-4675-9d13-b268609b09de,source_backed_official_budget_table,GDP from Jiangsu public-data compilation; fiscal debt and fund values from official municipal budget tables.
fujian_fuzhou,14236.76,100m_yuan,2024,https://www.fuzhou.gov.cn/zwgk/tjxx/ndbg/202504/t20250403_4999354.htm,source_backed_official_statistical_communique,850.1,10k_persons,2024,https://www.fuzhou.gov.cn/zwgk/tjxx/ndbg/202504/t20250403_4999354.htm,source_backed_official_statistical_communique,167787,2024,https://www.fuzhou.gov.cn/zwgk/tjxx/ndbg/202504/t20250403_4999354.htm,source_backed_official_statistical_communique,750.50,100m_yuan,2024,https://www.fuzhou.gov.cn/zgfzzt/czzj/bjndyjs/zfysgk/202501/t20250127_4970241.htm,source_backed_official_budget_report,1022.43,100m_yuan,2024,https://www.fuzhou.gov.cn/zgfzzt/czzj/bjndyjs/zfysgk/202501/t20250127_4970241.htm,source_backed_official_budget_report,0.734036,2024,https://www.fuzhou.gov.cn/zgfzzt/czzj/bjndyjs/zfysgk/202501/t20250127_4970241.htm,source_backed_official_budget_report,2760.69,100m_yuan,2024,https://www.fuzhou.gov.cn/zgfzzt/czzj/bjndyjs/zfysgk/202501/t20250127_4970241.htm,source_backed_official_budget_report,3.678468,local_government_debt_balance / general_public_budget_revenue,2024,https://www.fuzhou.gov.cn/zgfzzt/czzj/bjndyjs/zfysgk/202501/t20250127_4970241.htm,source_backed_official_budget_report,612.28,100m_yuan,2024,https://www.fuzhou.gov.cn/zgfzzt/czzj/bjndyjs/zfysgk/202501/t20250127_4970241.htm,source_backed_official_budget_report,0.815829,government_fund_revenue / general_public_budget_revenue proxy,2024,https://www.fuzhou.gov.cn/zgfzzt/czzj/bjndyjs/zfysgk/202501/t20250127_4970241.htm,source_backed_official_budget_report,Official statistical communique and municipal budget report; citywide values include Pingtan where the budget report defines full-city figures that way.
zhejiang_jiaxing,7569.53,100m_yuan,2024,https://zjjcmspublic.oss-cn-hangzhou-zwynet-d01-a.internet.cloud.zj.gov.cn/jcms_files/jcms1/web3059/site/attach/0/78c3082538704b178ee0a1f21d20f0d1.pdf,source_backed_official_statistical_communique,560.80,10k_persons,2024,https://tjgb.hongheiku.com/djs/57894.html,source_backed_official_statistical_communique_reprint,135267,2024,https://zjjcmspublic.oss-cn-hangzhou-zwynet-d01-a.internet.cloud.zj.gov.cn/jcms_files/jcms1/web3059/site/attach/0/78c3082538704b178ee0a1f21d20f0d1.pdf,source_backed_official_statistical_communique,638.72,100m_yuan,2024,https://zjjcmspublic.oss-cn-hangzhou-zwynet-d01-a.internet.cloud.zj.gov.cn/jcms_files/jcms1/web2378/site/attach/0/4a39a0ab580548cb8613d38be69ccad9.pdf,source_backed_official_final_account,836.01,100m_yuan,2024,https://zjjcmspublic.oss-cn-hangzhou-zwynet-d01-a.internet.cloud.zj.gov.cn/jcms_files/jcms1/web2378/site/attach/0/4a39a0ab580548cb8613d38be69ccad9.pdf,source_backed_official_final_account,0.764010,2024,https://zjjcmspublic.oss-cn-hangzhou-zwynet-d01-a.internet.cloud.zj.gov.cn/jcms_files/jcms1/web2378/site/attach/0/4a39a0ab580548cb8613d38be69ccad9.pdf,source_backed_official_final_account,2400.90,100m_yuan,2024,https://zjjcmspublic.oss-cn-hangzhou-zwynet-d01-a.internet.cloud.zj.gov.cn/jcms_files/jcms1/web2378/site/attach/0/4a39a0ab580548cb8613d38be69ccad9.pdf,source_backed_official_final_account,3.758924,local_government_debt_balance / general_public_budget_revenue,2024,https://zjjcmspublic.oss-cn-hangzhou-zwynet-d01-a.internet.cloud.zj.gov.cn/jcms_files/jcms1/web2378/site/attach/0/4a39a0ab580548cb8613d38be69ccad9.pdf,source_backed_official_final_account,450.65,100m_yuan,2024,https://zjjcmspublic.oss-cn-hangzhou-zwynet-d01-a.internet.cloud.zj.gov.cn/jcms_files/jcms1/web2378/site/attach/0/4a39a0ab580548cb8613d38be69ccad9.pdf,source_backed_official_final_account,0.705552,government_fund_revenue / general_public_budget_revenue proxy,2024,https://zjjcmspublic.oss-cn-hangzhou-zwynet-d01-a.internet.cloud.zj.gov.cn/jcms_files/jcms1/web2378/site/attach/0/4a39a0ab580548cb8613d38be69ccad9.pdf,source_backed_official_final_account,Official statistical communique and municipal final-account report; population cross-checked through a statistical-communique reprint because the official PDF is intermittently blocked to command-line download.
zhejiang_ningbo,18147.7,100m_yuan,2024,https://tjgb.hongheiku.com/xjtjgb/xj2020/57318.html,source_backed_official_statistical_communique_reprint,977.7,10k_persons,2024,https://tjgb.hongheiku.com/xjtjgb/xj2020/57318.html,source_backed_official_statistical_communique_reprint,186379,2024,https://tjgb.hongheiku.com/xjtjgb/xj2020/57318.html,source_backed_official_statistical_communique_reprint,1790.47,100m_yuan,2024,https://static.sse.com.cn/disclosure/bond/announcement/local/c/new/2026-06-18/0000_20260618_TUIO.pdf,source_backed_bond_disclosure_compilation,2230.32,100m_yuan,2024,https://static.sse.com.cn/disclosure/bond/announcement/local/c/new/2025-05-16/0000_20250516_TQDC.pdf,source_backed_bond_disclosure_compilation,0.802786,2024,https://static.sse.com.cn/disclosure/bond/announcement/local/c/new/2025-05-16/0000_20250516_TQDC.pdf,source_backed_bond_disclosure_compilation,3997.40,100m_yuan,2024,https://www.sfecr.com/upload/file/2025-12/col121/1767082353593.pdf,source_backed_secondary_compilation,2.232598,local_government_debt_balance / general_public_budget_revenue,2024,https://www.sfecr.com/upload/file/2025-12/col121/1767082353593.pdf,source_backed_secondary_compilation,721.00,100m_yuan,2024,https://static.sse.com.cn/disclosure/bond/announcement/local/c/new/2026-06-18/0000_20260618_TUIO.pdf,source_backed_bond_disclosure_compilation,0.402688,government_fund_revenue / general_public_budget_revenue proxy,2024,https://static.sse.com.cn/disclosure/bond/announcement/local/c/new/2026-06-18/0000_20260618_TUIO.pdf,source_backed_bond_disclosure_compilation,Statistical-communique values are from a Ningbo Statistics Bureau reprint. Fiscal and fund values are from Shanghai Stock Exchange local-government bond disclosure files; debt balance is from a 2025 Ningbo government-bond tracking report. These fields should be OCR-checked against official final-account tables before journal submission.
shandong_jinan,13527.60,100m_yuan,2024,https://jntj.jinan.gov.cn/col18254/art/2025/art_18254_4754709.html,source_backed_official_statistical_communique,951.5,10k_persons,2024,https://jntj.jinan.gov.cn/col18254/art/2025/art_18254_4754709.html,source_backed_official_statistical_communique,142171,2024,https://jntj.jinan.gov.cn/col18254/art/2025/art_18254_4754709.html,source_backed_official_statistical_communique,1083.0,100m_yuan,2024,https://jntj.jinan.gov.cn/col18254/art/2025/art_18254_4754709.html,source_backed_official_statistical_communique,1397.1,100m_yuan,2024,https://jntj.jinan.gov.cn/col18254/art/2025/art_18254_4754709.html,source_backed_official_statistical_communique,0.775177,2024,https://jntj.jinan.gov.cn/col18254/art/2025/art_18254_4754709.html,source_backed_official_statistical_communique,3759.4522,100m_yuan,2024,https://jncz.jinan.gov.cn/cms_files/complat3/1572/attach/20261/9e5f8d258db84624b580173fea37c055.pdf,source_backed_official_budget_table,3.471332,local_government_debt_balance / general_public_budget_revenue,2024,https://jncz.jinan.gov.cn/cms_files/complat3/1572/attach/20261/9e5f8d258db84624b580173fea37c055.pdf,source_backed_official_budget_table,591.9996,100m_yuan,2024,https://jncz.jinan.gov.cn/cms_files/complat3/1572/attach/20261/9e5f8d258db84624b580173fea37c055.pdf,source_backed_official_budget_table,0.546629,government_fund_revenue / general_public_budget_revenue proxy,2024,https://jncz.jinan.gov.cn/cms_files/complat3/1572/attach/20261/9e5f8d258db84624b580173fea37c055.pdf,source_backed_official_budget_table,Official statistical communique and municipal budget tables; debt balance uses the year-end local government bond balance table.
shandong_qingdao,16719.46,100m_yuan,2024,https://tjgb.hongheiku.com/djs/58586.html,source_backed_official_statistical_communique_reprint,1044.25,10k_persons,2024,https://tjgb.hongheiku.com/djs/58586.html,source_backed_official_statistical_communique_reprint,160110,2024,https://tjgb.hongheiku.com/djs/58586.html,source_backed_official_statistical_communique_reprint,1339.26,100m_yuan,2024,https://www.qingdao.gov.cn/zwgk/zdgk/czxx/szfyjs/czys/202502/P020250227340443129972.pdf,source_backed_official_budget_report,1720.42,100m_yuan,2024,https://www.qingdao.gov.cn/zwgk/zdgk/czxx/szfyjs/czys/202502/P020250227340443129972.pdf,source_backed_official_budget_report,0.778449,2024,https://www.qingdao.gov.cn/zwgk/zdgk/czxx/szfyjs/czys/202502/P020250227340443129972.pdf,source_backed_official_budget_report,4382.57,100m_yuan,2024,https://www.qingdao.gov.cn/ywdt/zwyw/202502/t20250216_8955414.shtml,source_backed_official_budget_report,3.272382,local_government_debt_balance / general_public_budget_revenue,2024,https://www.qingdao.gov.cn/ywdt/zwyw/202502/t20250216_8955414.shtml,source_backed_official_budget_report,299.02,100m_yuan,2024,https://www.qingdao.gov.cn/zwgk/zdgk/czxx/szfyjs/czys/202502/P020250227340443129972.pdf,source_backed_official_budget_report,0.223273,government_fund_revenue / general_public_budget_revenue proxy,2024,https://www.qingdao.gov.cn/zwgk/zdgk/czxx/szfyjs/czys/202502/P020250227340443129972.pdf,source_backed_official_budget_report,Official budget-execution report and statistical-communique reprint. GDP per capita is computed from official GDP and resident-population values because the communique reports GDP and population separately. Government-fund revenue is total government-fund budget revenue and retained as a land-finance proxy.
jiangxi_shangrao,3720.90,100m_yuan,2024,https://tjgb.hongheiku.com/djs/60442.html,source_backed_official_statistical_communique_reprint,635.1,10k_persons,2024,https://tjgb.hongheiku.com/djs/60442.html,source_backed_official_statistical_communique_reprint,58381,2024,https://tjgb.hongheiku.com/djs/60442.html,source_backed_official_statistical_communique_reprint,282,100m_yuan,2024,https://www.dagongcredit.com/dggj/uploads/M00/01/05/CtwqcWkyiuqAbmKBABFPE3L_y4w495.pdf,source_backed_rating_report_compilation,835,100m_yuan,2024,https://www.dagongcredit.com/dggj/uploads/M00/01/05/CtwqcWkyiuqAbmKBABFPE3L_y4w495.pdf,source_backed_rating_report_compilation,0.337725,2024,https://www.dagongcredit.com/dggj/uploads/M00/01/05/CtwqcWkyiuqAbmKBABFPE3L_y4w495.pdf,source_backed_rating_report_compilation,1570.99,100m_yuan,2024,https://www.dagongcredit.com/dggj/uploads/M00/01/05/CtwqcWkyiuqAbmKBABFPE3L_y4w495.pdf,source_backed_rating_report_compilation,5.570887,local_government_debt_balance / general_public_budget_revenue,2024,https://www.dagongcredit.com/dggj/uploads/M00/01/05/CtwqcWkyiuqAbmKBABFPE3L_y4w495.pdf,source_backed_rating_report_compilation,227,100m_yuan,2024,https://www.dagongcredit.com/dggj/uploads/M00/01/05/CtwqcWkyiuqAbmKBABFPE3L_y4w495.pdf,source_backed_rating_report_compilation,0.804965,government_fund_revenue / general_public_budget_revenue proxy,2024,https://www.dagongcredit.com/dggj/uploads/M00/01/05/CtwqcWkyiuqAbmKBABFPE3L_y4w495.pdf,source_backed_rating_report_compilation,Statistical-communique values are from a public reprint. Fiscal government-fund and debt values are from the 2025 Dagong active-rating report for Shangrao City Construction Investment Development Group. Replace with official final-account tables before journal submission where possible.
tianjin_tianjin,18024.32,100m_yuan,2024,https://www.lhratings.com/reports/B024126-P84540-2025.pdf,source_backed_secondary_compilation,1364,10k_persons,2024,https://www.tjnj.net/newsview/20250327111346,source_backed_statistical_communique_reprint,132143,2024,https://www.lhratings.com/reports/B024126-P84540-2025.pdf,source_backed_secondary_compilation,2134.20,100m_yuan,2024,https://www.lhratings.com/reports/B024126-P84540-2025.pdf,source_backed_secondary_compilation,3627.18,100m_yuan,2024,https://www.lhratings.com/reports/B024126-P84540-2025.pdf,source_backed_secondary_compilation,0.588391,2024,https://www.lhratings.com/reports/B024126-P84540-2025.pdf,source_backed_secondary_compilation,13402.54,100m_yuan,2024,https://www.lhratings.com/reports/B024126-P84540-2025.pdf,source_backed_secondary_compilation,6.279889,local_government_debt_balance / general_public_budget_revenue,2024,https://www.lhratings.com/reports/B024126-P84540-2025.pdf,source_backed_secondary_compilation,688.56,100m_yuan,2024,https://www.lhratings.com/reports/B024126-P84540-2025.pdf,source_backed_secondary_compilation,0.322631,government_fund_revenue / general_public_budget_revenue proxy,2024,https://www.lhratings.com/reports/B024126-P84540-2025.pdf,source_backed_secondary_compilation,Fiscal debt and GDP values from Lianhe Ratings compilation of 2022-2024 final accounts and statistical communiques; population from a 2024 statistical-communique reprint. Replace with official final-account tables before journal submission where possible.
hubei_huangshi,2305.81,100m_yuan,2024,https://tjj.hubei.gov.cn/tjsj/tjgb/ndtjgb/sztjgb/202504/P020250422587041236141.pdf,source_backed_official_statistical_communique,243.53,10k_persons,2024,https://tjj.hubei.gov.cn/tjsj/tjgb/ndtjgb/sztjgb/202504/P020250422587041236141.pdf,source_backed_official_statistical_communique,94683,2024,https://tjj.hubei.gov.cn/tjsj/tjgb/ndtjgb/sztjgb/202504/P020250422587041236141.pdf,source_backed_official_statistical_communique,190.03,100m_yuan,2024,https://czj.huangshi.gov.cn/2020xxgkzn/2020gknr/2020czzj/sbjyjs/202502/t20250225_1197211.html,source_backed_official_budget_report,334.06,100m_yuan,2024,https://czj.huangshi.gov.cn/2020xxgkzn/2020gknr/2020czzj/sbjyjs/202502/t20250225_1197211.html,source_backed_official_budget_report,0.568850,2024,https://czj.huangshi.gov.cn/2020xxgkzn/2020gknr/2020czzj/sbjyjs/202502/t20250225_1197211.html,source_backed_official_budget_report,658,100m_yuan,2024,https://czj.huangshi.gov.cn/2020xxgkzn/2020gknr/2020czzj/sbjyjs/202502/t20250225_1197211.html,source_backed_official_budget_report,3.462611,local_government_debt_balance / general_public_budget_revenue,2024,https://czj.huangshi.gov.cn/2020xxgkzn/2020gknr/2020czzj/sbjyjs/202502/t20250225_1197211.html,source_backed_official_budget_report,46.1439,100m_yuan,2024,https://czj.huangshi.gov.cn/2020xxgkzn/2020gknr/2020czzj/sbjyjs/202502/t20250225_1197211.html,source_backed_official_budget_report_city_direct_proxy,0.242824,city_direct_government_fund_revenue / general_public_budget_revenue proxy,2024,https://czj.huangshi.gov.cn/2020xxgkzn/2020gknr/2020czzj/sbjyjs/202502/t20250225_1197211.html,source_backed_official_budget_report_city_direct_proxy,Official statistical communique and finance-bureau budget report. General-budget and debt values are citywide. Government-fund revenue is city-direct only and retained as transparent first-pass land-finance proxy; replace with full-city fund revenue before journal submission if available.
zhejiang_hangzhou,21860,100m_yuan,2024,https://tjgb.hongheiku.com/djs/57316.html,source_backed_official_statistical_communique_reprint,1262.4,10k_persons,2024,https://tjgb.hongheiku.com/djs/57316.html,source_backed_official_statistical_communique_reprint,173867,2024,https://tjgb.hongheiku.com/djs/57316.html,source_backed_official_statistical_communique_reprint,2640.30,100m_yuan,2024,https://zjjcmspublic.oss-cn-hangzhou-zwynet-d01-a.internet.cloud.zj.gov.cn/jcms_files/jcms1/web149/site/attach/0/22d597e448ef42f3912db9c80b730f3c.pdf,source_backed_official_budget_report,2690.40,100m_yuan,2024,https://zjjcmspublic.oss-cn-hangzhou-zwynet-d01-a.internet.cloud.zj.gov.cn/jcms_files/jcms1/web149/site/attach/0/22d597e448ef42f3912db9c80b730f3c.pdf,source_backed_official_budget_report,0.981378,2024,https://zjjcmspublic.oss-cn-hangzhou-zwynet-d01-a.internet.cloud.zj.gov.cn/jcms_files/jcms1/web149/site/attach/0/22d597e448ef42f3912db9c80b730f3c.pdf,source_backed_official_budget_report,4464.90,100m_yuan,2024,https://zjjcmspublic.oss-cn-hangzhou-zwynet-d01-a.internet.cloud.zj.gov.cn/jcms_files/jcms1/web149/site/attach/0/22d597e448ef42f3912db9c80b730f3c.pdf,source_backed_official_budget_report,1.691058,local_government_debt_balance / general_public_budget_revenue,2024,https://zjjcmspublic.oss-cn-hangzhou-zwynet-d01-a.internet.cloud.zj.gov.cn/jcms_files/jcms1/web149/site/attach/0/22d597e448ef42f3912db9c80b730f3c.pdf,source_backed_official_budget_report,1531.0805,100m_yuan,2024,https://zjjcmspublic.oss-cn-hangzhou-zwynet-d01-a.internet.cloud.zj.gov.cn/jcms_files/jcms1/web149/site/attach/0/22d597e448ef42f3912db9c80b730f3c.pdf,source_backed_official_budget_report,0.579889,government_fund_revenue / general_public_budget_revenue proxy,2024,https://zjjcmspublic.oss-cn-hangzhou-zwynet-d01-a.internet.cloud.zj.gov.cn/jcms_files/jcms1/web149/site/attach/0/22d597e448ef42f3912db9c80b730f3c.pdf,source_backed_official_budget_report,Statistical communique values are from a municipal communique reprint. Fiscal debt and government-fund values are from the official Hangzhou budget-execution and budget-draft report. The row brings the Hangzhou functional-transfer case into the first-pass full-controls sample.
jiangsu_wuxi,16263.29,100m_yuan,2024,https://www.lhratings.com/file/g04c6e7d612.pdf,source_backed_rating_report_compilation,750.50,10k_persons,2024,https://www.lhratings.com/file/g04c6e7d612.pdf,source_backed_rating_report_compilation,216800,2024,https://www.lhratings.com/file/g04c6e7d612.pdf,source_backed_rating_report_compilation,1210.09,100m_yuan,2024,https://www.lhratings.com/file/g04c6e7d612.pdf,source_backed_rating_report_compilation,1341.46,100m_yuan,2024,https://www.lhratings.com/file/g04c6e7d612.pdf,source_backed_rating_report_compilation,0.902100,2024,https://www.lhratings.com/file/g04c6e7d612.pdf,source_backed_rating_report_compilation,2609.72,100m_yuan,2024,https://www.lhratings.com/file/g04c6e7d612.pdf,source_backed_rating_report_compilation,2.156633,local_government_debt_balance / general_public_budget_revenue,2024,https://www.lhratings.com/file/g04c6e7d612.pdf,source_backed_rating_report_compilation,799.29,100m_yuan,2024,https://www.lhratings.com/file/g04c6e7d612.pdf,source_backed_rating_report_compilation,0.660521,government_fund_revenue / general_public_budget_revenue proxy,2024,https://www.lhratings.com/file/g04c6e7d612.pdf,source_backed_rating_report_compilation,Lianhe Ratings compiles Wuxi 2024 GDP resident population per-capita GDP general-budget revenue and expenditure government-fund revenue and local-government debt balance from public materials. The row brings the Yixing-Wuxi functional-transfer case into the first-pass full-controls sample. Replace with official final-account tables before journal submission where possible.
zhejiang_wenzhou,9718.8,100m_yuan,2024,https://tjgb.hongheiku.com/djs/57364.html,source_backed_official_statistical_communique_reprint,985.2,10k_persons,2024,https://tjgb.hongheiku.com/djs/57364.html,source_backed_official_statistical_communique_reprint,99106,2024,https://tjgb.hongheiku.com/djs/57364.html,source_backed_official_statistical_communique_reprint,632.58,100m_yuan,2024,https://zjjcmspublic.oss-cn-hangzhou-zwynet-d01-a.internet.cloud.zj.gov.cn/jcms_files/jcms1/web1825/site/attach/0/39fd4a0f38894497b55baa945403096f.pdf,source_backed_official_budget_report,1177.64,100m_yuan,2024,https://zjjcmspublic.oss-cn-hangzhou-zwynet-d01-a.internet.cloud.zj.gov.cn/jcms_files/jcms1/web1825/site/attach/0/39fd4a0f38894497b55baa945403096f.pdf,source_backed_official_budget_report,0.537159,2024,https://zjjcmspublic.oss-cn-hangzhou-zwynet-d01-a.internet.cloud.zj.gov.cn/jcms_files/jcms1/web1825/site/attach/0/39fd4a0f38894497b55baa945403096f.pdf,source_backed_official_budget_report,3654.14,100m_yuan,2024,https://zjjcmspublic.oss-cn-hangzhou-zwynet-d01-a.internet.cloud.zj.gov.cn/jcms_files/jcms1/web1825/site/attach/0/39fd4a0f38894497b55baa945403096f.pdf,source_backed_official_budget_report,5.776566,local_government_debt_balance / general_public_budget_revenue,2024,https://zjjcmspublic.oss-cn-hangzhou-zwynet-d01-a.internet.cloud.zj.gov.cn/jcms_files/jcms1/web1825/site/attach/0/39fd4a0f38894497b55baa945403096f.pdf,source_backed_official_budget_report,958.96,100m_yuan,2024,https://zjjcmspublic.oss-cn-hangzhou-zwynet-d01-a.internet.cloud.zj.gov.cn/jcms_files/jcms1/web1825/site/attach/0/39fd4a0f38894497b55baa945403096f.pdf,source_backed_official_budget_report,1.515951,government_fund_revenue / general_public_budget_revenue proxy,2024,https://zjjcmspublic.oss-cn-hangzhou-zwynet-d01-a.internet.cloud.zj.gov.cn/jcms_files/jcms1/web1825/site/attach/0/39fd4a0f38894497b55baa945403096f.pdf,source_backed_official_budget_report,Statistical-communique values are from a municipal communique reprint sourced to Wenzhou Statistics Bureau and the Wenzhou survey team. Fiscal debt and government-fund values are from the official 2024 municipal budget-execution and 2025 budget-draft report. The row brings the Wenzhou municipal construction-group functional-transfer case into the first-pass full-controls sample.
zhejiang_taizhou,6656.40,100m_yuan,2024,https://www.zgrkk.com/reports/335.html,source_backed_official_statistical_communique_reprint,672.9,10k_persons,2024,https://www.zgrkk.com/reports/335.html,source_backed_official_statistical_communique_reprint,98921,2024,https://www.zgrkk.com/reports/335.html,calculated_from_source_backed_statistical_communique,502.98,100m_yuan,2024,https://zjjcmspublic.oss-cn-hangzhou-zwynet-d01-a.internet.cloud.zj.gov.cn/jcms_files/jcms1/web2787/site/attach/0/b49cc0874e5f4cd89c0dd0a0e007972e.pdf,source_backed_official_budget_report,845.23,100m_yuan,2024,https://zjjcmspublic.oss-cn-hangzhou-zwynet-d01-a.internet.cloud.zj.gov.cn/jcms_files/jcms1/web2787/site/attach/0/b49cc0874e5f4cd89c0dd0a0e007972e.pdf,source_backed_official_budget_report,0.595081,2024,https://zjjcmspublic.oss-cn-hangzhou-zwynet-d01-a.internet.cloud.zj.gov.cn/jcms_files/jcms1/web2787/site/attach/0/b49cc0874e5f4cd89c0dd0a0e007972e.pdf,source_backed_official_budget_report,2336.79,100m_yuan,2024,https://zjjcmspublic.oss-cn-hangzhou-zwynet-d01-a.internet.cloud.zj.gov.cn/jcms_files/jcms1/web2787/site/attach/0/b49cc0874e5f4cd89c0dd0a0e007972e.pdf,source_backed_official_budget_report,4.645890,local_government_debt_balance / general_public_budget_revenue,2024,https://zjjcmspublic.oss-cn-hangzhou-zwynet-d01-a.internet.cloud.zj.gov.cn/jcms_files/jcms1/web2787/site/attach/0/b49cc0874e5f4cd89c0dd0a0e007972e.pdf,source_backed_official_budget_report,490.96,100m_yuan,2024,https://zjjcmspublic.oss-cn-hangzhou-zwynet-d01-a.internet.cloud.zj.gov.cn/jcms_files/jcms1/web2787/site/attach/0/b49cc0874e5f4cd89c0dd0a0e007972e.pdf,source_backed_official_budget_report,0.976102,government_fund_revenue / general_public_budget_revenue proxy,2024,https://zjjcmspublic.oss-cn-hangzhou-zwynet-d01-a.internet.cloud.zj.gov.cn/jcms_files/jcms1/web2787/site/attach/0/b49cc0874e5f4cd89c0dd0a0e007972e.pdf,source_backed_official_budget_report,Statistical-communique values are from a public reprint sourced to Taizhou Statistics Bureau and the Taizhou survey team. GDP per capita is calculated from source-backed GDP and resident population because the retrieved communique text reports those fields separately. Fiscal debt and government-fund values are from the official 2024 municipal budget-execution and 2025 budget-draft report. The row brings the Wenling-Taizhou county-level functional-transfer case into the first-pass full-controls sample.
zhejiang_shaoxing,8369,100m_yuan,2024,https://tjgb.hongheiku.com/djs/57503.html,source_backed_official_statistical_communique_reprint,542.9,10k_persons,2024,https://tjgb.hongheiku.com/djs/57503.html,source_backed_official_statistical_communique_reprint,154645,2024,https://tjgb.hongheiku.com/djs/57503.html,source_backed_official_statistical_communique_reprint,588.88,100m_yuan,2024,https://zjjcmspublic.oss-cn-hangzhou-zwynet-d01-a.internet.cloud.zj.gov.cn/jcms_files/jcms1/web2959/site/attach/0/a0eca5d82b074c2db1ac06a874ad5fd5.pdf,source_backed_official_budget_report,830.04,100m_yuan,2024,https://zjjcmspublic.oss-cn-hangzhou-zwynet-d01-a.internet.cloud.zj.gov.cn/jcms_files/jcms1/web2959/site/attach/0/a0eca5d82b074c2db1ac06a874ad5fd5.pdf,source_backed_official_budget_report,0.709460,2024,https://zjjcmspublic.oss-cn-hangzhou-zwynet-d01-a.internet.cloud.zj.gov.cn/jcms_files/jcms1/web2959/site/attach/0/a0eca5d82b074c2db1ac06a874ad5fd5.pdf,source_backed_official_budget_report,2216.35,100m_yuan,2024,https://zjjcmspublic.oss-cn-hangzhou-zwynet-d01-a.internet.cloud.zj.gov.cn/jcms_files/jcms1/web2959/site/attach/0/f10e73edd82a458db96303bcffc4a89a.pdf,source_backed_official_debt_table,3.763670,local_government_debt_balance / general_public_budget_revenue,2024,https://zjjcmspublic.oss-cn-hangzhou-zwynet-d01-a.internet.cloud.zj.gov.cn/jcms_files/jcms1/web2959/site/attach/0/f10e73edd82a458db96303bcffc4a89a.pdf,source_backed_official_debt_table,417.37,100m_yuan,2024,https://zjjcmspublic.oss-cn-hangzhou-zwynet-d01-a.internet.cloud.zj.gov.cn/jcms_files/jcms1/web2959/site/attach/0/67eaa5a5a89d46a59a0205b7772ea42b.pdf,source_backed_official_budget_report,0.708752,government_fund_revenue / general_public_budget_revenue proxy,2024,https://zjjcmspublic.oss-cn-hangzhou-zwynet-d01-a.internet.cloud.zj.gov.cn/jcms_files/jcms1/web2959/site/attach/0/67eaa5a5a89d46a59a0205b7772ea42b.pdf,source_backed_official_budget_report,Statistical-communique values are from a municipal communique reprint sourced to Shaoxing Statistics Bureau and the Shaoxing survey team. General-budget values are from the official 2024 general-budget execution report; government-fund revenue is from the official 2024 government-fund budget execution report; debt balance sums general and special debt from the official 2024 local-government debt limit and balance table. The row brings the Shaoxing development-zone nominal-exit case into the first-pass full-controls sample.
zhejiang_huzhou,4213.4,100m_yuan,2024,https://tjgb.hongheiku.com/djs/57700.html,source_backed_official_statistical_communique_reprint,346.5,10k_persons,2024,https://tjgb.hongheiku.com/djs/57700.html,source_backed_official_statistical_communique_reprint,122057,2024,https://tjgb.hongheiku.com/djs/57700.html,source_backed_official_statistical_communique_reprint,410.73,100m_yuan,2024,https://gu.sina.cn/bd/hq/notice.php?annid=22749170&source=bdquote,source_backed_rating_report_compilation,590.47,100m_yuan,2024,https://gu.sina.cn/bd/hq/notice.php?annid=22749170&source=bdquote,calculated_from_source_backed_rating_report_fiscal_self_sufficiency,0.695600,2024,https://gu.sina.cn/bd/hq/notice.php?annid=22749170&source=bdquote,source_backed_rating_report_compilation,1611.13,100m_yuan,2024,https://static.sse.com.cn/disclosure/bond/announcement/corporate/c/new/2025-06-26/152840_20250626_JCE1.pdf,source_backed_rating_report_compilation,3.922601,local_government_debt_balance / general_public_budget_revenue,2024,https://static.sse.com.cn/disclosure/bond/announcement/corporate/c/new/2025-06-26/152840_20250626_JCE1.pdf,source_backed_rating_report_compilation,385.08,100m_yuan,2024,https://gu.sina.cn/bd/hq/notice.php?annid=22749170&source=bdquote,source_backed_rating_report_compilation,0.937550,government_fund_revenue / general_public_budget_revenue proxy,2024,https://gu.sina.cn/bd/hq/notice.php?annid=22749170&source=bdquote,source_backed_rating_report_compilation,Statistical-communique values are from a public reprint sourced to Huzhou Statistics Bureau and the Huzhou survey team. General-budget revenue government-fund revenue and fiscal self-sufficiency come from a 2025 rating-report table sourced to Huzhou Finance Bureau and organized by CCXI; general-budget expenditure is calculated from the reported fiscal self-sufficiency ratio. Debt balance is cross-checked against a 2025 Lianhe tracking-rating report. The row brings the Huzhou municipal nominal-exit case into the first-pass full-controls sample.
jiangsu_zhenjiang,5540.01,100m_yuan,2024,https://static.sse.com.cn/disclosure/bond/announcement/company/c/new/2025-08-19/243510_20250819_Q19V.pdf,source_backed_rating_report_compilation,322.66,10k_persons,2024,https://static.sse.com.cn/disclosure/bond/announcement/company/c/new/2025-08-19/243510_20250819_Q19V.pdf,calculated_from_source_backed_gdp_and_per_capita_gdp,171700,2024,https://static.sse.com.cn/disclosure/bond/announcement/company/c/new/2025-08-19/243510_20250819_Q19V.pdf,source_backed_rating_report_compilation,329.11,100m_yuan,2024,https://static.sse.com.cn/disclosure/bond/announcement/company/c/new/2025-06-28/188765_20250628_CY6T.pdf,source_backed_rating_report_compilation,566.13,100m_yuan,2024,https://static.sse.com.cn/disclosure/bond/announcement/company/c/new/2025-06-28/188765_20250628_CY6T.pdf,source_backed_rating_report_compilation,0.581333,2024,https://static.sse.com.cn/disclosure/bond/announcement/company/c/new/2025-06-28/188765_20250628_CY6T.pdf,calculated_from_source_backed_budget_revenue_and_expenditure,2693.48,100m_yuan,2024,https://static.sse.com.cn/disclosure/bond/announcement/company/c/new/2025-06-28/188765_20250628_CY6T.pdf,source_backed_rating_report_compilation,8.184133,local_government_debt_balance / general_public_budget_revenue,2024,https://static.sse.com.cn/disclosure/bond/announcement/company/c/new/2025-06-28/188765_20250628_CY6T.pdf,source_backed_rating_report_compilation,474.97,100m_yuan,2024,https://static.sse.com.cn/disclosure/bond/announcement/company/c/new/2025-06-28/188765_20250628_CY6T.pdf,source_backed_rating_report_compilation,1.443195,government_fund_revenue / general_public_budget_revenue proxy,2024,https://static.sse.com.cn/disclosure/bond/announcement/company/c/new/2025-06-28/188765_20250628_CY6T.pdf,source_backed_rating_report_compilation,Lianhe Ratings reports Zhenjiang 2024 GDP and per-capita GDP from public materials; resident population is calculated from those two fields. Fiscal budget government-fund and debt values come from an SSE-disclosed 2025 tracking-rating report table sourced to Zhenjiang Finance Bureau. The row brings the Zhenjiang industry-investment nominal-exit case into the first-pass full-controls sample and adds a high-debt Jiangsu comparison.
anhui_bengbu,2532.1,100m_yuan,2024,https://www.dfratings.com/uploads/files/2025/0606/NyRoD73272wLuht6AbR9ZH9ewvneST6V2ZiDQ8ad.pdf,source_backed_rating_report_compilation,326.1,10k_persons,2024,https://www.dfratings.com/uploads/files/2025/0606/NyRoD73272wLuht6AbR9ZH9ewvneST6V2ZiDQ8ad.pdf,source_backed_rating_report_compilation,77727,2024,https://www.dfratings.com/uploads/files/2025/0606/NyRoD73272wLuht6AbR9ZH9ewvneST6V2ZiDQ8ad.pdf,source_backed_rating_report_compilation,185.14,100m_yuan,2024,https://www.dfratings.com/uploads/files/2025/0606/NyRoD73272wLuht6AbR9ZH9ewvneST6V2ZiDQ8ad.pdf,source_backed_rating_report_compilation,397.13,100m_yuan,2024,https://www.dfratings.com/uploads/files/2025/0606/NyRoD73272wLuht6AbR9ZH9ewvneST6V2ZiDQ8ad.pdf,calculated_from_source_backed_rating_report_fiscal_self_sufficiency,0.466200,2024,https://www.dfratings.com/uploads/files/2025/0606/NyRoD73272wLuht6AbR9ZH9ewvneST6V2ZiDQ8ad.pdf,source_backed_rating_report_compilation,903.38,100m_yuan,2024,https://www.dfratings.com/uploads/files/2025/0606/NyRoD73272wLuht6AbR9ZH9ewvneST6V2ZiDQ8ad.pdf,source_backed_rating_report_compilation,4.879443,local_government_debt_balance / general_public_budget_revenue,2024,https://www.dfratings.com/uploads/files/2025/0606/NyRoD73272wLuht6AbR9ZH9ewvneST6V2ZiDQ8ad.pdf,source_backed_rating_report_compilation,81.65,100m_yuan,2024,https://www.dfratings.com/uploads/files/2025/0606/NyRoD73272wLuht6AbR9ZH9ewvneST6V2ZiDQ8ad.pdf,source_backed_rating_report_compilation,0.441018,government_fund_revenue / general_public_budget_revenue proxy,2024,https://www.dfratings.com/uploads/files/2025/0606/NyRoD73272wLuht6AbR9ZH9ewvneST6V2ZiDQ8ad.pdf,source_backed_rating_report_compilation,Dongfang Jincheng reports Bengbu 2024 GDP resident population per-capita GDP general-budget revenue government-fund revenue fiscal self-sufficiency and local-government debt balance from public materials. General-budget expenditure is calculated from reported fiscal self-sufficiency. The row brings the Bengbu city-investment nominal-exit case into the first-pass full-controls sample and adds an Anhui high-debt comparison.
jiangsu_huaian,5413.02,100m_yuan,2024,https://www.dfratings.com/uploads/files/2025/1217/GWsE9VJDW2mCGjqb9daojy40wDNupRMTu6EHXrrZ.pdf,source_backed_rating_report_compilation,453.07,10k_persons,2024,https://www.dfratings.com/uploads/files/2025/1217/GWsE9VJDW2mCGjqb9daojy40wDNupRMTu6EHXrrZ.pdf,calculated_from_source_backed_gdp_and_per_capita_gdp,119473,2024,https://www.dfratings.com/uploads/files/2025/1217/GWsE9VJDW2mCGjqb9daojy40wDNupRMTu6EHXrrZ.pdf,source_backed_rating_report_compilation,325.54,100m_yuan,2024,https://www.dfratings.com/uploads/files/2025/1217/GWsE9VJDW2mCGjqb9daojy40wDNupRMTu6EHXrrZ.pdf,source_backed_rating_report_compilation,742.56,100m_yuan,2024,https://www.dfratings.com/uploads/files/2025/1217/GWsE9VJDW2mCGjqb9daojy40wDNupRMTu6EHXrrZ.pdf,calculated_from_source_backed_rating_report_fiscal_self_sufficiency,0.438400,2024,https://www.dfratings.com/uploads/files/2025/1217/GWsE9VJDW2mCGjqb9daojy40wDNupRMTu6EHXrrZ.pdf,source_backed_rating_report_compilation,1031.29,100m_yuan,2024,https://www.dfratings.com/uploads/files/2025/1217/GWsE9VJDW2mCGjqb9daojy40wDNupRMTu6EHXrrZ.pdf,source_backed_rating_report_compilation,3.167936,local_government_debt_balance / general_public_budget_revenue,2024,https://www.dfratings.com/uploads/files/2025/1217/GWsE9VJDW2mCGjqb9daojy40wDNupRMTu6EHXrrZ.pdf,source_backed_rating_report_compilation,370.71,100m_yuan,2024,https://www.dfratings.com/uploads/files/2025/1217/GWsE9VJDW2mCGjqb9daojy40wDNupRMTu6EHXrrZ.pdf,source_backed_rating_report_compilation,1.138754,government_fund_revenue / general_public_budget_revenue proxy,2024,https://www.dfratings.com/uploads/files/2025/1217/GWsE9VJDW2mCGjqb9daojy40wDNupRMTu6EHXrrZ.pdf,source_backed_rating_report_compilation,Dongfang Jincheng reports Huai'an 2024 GDP per-capita GDP general-budget revenue government-fund revenue fiscal self-sufficiency and local-government debt balance from public materials and fiscal final accounts. Resident population is calculated from GDP and per-capita GDP; general-budget expenditure is calculated from fiscal self-sufficiency. The row brings the Huai'an investment-holding nominal-exit case into the first-pass full-controls sample and adds a northern Jiangsu comparison.
guangxi_nanning,5995.36,100m_yuan,2024,https://www.lhratings.com/reports/B009042-P79351-2025-GZ2025.pdf,source_backed_rating_report_compilation,896.17,10k_persons,2024,https://www.lhratings.com/reports/B009042-P79351-2025-GZ2025.pdf,calculated_from_source_backed_gdp_and_per_capita_gdp,66900,2024,https://www.lhratings.com/reports/B009042-P79351-2025-GZ2025.pdf,source_backed_rating_report_compilation,381.16,100m_yuan,2024,https://www.lhratings.com/reports/B009042-P79351-2025-GZ2025.pdf,source_backed_rating_report_compilation,797.01,100m_yuan,2024,https://www.lhratings.com/reports/B009042-P79351-2025-GZ2025.pdf,source_backed_rating_report_compilation,0.478237,2024,https://www.lhratings.com/reports/B009042-P79351-2025-GZ2025.pdf,calculated_from_source_backed_budget_revenue_and_expenditure,1631.90,100m_yuan,2024,https://www.lhratings.com/reports/B009042-P79351-2025-GZ2025.pdf,source_backed_rating_report_compilation,4.281404,local_government_debt_balance / general_public_budget_revenue,2024,https://www.lhratings.com/reports/B009042-P79351-2025-GZ2025.pdf,source_backed_rating_report_compilation,150.59,100m_yuan,2024,https://www.lhratings.com/reports/B009042-P79351-2025-GZ2025.pdf,source_backed_rating_report_compilation,0.395083,government_fund_revenue / general_public_budget_revenue proxy,2024,https://www.lhratings.com/reports/B009042-P79351-2025-GZ2025.pdf,source_backed_rating_report_compilation,Lianhe Ratings reports Nanning 2024 GDP per-capita GDP general-budget revenue general-budget expenditure government-fund revenue fiscal self-sufficiency and local-government debt balance from public materials. Resident population is calculated from GDP and per-capita GDP. The row brings the Nanning city-construction nominal-exit case into the first-pass full-controls sample and adds a non-eastern provincial-capital comparison.
shandong_linyi,6555.8,100m_yuan,2024,https://static.sse.com.cn/disclosure/bond/announcement/corporate/c/new/2025-06-30/184100_20250630_CSJJ.pdf,source_backed_rating_report_compilation,1094.38,10k_persons,2023,https://static.sse.com.cn/disclosure/bond/announcement/corporate/c/new/2025-06-30/184100_20250630_CSJJ.pdf,source_backed_rating_report_compilation_prior_year,59904,2024,https://static.sse.com.cn/disclosure/bond/announcement/corporate/c/new/2025-06-30/184100_20250630_CSJJ.pdf,calculated_from_2024_gdp_and_2023_population_proxy,468.51,100m_yuan,2024,https://static.sse.com.cn/disclosure/bond/announcement/corporate/c/new/2025-06-30/184100_20250630_CSJJ.pdf,source_backed_rating_report_compilation,976.39,100m_yuan,2024,https://static.sse.com.cn/disclosure/bond/announcement/corporate/c/new/2025-06-30/184100_20250630_CSJJ.pdf,source_backed_rating_report_compilation,0.479839,2024,https://static.sse.com.cn/disclosure/bond/announcement/corporate/c/new/2025-06-30/184100_20250630_CSJJ.pdf,calculated_from_source_backed_budget_revenue_and_expenditure,1954.90,100m_yuan,2024,https://static.sse.com.cn/disclosure/bond/announcement/corporate/c/new/2025-06-30/184100_20250630_CSJJ.pdf,source_backed_rating_report_compilation,4.172590,local_government_debt_balance / general_public_budget_revenue,2024,https://static.sse.com.cn/disclosure/bond/announcement/corporate/c/new/2025-06-30/184100_20250630_CSJJ.pdf,source_backed_rating_report_compilation,265.90,100m_yuan,2024,https://static.sse.com.cn/disclosure/bond/announcement/corporate/c/new/2025-06-30/184100_20250630_CSJJ.pdf,source_backed_rating_report_compilation,0.567544,government_fund_revenue / general_public_budget_revenue proxy,2024,https://static.sse.com.cn/disclosure/bond/announcement/corporate/c/new/2025-06-30/184100_20250630_CSJJ.pdf,source_backed_rating_report_compilation,Lianhe Ratings reports Linyi 2024 GDP general-budget revenue general-budget expenditure government-fund revenue and local-government debt balance from public materials. The report states that 2024 year-end resident population was not published; resident population therefore uses the 2023 figure reported in the same table and GDP per capita is a transparent first-pass proxy. The row brings the Linyi city-construction nominal-exit case into the first-pass full-controls sample and adds a Shandong non-capital comparison.
sichuan_chengdu,23511.3,100m_yuan,2024,https://static.sse.com.cn/disclosure/bond/announcement/company/c/new/2025-06-27/175477_20250627_7VJ0.pdf,source_backed_rating_report_compilation,2147.4,10k_persons,2024,https://www.tjnj.net/newsview.aspx?newsid=20250717155655,source_backed_official_statistical_communique_reprint,109669,2024,https://www.tjnj.net/newsview.aspx?newsid=20250717155655,source_backed_official_statistical_communique_reprint,1949.50,100m_yuan,2024,https://static.sse.com.cn/disclosure/bond/announcement/company/c/new/2025-06-27/175477_20250627_7VJ0.pdf,source_backed_rating_report_compilation,2610.39,100m_yuan,2024,https://static.sse.com.cn/disclosure/bond/announcement/company/c/new/2025-06-27/175477_20250627_7VJ0.pdf,source_backed_rating_report_compilation,0.746823,2024,https://static.sse.com.cn/disclosure/bond/announcement/company/c/new/2025-06-27/175477_20250627_7VJ0.pdf,calculated_from_source_backed_budget_revenue_and_expenditure,6206.60,100m_yuan,2024,https://static.sse.com.cn/disclosure/bond/announcement/company/c/new/2025-06-27/175477_20250627_7VJ0.pdf,source_backed_rating_report_compilation,3.183688,local_government_debt_balance / general_public_budget_revenue,2024,https://static.sse.com.cn/disclosure/bond/announcement/company/c/new/2025-06-27/175477_20250627_7VJ0.pdf,source_backed_rating_report_compilation,1239.07,100m_yuan,2024,https://static.sse.com.cn/disclosure/bond/announcement/company/c/new/2025-06-27/175477_20250627_7VJ0.pdf,source_backed_rating_report_compilation,0.635583,government_fund_revenue / general_public_budget_revenue proxy,2024,https://static.sse.com.cn/disclosure/bond/announcement/company/c/new/2025-06-27/175477_20250627_7VJ0.pdf,source_backed_rating_report_compilation,Lianhe Ratings reports Chengdu 2024 GDP general-budget revenue general-budget expenditure government-fund revenue and local-government debt balance from public materials. Resident population and official per-capita GDP come from a public statistical-communique reprint. The row brings the Chengdu nominal-exit case into the first-pass full-controls sample and adds a western provincial-capital comparison with high fiscal capacity and large statutory debt.
heilongjiang_harbin,6016.3,100m_yuan,2024,https://www.harbin.gov.cn/haerbin/c104569/202506/1063449/files/2024%E5%B9%B4%E5%93%88%E5%B0%94%E6%BB%A8%E5%B8%82%E5%9B%BD%E6%B0%91%E7%BB%8F%E5%92%8C%E7%A4%BE%E4%BC%9A%E5%8F%91%E5%B1%95%E7%BB%9F%E8%AE%A1%E5%85%AC%E6%8A%A5.pdf,source_backed_official_statistical_communique,933.0,10k_persons,2024,https://www.harbin.gov.cn/haerbin/c104569/202506/1063449/files/2024%E5%B9%B4%E5%93%88%E5%B0%94%E6%BB%A8%E5%B8%82%E5%9B%BD%E6%B0%91%E7%BB%8F%E5%92%8C%E7%A4%BE%E4%BC%9A%E5%8F%91%E5%B1%95%E7%BB%9F%E8%AE%A1%E5%85%AC%E6%8A%A5.pdf,source_backed_official_statistical_communique_registered_population,64483,2024,https://www.harbin.gov.cn/haerbin/c104569/202506/1063449/files/2024%E5%B9%B4%E5%93%88%E5%B0%94%E6%BB%A8%E5%B8%82%E5%9B%BD%E6%B0%91%E7%BB%8F%E5%92%8C%E7%A4%BE%E4%BC%9A%E5%8F%91%E5%B1%95%E7%BB%9F%E8%AE%A1%E5%85%AC%E6%8A%A5.pdf,calculated_from_2024_gdp_and_registered_population_proxy,337.8,100m_yuan,2024,https://www.harbin.gov.cn/haerbin/c104524/202503/c01_1048804.shtml,source_backed_official_budget_report,1257.6,100m_yuan,2024,https://www.harbin.gov.cn/haerbin/c104524/202503/c01_1048804.shtml,source_backed_official_budget_report,0.268607,2024,https://www.harbin.gov.cn/haerbin/c104524/202503/c01_1048804.shtml,calculated_from_source_backed_budget_revenue_and_expenditure,3486.3,100m_yuan,2024,https://www.harbin.gov.cn/haerbin/c104524/202503/c01_1048804.shtml,source_backed_official_debt_report,10.320604,local_government_debt_balance / general_public_budget_revenue,2024,https://www.harbin.gov.cn/haerbin/c104524/202503/c01_1048804.shtml,source_backed_official_debt_report,60.8,100m_yuan,2024,https://www.harbin.gov.cn/haerbin/c104524/202503/c01_1048804.shtml,source_backed_official_budget_report,0.179988,government_fund_revenue / general_public_budget_revenue proxy,2024,https://www.harbin.gov.cn/haerbin/c104524/202503/c01_1048804.shtml,source_backed_official_budget_report,Harbin official statistical communique reports 2024 GDP and registered population. GDP per capita is calculated from registered population because the retrieved communique field is hukou rather than resident population. The official municipal budget report gives full-city general-budget revenue general-budget expenditure government-fund revenue and legal debt balance. The row brings the Harbin city-construction nominal-exit case into the first-pass full-controls sample and adds a northeastern provincial-capital comparison with very high statutory debt pressure.
henan_luoyang,5818.6,100m_yuan,2024,https://www.ly.gov.cn/2025/04-30/565379.html,source_backed_official_statistical_communique,708.1,10k_persons,2024,https://www.ly.gov.cn/2025/04-30/565379.html,source_backed_official_statistical_communique,82172,2024,https://www.ly.gov.cn/2025/04-30/565379.html,calculated_from_source_backed_gdp_and_population,406.9,100m_yuan,2024,https://oss.ly.gov.cn/upload-file/files/20250312/abf998d372d7492b98d4a795eabea0f1.pdf,source_backed_official_budget_report,701.8,100m_yuan,2024,https://oss.ly.gov.cn/upload-file/files/20250312/abf998d372d7492b98d4a795eabea0f1.pdf,source_backed_official_budget_report,0.579795,2024,https://oss.ly.gov.cn/upload-file/files/20250312/abf998d372d7492b98d4a795eabea0f1.pdf,calculated_from_source_backed_budget_revenue_and_expenditure,1549.4,100m_yuan,2024,https://oss.ly.gov.cn/upload-file/files/20250312/abf998d372d7492b98d4a795eabea0f1.pdf,source_backed_official_budget_report,3.807815,local_government_debt_balance / general_public_budget_revenue,2024,https://oss.ly.gov.cn/upload-file/files/20250312/abf998d372d7492b98d4a795eabea0f1.pdf,source_backed_official_budget_report,269.7,100m_yuan,2024,https://oss.ly.gov.cn/upload-file/files/20250312/abf998d372d7492b98d4a795eabea0f1.pdf,source_backed_official_budget_report,0.662816,government_fund_revenue / general_public_budget_revenue proxy,2024,https://oss.ly.gov.cn/upload-file/files/20250312/abf998d372d7492b98d4a795eabea0f1.pdf,source_backed_official_budget_report,Luoyang official statistical communique reports 2024 GDP and resident population. The official municipal budget report gives full-city general-budget revenue general-budget expenditure government-fund revenue and year-end government debt balance. GDP per capita fiscal self-sufficiency debt pressure and land-finance dependence are calculated from these source-backed fields. The row brings the Luoyang urban-rural construction nominal-exit case into the first-pass full-controls sample and adds a Henan interior prefecture comparison.
hunan_hengyang,4491.69,100m_yuan,2024,https://qxb-pdf-osscache.qixin.com/AnBaseinfo/b208bf41a745acaa50913615bdccdeee.pdf,source_backed_rating_report_compilation,643.43,10k_persons,2024,https://qxb-pdf-osscache.qixin.com/AnBaseinfo/b208bf41a745acaa50913615bdccdeee.pdf,source_backed_rating_report_compilation,69470,2024,https://qxb-pdf-osscache.qixin.com/AnBaseinfo/b208bf41a745acaa50913615bdccdeee.pdf,source_backed_rating_report_compilation,196.25,100m_yuan,2024,https://qxb-pdf-osscache.qixin.com/AnBaseinfo/b208bf41a745acaa50913615bdccdeee.pdf,source_backed_rating_report_compilation,636.27,100m_yuan,2024,https://qxb-pdf-osscache.qixin.com/AnBaseinfo/b208bf41a745acaa50913615bdccdeee.pdf,source_backed_rating_report_compilation,0.308438,2024,https://qxb-pdf-osscache.qixin.com/AnBaseinfo/b208bf41a745acaa50913615bdccdeee.pdf,calculated_from_source_backed_budget_revenue_and_expenditure,1572.96,100m_yuan,2024,https://qxb-pdf-osscache.qixin.com/AnBaseinfo/b208bf41a745acaa50913615bdccdeee.pdf,source_backed_rating_report_compilation,8.015083,local_government_debt_balance / general_public_budget_revenue,2024,https://qxb-pdf-osscache.qixin.com/AnBaseinfo/b208bf41a745acaa50913615bdccdeee.pdf,source_backed_rating_report_compilation,193.26,100m_yuan,2024,https://qxb-pdf-osscache.qixin.com/AnBaseinfo/b208bf41a745acaa50913615bdccdeee.pdf,source_backed_rating_report_compilation,0.984764,government_fund_revenue / general_public_budget_revenue proxy,2024,https://qxb-pdf-osscache.qixin.com/AnBaseinfo/b208bf41a745acaa50913615bdccdeee.pdf,source_backed_rating_report_compilation,Lianhe Ratings reports Hengyang 2024 GDP resident population per-capita GDP general-budget revenue general-budget expenditure government-fund revenue and local-government debt balance from public materials. The row brings the Hengyang city-construction nominal-exit case into the first-pass full-controls sample and adds a Hunan high-debt comparison with weak fiscal self-sufficiency and substantial government-fund dependence.
shaanxi_xian,13317.78,100m_yuan,2024,https://qidian.sxtvs.com/timing/share/content/10583025,source_backed_official_statistical_communique_reprint,1316.76,10k_persons,2024,https://qidian.sxtvs.com/timing/share/content/10583025,source_backed_official_statistical_communique_reprint,101485,2024,https://qidian.sxtvs.com/timing/share/content/10583025,source_backed_official_statistical_communique_reprint,1002.37,100m_yuan,2024,https://qidian.sxtvs.com/timing/share/content/10583025,source_backed_official_statistical_communique_reprint,1561.74,100m_yuan,2024,https://qidian.sxtvs.com/timing/share/content/10583025,source_backed_official_statistical_communique_reprint,0.641829,2024,https://qidian.sxtvs.com/timing/share/content/10583025,calculated_from_source_backed_budget_revenue_and_expenditure,4644.43,100m_yuan,2024,https://qxb-pdf-osscache.qixin.com/AnBaseinfo/493bbe83a4db140e3c392c5687fc50c0.pdf,source_backed_rating_report_compilation,4.633449,local_government_debt_balance / general_public_budget_revenue,2024,https://qxb-pdf-osscache.qixin.com/AnBaseinfo/493bbe83a4db140e3c392c5687fc50c0.pdf,source_backed_rating_report_compilation,1214.91,100m_yuan,2024,https://qxb-pdf-osscache.qixin.com/AnBaseinfo/493bbe83a4db140e3c392c5687fc50c0.pdf,source_backed_rating_report_compilation,1.212037,government_fund_revenue / general_public_budget_revenue proxy,2024,https://qxb-pdf-osscache.qixin.com/AnBaseinfo/493bbe83a4db140e3c392c5687fc50c0.pdf,source_backed_rating_report_compilation,Xi'an statistical communique reports 2024 GDP resident population per-capita GDP general-budget revenue and general-budget expenditure. A CCXI tracking report for a Xi'an high-tech-zone issuer reports citywide government-fund revenue and local-government debt balance from public materials. The row brings the Xi'an High-tech nominal-exit case into the first-pass full-controls sample and adds a district-level development-zone platform inside a western provincial capital.
sichuan_luzhou,2836.52,100m_yuan,2024,https://static.sse.com.cn/disclosure/bond/announcement/company/c/new/2025-06-26/185073_20250626_WW4Z.pdf,source_backed_rating_report_compilation,427.19,10k_persons,2024,https://static.sse.com.cn/disclosure/bond/announcement/company/c/new/2025-06-26/185073_20250626_WW4Z.pdf,calculated_from_source_backed_gdp_and_per_capita_gdp,66400,2024,https://static.sse.com.cn/disclosure/bond/announcement/company/c/new/2025-06-26/185073_20250626_WW4Z.pdf,source_backed_rating_report_compilation,220.60,100m_yuan,2024,https://static.sse.com.cn/disclosure/bond/announcement/company/c/new/2025-06-26/185073_20250626_WW4Z.pdf,source_backed_rating_report_compilation,492.00,100m_yuan,2024,https://static.sse.com.cn/disclosure/bond/announcement/company/c/new/2025-06-26/185073_20250626_WW4Z.pdf,source_backed_rating_report_compilation,0.448374,2024,https://static.sse.com.cn/disclosure/bond/announcement/company/c/new/2025-06-26/185073_20250626_WW4Z.pdf,calculated_from_source_backed_budget_revenue_and_expenditure,1171.30,100m_yuan,2024,https://static.sse.com.cn/disclosure/bond/announcement/company/c/new/2025-06-26/185073_20250626_WW4Z.pdf,source_backed_rating_report_compilation,5.309610,local_government_debt_balance / general_public_budget_revenue,2024,https://static.sse.com.cn/disclosure/bond/announcement/company/c/new/2025-06-26/185073_20250626_WW4Z.pdf,source_backed_rating_report_compilation,179.70,100m_yuan,2024,https://static.sse.com.cn/disclosure/bond/announcement/company/c/new/2025-06-26/185073_20250626_WW4Z.pdf,source_backed_rating_report_compilation,0.814597,government_fund_revenue / general_public_budget_revenue proxy,2024,https://static.sse.com.cn/disclosure/bond/announcement/company/c/new/2025-06-26/185073_20250626_WW4Z.pdf,source_backed_rating_report_compilation,Lianhe Ratings reports Luzhou 2024 GDP per-capita GDP general-budget revenue general-budget expenditure government-fund revenue and local-government debt balance from public materials. Resident population is calculated from source-backed GDP and per-capita GDP. The row brings the Luzhou Xinglu nominal-exit case into the first-pass full-controls sample and adds a western prefecture-level comparison with weaker fiscal self-sufficiency and sizable debt pressure.
shandong_dezhou,4047.73,100m_yuan,2024,https://www.lhratings.com/reports/B0524-P82321-2025.pdf,source_backed_rating_report_compilation,548.28,10k_persons,2024,https://www.lhratings.com/reports/B0524-P82321-2025.pdf,source_backed_rating_report_compilation,73800,2024,https://www.lhratings.com/reports/B0524-P82321-2025.pdf,source_backed_rating_report_compilation,263.36,100m_yuan,2024,https://www.lhratings.com/reports/B0524-P82321-2025.pdf,source_backed_rating_report_compilation,643.99,100m_yuan,2024,https://www.lhratings.com/reports/B0524-P82321-2025.pdf,source_backed_rating_report_compilation,0.408950,2024,https://www.lhratings.com/reports/B0524-P82321-2025.pdf,calculated_from_source_backed_budget_revenue_and_expenditure,1557.34,100m_yuan,2024,https://www.lhratings.com/reports/B0524-P82321-2025.pdf,source_backed_rating_report_compilation,5.913351,local_government_debt_balance / general_public_budget_revenue,2024,https://www.lhratings.com/reports/B0524-P82321-2025.pdf,source_backed_rating_report_compilation,231.64,100m_yuan,2024,https://www.lhratings.com/reports/B0524-P82321-2025.pdf,source_backed_rating_report_compilation,0.879557,government_fund_revenue / general_public_budget_revenue proxy,2024,https://www.lhratings.com/reports/B0524-P82321-2025.pdf,source_backed_rating_report_compilation,Lianhe Ratings reports Dezhou 2024 GDP resident population per-capita GDP general-budget revenue general-budget expenditure fiscal self-sufficiency government-fund revenue and local-government debt balance from public materials. The row brings the Dezhou Deda nominal-exit case into the first-pass full-controls sample and adds a Shandong non-capital comparison with weak fiscal self-sufficiency high debt pressure and continued infrastructure and state-asset functions.
anhui_suzhou,2457.30,100m_yuan,2024,https://www.lhratings.com/reports/B1610-P62794-2022-GZ2025.pdf,source_backed_rating_report_compilation,522.50,10k_persons,2024,https://www.lhratings.com/reports/B1610-P62794-2022-GZ2025.pdf,source_backed_rating_report_compilation,46900,2024,https://www.lhratings.com/reports/B1610-P62794-2022-GZ2025.pdf,source_backed_rating_report_compilation,162.48,100m_yuan,2024,https://www.lhratings.com/reports/B1610-P62794-2022-GZ2025.pdf,source_backed_rating_report_compilation,489.81,100m_yuan,2024,https://www.lhratings.com/reports/B1610-P62794-2022-GZ2025.pdf,source_backed_rating_report_compilation,0.331720,2024,https://www.lhratings.com/reports/B1610-P62794-2022-GZ2025.pdf,calculated_from_source_backed_budget_revenue_and_expenditure,980.51,100m_yuan,2024,https://www.lhratings.com/reports/B1610-P62794-2022-GZ2025.pdf,source_backed_rating_report_compilation,6.034650,local_government_debt_balance / general_public_budget_revenue,2024,https://www.lhratings.com/reports/B1610-P62794-2022-GZ2025.pdf,source_backed_rating_report_compilation,80.64,100m_yuan,2024,https://www.lhratings.com/reports/B1610-P62794-2022-GZ2025.pdf,source_backed_rating_report_compilation,0.496307,government_fund_revenue / general_public_budget_revenue proxy,2024,https://www.lhratings.com/reports/B1610-P62794-2022-GZ2025.pdf,source_backed_rating_report_compilation,Lianhe Ratings reports Suzhou Anhui 2024 GDP resident population per-capita GDP general-budget revenue general-budget expenditure fiscal self-sufficiency government-fund revenue and local-government debt balance from public materials. The row brings the Suzhou city-construction nominal-exit case into the first-pass full-controls sample and adds a northern Anhui comparison with weak fiscal self-sufficiency high statutory debt pressure and continuing shantytown redevelopment municipal infrastructure land-development and state-asset functions.
jiangxi_jian,2917.30,100m_yuan,2024,https://static.sse.com.cn/disclosure/bond/announcement/corporate/c/new/2025-06-27/152785_20250627_08J0.pdf,source_backed_rating_report_compilation,435.07,10k_persons,2024,https://static.sse.com.cn/disclosure/bond/announcement/corporate/c/new/2025-06-27/152785_20250627_08J0.pdf,source_backed_rating_report_compilation,66781,2024,https://static.sse.com.cn/disclosure/bond/announcement/corporate/c/new/2025-06-27/152785_20250627_08J0.pdf,source_backed_rating_report_compilation,213.54,100m_yuan,2024,https://static.sse.com.cn/disclosure/bond/announcement/corporate/c/new/2025-06-27/152785_20250627_08J0.pdf,source_backed_rating_report_compilation,680.50,100m_yuan,2024,https://static.sse.com.cn/disclosure/bond/announcement/corporate/c/new/2025-06-27/152785_20250627_08J0.pdf,calculated_from_source_backed_revenue_and_fiscal_self_sufficiency,0.313800,2024,https://static.sse.com.cn/disclosure/bond/announcement/corporate/c/new/2025-06-27/152785_20250627_08J0.pdf,source_backed_rating_report_compilation,1330.82,100m_yuan,2024,https://static.sse.com.cn/disclosure/bond/announcement/corporate/c/new/2025-06-27/152785_20250627_08J0.pdf,source_backed_rating_report_compilation,6.232181,local_government_debt_balance / general_public_budget_revenue,2024,https://static.sse.com.cn/disclosure/bond/announcement/corporate/c/new/2025-06-27/152785_20250627_08J0.pdf,source_backed_rating_report_compilation,74.18,100m_yuan,2024,https://static.sse.com.cn/disclosure/bond/announcement/corporate/c/new/2025-06-27/152785_20250627_08J0.pdf,source_backed_rating_report_compilation,0.347382,government_fund_revenue / general_public_budget_revenue proxy,2024,https://static.sse.com.cn/disclosure/bond/announcement/corporate/c/new/2025-06-27/152785_20250627_08J0.pdf,source_backed_rating_report_compilation,CSPI Ratings reports Ji'an 2024 GDP resident population per-capita GDP general-budget revenue fiscal self-sufficiency government-fund revenue and local-government debt balance from public materials. General-budget expenditure is calculated from reported revenue and fiscal self-sufficiency. The row brings the Ji'an city-construction nominal-exit case into the first-pass full-controls sample and adds a Jiangxi prefecture comparison with low fiscal self-sufficiency high statutory debt pressure and continuing infrastructure affordable-housing land-development public-parking data-center and industrial-fund functions.
henan_xuchang,3441.10,100m_yuan,2024,https://static.sse.com.cn/disclosure/bond/announcement/corporate/c/new/2025-06-13/184395_20250613_2KBE.pdf,source_backed_rating_report_compilation,435.70,10k_persons,2024,https://static.sse.com.cn/disclosure/bond/announcement/corporate/c/new/2025-06-13/184395_20250613_2KBE.pdf,source_backed_rating_report_compilation,78700,2024,https://static.sse.com.cn/disclosure/bond/announcement/corporate/c/new/2025-06-13/184395_20250613_2KBE.pdf,source_backed_rating_report_compilation,183.87,100m_yuan,2024,https://static.sse.com.cn/disclosure/bond/announcement/corporate/c/new/2025-06-13/184395_20250613_2KBE.pdf,source_backed_rating_report_compilation,364.10,100m_yuan,2024,https://static.sse.com.cn/disclosure/bond/announcement/corporate/c/new/2025-06-13/184395_20250613_2KBE.pdf,calculated_from_source_backed_revenue_and_fiscal_self_sufficiency,0.505000,2024,https://static.sse.com.cn/disclosure/bond/announcement/corporate/c/new/2025-06-13/184395_20250613_2KBE.pdf,source_backed_rating_report_compilation,992.30,100m_yuan,2024,https://static.sse.com.cn/disclosure/bond/announcement/corporate/c/new/2025-06-13/184395_20250613_2KBE.pdf,source_backed_rating_report_compilation,5.396748,local_government_debt_balance / general_public_budget_revenue,2024,https://static.sse.com.cn/disclosure/bond/announcement/corporate/c/new/2025-06-13/184395_20250613_2KBE.pdf,source_backed_rating_report_compilation,78.65,100m_yuan,2024,https://static.sse.com.cn/disclosure/bond/announcement/corporate/c/new/2025-06-13/184395_20250613_2KBE.pdf,source_backed_rating_report_compilation,0.427748,government_fund_revenue / general_public_budget_revenue proxy,2024,https://static.sse.com.cn/disclosure/bond/announcement/corporate/c/new/2025-06-13/184395_20250613_2KBE.pdf,source_backed_rating_report_compilation,CCXI reports Xuchang 2024 GDP resident population per-capita GDP general-budget revenue fiscal self-sufficiency government-fund revenue and local-government debt balance from public materials. General-budget expenditure is calculated from reported revenue and fiscal self-sufficiency. The row brings the Xuchang city-investment nominal-exit case into the first-pass full-controls sample and adds a Henan interior-prefecture comparison with moderate fiscal self-sufficiency high statutory debt pressure and continuing infrastructure affordable-housing land-sorting and government-authorized project functions.
yunnan_kunming,8275.22,100m_yuan,2024,https://www.lhratings.com/reports/B1205-P75362-2024-GZ2025.pdf,source_backed_rating_report_compilation,868.33,10k_persons,2024,https://www.lhratings.com/reports/B1205-P75362-2024-GZ2025.pdf,calculated_from_source_backed_gdp_and_per_capita_gdp,95300,2024,https://www.lhratings.com/reports/B1205-P75362-2024-GZ2025.pdf,source_backed_rating_report_compilation,547.20,100m_yuan,2024,https://www.lhratings.com/reports/B1205-P75362-2024-GZ2025.pdf,source_backed_rating_report_compilation,843.00,100m_yuan,2024,https://www.lhratings.com/reports/B1205-P75362-2024-GZ2025.pdf,source_backed_rating_report_compilation,0.649110,2024,https://www.lhratings.com/reports/B1205-P75362-2024-GZ2025.pdf,calculated_from_source_backed_budget_revenue_and_expenditure,2842.04,100m_yuan,2024,https://www.lhratings.com/reports/B1205-P75362-2024-GZ2025.pdf,source_backed_rating_report_compilation,5.193787,local_government_debt_balance / general_public_budget_revenue,2024,https://www.lhratings.com/reports/B1205-P75362-2024-GZ2025.pdf,source_backed_rating_report_compilation,234.90,100m_yuan,2024,https://www.lhratings.com/reports/B1205-P75362-2024-GZ2025.pdf,source_backed_rating_report_compilation,0.429276,government_fund_revenue / general_public_budget_revenue proxy,2024,https://www.lhratings.com/reports/B1205-P75362-2024-GZ2025.pdf,source_backed_rating_report_compilation,Lianhe Ratings reports Kunming 2024 GDP per-capita GDP general-budget revenue general-budget expenditure government-fund revenue and local-government debt balance from public materials. Resident population is calculated from reported GDP and per-capita GDP. The row brings the Kunming Transportation Investment nominal-exit case into the first-pass full-controls sample and adds the first Yunnan comparison with moderate fiscal self-sufficiency high statutory debt pressure and continuing transport infrastructure and municipal development functions.
jiangxi_jingdezhen,1179.30,100m_yuan,2024,https://www.dfratings.com/uploads/files/2025/0624/NEGtKW6sy1WCPN8Zr54PSHFQIiMa5v24Rc0qFJtU.pdf,source_backed_rating_report_compilation,161.73,10k_persons,2024,https://www.dfratings.com/uploads/files/2025/0624/NEGtKW6sy1WCPN8Zr54PSHFQIiMa5v24Rc0qFJtU.pdf,calculated_from_source_backed_gdp_and_per_capita_gdp,72916,2024,https://www.dfratings.com/uploads/files/2025/0624/NEGtKW6sy1WCPN8Zr54PSHFQIiMa5v24Rc0qFJtU.pdf,source_backed_rating_report_compilation,90.53,100m_yuan,2024,https://www.dfratings.com/uploads/files/2025/0624/NEGtKW6sy1WCPN8Zr54PSHFQIiMa5v24Rc0qFJtU.pdf,source_backed_rating_report_compilation,250.01,100m_yuan,2024,https://www.dfratings.com/uploads/files/2025/0624/NEGtKW6sy1WCPN8Zr54PSHFQIiMa5v24Rc0qFJtU.pdf,calculated_from_source_backed_revenue_and_fiscal_self_sufficiency,0.362100,2024,https://www.dfratings.com/uploads/files/2025/0624/NEGtKW6sy1WCPN8Zr54PSHFQIiMa5v24Rc0qFJtU.pdf,source_backed_rating_report_compilation,710.12,100m_yuan,2024,https://www.dfratings.com/uploads/files/2025/0624/NEGtKW6sy1WCPN8Zr54PSHFQIiMa5v24Rc0qFJtU.pdf,source_backed_rating_report_compilation,7.844030,local_government_debt_balance / general_public_budget_revenue,2024,https://www.dfratings.com/uploads/files/2025/0624/NEGtKW6sy1WCPN8Zr54PSHFQIiMa5v24Rc0qFJtU.pdf,source_backed_rating_report_compilation,209.50,100m_yuan,2024,https://www.dfratings.com/uploads/files/2025/0624/NEGtKW6sy1WCPN8Zr54PSHFQIiMa5v24Rc0qFJtU.pdf,source_backed_rating_report_compilation,2.314150,government_fund_revenue / general_public_budget_revenue proxy,2024,https://www.dfratings.com/uploads/files/2025/0624/NEGtKW6sy1WCPN8Zr54PSHFQIiMa5v24Rc0qFJtU.pdf,source_backed_rating_report_compilation,Dongfang Jincheng reports Jingdezhen 2024 GDP per-capita GDP general-budget revenue fiscal self-sufficiency government-fund revenue and local-government debt balance from public materials. Resident population is calculated from reported GDP and per-capita GDP, and general-budget expenditure is calculated from reported revenue and fiscal self-sufficiency. The row brings the Jingdezhen city-construction nominal-exit case into the first-pass full-controls sample and adds a Jiangxi ceramic-city comparison with weak fiscal self-sufficiency very high statutory debt pressure heavy government-fund dependence and continuing infrastructure affordable-housing ceramic-cultural-zone construction and operation functions.
jiangxi_fuzhou,2173.08,100m_yuan,2024,https://static.sse.com.cn/disclosure/bond/announcement/company/c/new/2025-06-13/185843_20250613_Y8UL.pdf,source_backed_rating_report_compilation,354.87,10k_persons,2024,https://static.sse.com.cn/disclosure/bond/announcement/company/c/new/2025-06-13/185843_20250613_Y8UL.pdf,calculated_from_source_backed_gdp_and_per_capita_gdp,61236,2024,https://static.sse.com.cn/disclosure/bond/announcement/company/c/new/2025-06-13/185843_20250613_Y8UL.pdf,source_backed_rating_report_compilation,147.63,100m_yuan,2024,https://static.sse.com.cn/disclosure/bond/announcement/company/c/new/2025-06-13/185843_20250613_Y8UL.pdf,source_backed_rating_report_compilation,546.58,100m_yuan,2024,https://static.sse.com.cn/disclosure/bond/announcement/company/c/new/2025-06-13/185843_20250613_Y8UL.pdf,calculated_from_source_backed_revenue_and_fiscal_self_sufficiency,0.270100,2024,https://static.sse.com.cn/disclosure/bond/announcement/company/c/new/2025-06-13/185843_20250613_Y8UL.pdf,source_backed_rating_report_compilation,1119.43,100m_yuan,2024,https://static.sse.com.cn/disclosure/bond/announcement/company/c/new/2025-06-13/185843_20250613_Y8UL.pdf,source_backed_rating_report_compilation,7.582673,local_government_debt_balance / general_public_budget_revenue,2024,https://static.sse.com.cn/disclosure/bond/announcement/company/c/new/2025-06-13/185843_20250613_Y8UL.pdf,source_backed_rating_report_compilation,140.85,100m_yuan,2024,https://static.sse.com.cn/disclosure/bond/announcement/company/c/new/2025-06-13/185843_20250613_Y8UL.pdf,source_backed_rating_report_compilation,0.954074,government_fund_revenue / general_public_budget_revenue proxy,2024,https://static.sse.com.cn/disclosure/bond/announcement/company/c/new/2025-06-13/185843_20250613_Y8UL.pdf,source_backed_rating_report_compilation,Dongfang Jincheng reports Jiangxi Fuzhou 2024 GDP per-capita GDP general-budget revenue fiscal self-sufficiency government-fund revenue and local-government debt balance from public materials. Resident population is calculated from reported GDP and per-capita GDP, and general-budget expenditure is calculated from reported revenue and fiscal self-sufficiency. The row brings the Jiangxi Fuzhou state-asset nominal-exit case into the first-pass full-controls sample and adds a low-fiscal-self-sufficiency high-debt Jiangxi comparison with continued infrastructure water-installation public-transport tourism asset-injection subsidy and debt-swap support functions.
hunan_yiyang,2268.20,100m_yuan,2024,https://www.lhratings.com/reports/B1341-P53086-2020-1-GZ2025.pdf,source_backed_rating_report_compilation,371.84,10k_persons,2024,https://www.lhratings.com/reports/B1341-P53086-2020-1-GZ2025.pdf,calculated_from_source_backed_gdp_and_per_capita_gdp,61000,2024,https://www.lhratings.com/reports/B1341-P53086-2020-1-GZ2025.pdf,source_backed_rating_report_compilation,108.20,100m_yuan,2024,https://www.lhratings.com/reports/B1341-P53086-2020-1-GZ2025.pdf,source_backed_rating_report_compilation,430.10,100m_yuan,2024,https://www.lhratings.com/reports/B1341-P53086-2020-1-GZ2025.pdf,source_backed_rating_report_compilation,0.252000,2024,https://www.lhratings.com/reports/B1341-P53086-2020-1-GZ2025.pdf,source_backed_rating_report_compilation,802.10,100m_yuan,2024,https://www.lhratings.com/reports/B1341-P53086-2020-1-GZ2025.pdf,source_backed_rating_report_compilation,7.413124,local_government_debt_balance / general_public_budget_revenue,2024,https://www.lhratings.com/reports/B1341-P53086-2020-1-GZ2025.pdf,source_backed_rating_report_compilation,26.30,100m_yuan,2024,https://www.lhratings.com/reports/B1341-P53086-2020-1-GZ2025.pdf,source_backed_rating_report_compilation,0.243068,government_fund_revenue / general_public_budget_revenue proxy,2024,https://www.lhratings.com/reports/B1341-P53086-2020-1-GZ2025.pdf,source_backed_rating_report_compilation,Lianhe Ratings reports Yiyang 2024 GDP per-capita GDP general-budget revenue general-budget expenditure fiscal self-sufficiency government-fund revenue and local-government debt balance from public materials. Resident population is calculated from reported GDP and per-capita GDP. The row brings the Yiyang Transportation Investment nominal-exit case into the first-pass full-controls sample and adds a low-historical-capacity Hunan transport-platform comparison with weak fiscal self-sufficiency high statutory debt pressure declining government-fund revenue and continuing transport-infrastructure construction highway-operation entrusted-construction government-subsidy and asset-support functions.
shanxi_jinzhong,2458.80,100m_yuan,2024,https://www.dagongcredit.com/M00/00/08/CtwqcWhh8tuAPqj3ABvZIj8NjB0986.pdf,source_backed_rating_report_compilation,335.75,10k_persons,2024,https://www.dagongcredit.com/M00/00/08/CtwqcWhh8tuAPqj3ABvZIj8NjB0986.pdf,calculated_from_source_backed_gdp_and_per_capita_gdp,73232,2024,https://www.dagongcredit.com/M00/00/08/CtwqcWhh8tuAPqj3ABvZIj8NjB0986.pdf,source_backed_rating_report_compilation,179.44,100m_yuan,2024,https://www.dagongcredit.com/M00/00/08/CtwqcWhh8tuAPqj3ABvZIj8NjB0986.pdf,source_backed_rating_report_compilation,425.88,100m_yuan,2024,https://www.dagongcredit.com/M00/00/08/CtwqcWhh8tuAPqj3ABvZIj8NjB0986.pdf,source_backed_rating_report_compilation,0.421339,2024,https://www.dagongcredit.com/M00/00/08/CtwqcWhh8tuAPqj3ABvZIj8NjB0986.pdf,calculated_from_source_backed_budget_revenue_and_expenditure,599.26,100m_yuan,2024,https://www.dagongcredit.com/M00/00/08/CtwqcWhh8tuAPqj3ABvZIj8NjB0986.pdf,source_backed_rating_report_compilation,3.339612,local_government_debt_balance / general_public_budget_revenue,2024,https://www.dagongcredit.com/M00/00/08/CtwqcWhh8tuAPqj3ABvZIj8NjB0986.pdf,source_backed_rating_report_compilation,35.00,100m_yuan,2024,https://www.dagongcredit.com/M00/00/08/CtwqcWhh8tuAPqj3ABvZIj8NjB0986.pdf,source_backed_rating_report_compilation,0.195051,government_fund_revenue / general_public_budget_revenue proxy,2024,https://www.dagongcredit.com/M00/00/08/CtwqcWhh8tuAPqj3ABvZIj8NjB0986.pdf,source_backed_rating_report_compilation,Dagong reports Jinzhong 2024 GDP per-capita GDP general-budget revenue general-budget expenditure government-fund revenue and local-government debt balance from public materials. Resident population is calculated from reported GDP and per-capita GDP, and fiscal self-sufficiency is calculated from reported budget revenue and expenditure. The row brings the Jinzhong Public Infrastructure Investment nominal-exit case into the first-pass full-controls sample and adds a Shanxi public-utility platform comparison with moderate fiscal self-sufficiency lower statutory debt pressure low government-fund dependence and continuing heat-supply highway-operation water-supply engineering-construction government-capital-injection asset-transfer and subsidy functions.
shandong_rizhao,2556.89,100m_yuan,2024,https://qxb-pdf-osscache.qixin.com/AnBaseinfo/f0b5c2cea370afc19aac2b4bc5b80690.pdf,source_backed_rating_report_compilation,292.88,10k_persons,2024,https://www.hongheiku.com/lishishuju/22155.html,source_backed_statistical_communique_reprint,87302,2024,https://qxb-pdf-osscache.qixin.com/AnBaseinfo/f0b5c2cea370afc19aac2b4bc5b80690.pdf; https://www.hongheiku.com/lishishuju/22155.html,calculated_from_source_backed_gdp_and_population,204.16,100m_yuan,2024,https://qxb-pdf-osscache.qixin.com/AnBaseinfo/f0b5c2cea370afc19aac2b4bc5b80690.pdf,source_backed_rating_report_compilation,318.40,100m_yuan,2024,https://qxb-pdf-osscache.qixin.com/AnBaseinfo/f0b5c2cea370afc19aac2b4bc5b80690.pdf,source_backed_rating_report_compilation,0.641300,2024,https://qxb-pdf-osscache.qixin.com/AnBaseinfo/f0b5c2cea370afc19aac2b4bc5b80690.pdf,source_backed_rating_report_compilation,796.40,100m_yuan,2024,https://qxb-pdf-osscache.qixin.com/AnBaseinfo/f0b5c2cea370afc19aac2b4bc5b80690.pdf,source_backed_rating_report_compilation,3.900862,local_government_debt_balance / general_public_budget_revenue,2024,https://qxb-pdf-osscache.qixin.com/AnBaseinfo/f0b5c2cea370afc19aac2b4bc5b80690.pdf,source_backed_rating_report_compilation,200.32,100m_yuan,2024,https://qxb-pdf-osscache.qixin.com/AnBaseinfo/f0b5c2cea370afc19aac2b4bc5b80690.pdf,source_backed_rating_report_compilation,0.981191,government_fund_revenue / general_public_budget_revenue proxy,2024,https://qxb-pdf-osscache.qixin.com/AnBaseinfo/f0b5c2cea370afc19aac2b4bc5b80690.pdf,source_backed_rating_report_compilation,Lianhe Ratings reports Rizhao 2024 GDP general-budget revenue general-budget expenditure fiscal self-sufficiency government-fund revenue and local-government debt balance from public materials, while the 2024 statistical-communique reprint reports resident population. GDP per capita is calculated from reported GDP and population. The row brings the Rizhao City Investment nominal-exit case into the first-pass full-controls sample and adds a Shandong coastal city-investment comparison with relatively high fiscal self-sufficiency moderate statutory debt pressure high government-fund dependence and continuing infrastructure affordable-housing land-development water-engineering operation asset-injection special-bond and subsidy support functions.
beijing_beijing,49843.10,100m_yuan,2024,https://tjj.beijing.gov.cn/tjsj_31433/tjgb_31445/ndgb_31446/202503/t20250319_4038820.html,official_statistical_communique,2183.20,10k_persons,2024,https://tjj.beijing.gov.cn/tjsj_31433/tjgb_31445/ndgb_31446/202503/t20250319_4038820.html,official_statistical_communique,228000,2024,https://tjj.beijing.gov.cn/tjsj_31433/tjgb_31445/ndgb_31446/202503/t20250319_4038820.html,official_statistical_communique,6372.70,100m_yuan,2024,https://www.bjrd.gov.cn/zyfb/202501/t20250125_3998958.html,official_budget_execution_report,8396.50,100m_yuan,2024,https://www.bjrd.gov.cn/zyfb/202501/t20250125_3998958.html,official_budget_execution_report,0.758971,2024,https://www.bjrd.gov.cn/zyfb/202501/t20250125_3998958.html,calculated_from_source_backed_budget_revenue_and_expenditure,12579.81,100m_yuan,2024,https://czj.beijing.gov.cn/ztlm/zfzqgl/202601/P020260119628035598088.pdf,official_debt_disclosure,1.974016,local_government_debt_balance / general_public_budget_revenue,2024,https://www.bjrd.gov.cn/zyfb/202501/t20250125_3998958.html; https://czj.beijing.gov.cn/ztlm/zfzqgl/202601/P020260119628035598088.pdf,source_backed_budget_and_debt_disclosure,2094.90,100m_yuan,2024,https://www.bjrd.gov.cn/zyfb/202501/t20250125_3998958.html,official_budget_execution_report,0.328730,government_fund_revenue / general_public_budget_revenue proxy,2024,https://www.bjrd.gov.cn/zyfb/202501/t20250125_3998958.html,official_budget_execution_report,Beijing's official statistical communique reports 2024 GDP resident population and per-capita GDP. The official municipal budget-execution report reports general-budget revenue general-budget expenditure and government-fund revenue, and the municipal finance bureau's debt disclosure reports 2024 year-end local-government debt balance. The row brings the Beijing Future Science City nominal-exit case into the first-pass full-controls sample and adds an extremely high historical-capacity capital-city development-zone comparison with very high contemporary fiscal capacity lower statutory debt pressure and continuing innovation-zone infrastructure and public-service support functions.
hunan_zhuzhou,3902.40,100m_yuan,2024,https://tjj.hunan.gov.cn/hntj/tjfx/tjgb/szgb/zzs_1/202504/t20250408_33633598.html,official_statistical_communique,383.78,10k_persons,2024,https://tjj.hunan.gov.cn/hntj/tjfx/tjgb/szgb/zzs_1/202504/t20250408_33633598.html,official_statistical_communique,101497,2024,https://tjj.hunan.gov.cn/hntj/tjfx/tjgb/szgb/zzs_1/202504/t20250408_33633598.html,official_statistical_communique,195.18,100m_yuan,2024,https://tjj.hunan.gov.cn/hntj/tjfx/tjgb/szgb/zzs_1/202504/t20250408_33633598.html,official_statistical_communique,473.02,100m_yuan,2024,https://tjj.hunan.gov.cn/hntj/tjfx/tjgb/szgb/zzs_1/202504/t20250408_33633598.html,official_statistical_communique,0.412625,2024,https://tjj.hunan.gov.cn/hntj/tjfx/tjgb/szgb/zzs_1/202504/t20250408_33633598.html,calculated_from_source_backed_budget_revenue_and_expenditure,1443.84,100m_yuan,2024,https://qxb-pdf-osscache.qixin.com/AnBaseinfo/f477e8a5714a3fd84f8d395641e06cea.pdf,source_backed_rating_report_compilation,7.397479,local_government_debt_balance / general_public_budget_revenue,2024,https://tjj.hunan.gov.cn/hntj/tjfx/tjgb/szgb/zzs_1/202504/t20250408_33633598.html; https://qxb-pdf-osscache.qixin.com/AnBaseinfo/f477e8a5714a3fd84f8d395641e06cea.pdf,source_backed_statistical_communique_and_rating_report,199.67,100m_yuan,2023,https://qxb-pdf-osscache.qixin.com/AnBaseinfo/f477e8a5714a3fd84f8d395641e06cea.pdf,latest_source_backed_rating_report_compilation,1.023004,government_fund_revenue / general_public_budget_revenue proxy,2023,https://qxb-pdf-osscache.qixin.com/AnBaseinfo/f477e8a5714a3fd84f8d395641e06cea.pdf,latest_source_backed_rating_report_compilation,Zhuzhou's official statistical communique reports 2024 GDP resident population per-capita GDP general-budget revenue and general-budget expenditure. CCXI's 2025 tracking report reports 2024 year-end local-government debt balance and gives the latest available source-backed government-fund revenue in 2023. The row brings the Zhuzhou Guotou nominal-exit case into the first-pass full-controls sample and adds a low-historical-capacity industrial-city comparison with weak fiscal self-sufficiency high statutory debt pressure high land-finance exposure and continued land-preparation major-project fiscal-settlement and government-support functions.
