control_unit_id,province,control_city,control_city_chn,gadm_gid,raw_cities,case_count,case_ids,platforms,capital_or_subprovincial_city,preferred_control_year,fallback_control_year,gdp_value,gdp_unit,gdp_year,gdp_source,gdp_status,population_value,population_unit,population_year,population_source,population_status,gdp_per_capita_value,gdp_per_capita_year,gdp_per_capita_source,gdp_per_capita_status,general_public_budget_revenue,general_public_budget_revenue_unit,general_public_budget_revenue_year,general_public_budget_revenue_source,general_public_budget_revenue_status,general_public_budget_expenditure,general_public_budget_expenditure_unit,general_public_budget_expenditure_year,general_public_budget_expenditure_source,general_public_budget_expenditure_status,fiscal_self_sufficiency_value,fiscal_self_sufficiency_year,fiscal_self_sufficiency_source,fiscal_self_sufficiency_status,local_government_debt_balance,local_government_debt_balance_unit,local_government_debt_balance_year,local_government_debt_balance_source,local_government_debt_balance_status,debt_pressure_value,debt_pressure_definition,debt_pressure_year,debt_pressure_source,debt_pressure_status,government_fund_revenue,government_fund_revenue_unit,government_fund_revenue_year,government_fund_revenue_source,government_fund_revenue_status,land_conveyance_revenue,land_conveyance_revenue_unit,land_conveyance_revenue_year,land_conveyance_revenue_source,land_conveyance_revenue_status,land_finance_dependence_value,land_finance_dependence_definition,land_finance_dependence_year,land_finance_dependence_source,land_finance_dependence_status,statistical_yearbook_query,budget_final_account_query,debt_query,land_finance_query,notes
anhui_bengbu,Anhui,Bengbu,蚌埠市,CHN.1.2_1,Bengbu,1,exp_20260703_0001,蚌埠市城市投资控股有限公司,0,2024,2023,2532.1,100m_yuan,2024,https://www.dfratings.com/uploads/files/2025/0606/NyRoD73272wLuht6AbR9ZH9ewvneST6V2ZiDQ8ad.pdf,source_backed_rating_report_compilation,326.1,10k_persons,2024,https://www.dfratings.com/uploads/files/2025/0606/NyRoD73272wLuht6AbR9ZH9ewvneST6V2ZiDQ8ad.pdf,source_backed_rating_report_compilation,77727,2024,https://www.dfratings.com/uploads/files/2025/0606/NyRoD73272wLuht6AbR9ZH9ewvneST6V2ZiDQ8ad.pdf,source_backed_rating_report_compilation,185.14,100m_yuan,2024,https://www.dfratings.com/uploads/files/2025/0606/NyRoD73272wLuht6AbR9ZH9ewvneST6V2ZiDQ8ad.pdf,source_backed_rating_report_compilation,397.13,100m_yuan,2024,https://www.dfratings.com/uploads/files/2025/0606/NyRoD73272wLuht6AbR9ZH9ewvneST6V2ZiDQ8ad.pdf,calculated_from_source_backed_rating_report_fiscal_self_sufficiency,0.466200,2024,https://www.dfratings.com/uploads/files/2025/0606/NyRoD73272wLuht6AbR9ZH9ewvneST6V2ZiDQ8ad.pdf,source_backed_rating_report_compilation,903.38,100m_yuan,2024,https://www.dfratings.com/uploads/files/2025/0606/NyRoD73272wLuht6AbR9ZH9ewvneST6V2ZiDQ8ad.pdf,source_backed_rating_report_compilation,4.879443,local_government_debt_balance / general_public_budget_revenue,2024,https://www.dfratings.com/uploads/files/2025/0606/NyRoD73272wLuht6AbR9ZH9ewvneST6V2ZiDQ8ad.pdf,source_backed_rating_report_compilation,81.65,100m_yuan,2024,https://www.dfratings.com/uploads/files/2025/0606/NyRoD73272wLuht6AbR9ZH9ewvneST6V2ZiDQ8ad.pdf,source_backed_rating_report_compilation,,,,,to_collect,0.441018,government_fund_revenue / general_public_budget_revenue proxy,2024,https://www.dfratings.com/uploads/files/2025/0606/NyRoD73272wLuht6AbR9ZH9ewvneST6V2ZiDQ8ad.pdf,source_backed_rating_report_compilation,蚌埠市 2024 国民经济和社会发展统计公报 GDP 常住人口,蚌埠市 2024 财政决算 一般公共预算收入 一般公共预算支出,蚌埠市 2024 地方政府债务余额 决算,蚌埠市 2024 政府性基金收入 国有土地使用权出让收入 决算,Dongfang Jincheng reports Bengbu 2024 GDP resident population per-capita GDP general-budget revenue government-fund revenue fiscal self-sufficiency and local-government debt balance from public materials. General-budget expenditure is calculated from reported fiscal self-sufficiency. The row brings the Bengbu city-investment nominal-exit case into the first-pass full-controls sample and adds an Anhui high-debt comparison.
anhui_bozhou,Anhui,Bozhou,亳州市,CHN.1.3_1,Bozhou,2,sch_20260630_0027; sch_20260630_0032,亳州城建发展控股集团有限公司; 建安投资控股集团有限公司,0,2024,2023,2521.60,100m_yuan,2024,https://www.tjnj.net/newsview.aspx?newsid=20250429091143,source_backed_official_statistical_communique_reprint,486.1,10k_persons,2024,https://www.tjnj.net/newsview.aspx?newsid=20250429091143,source_backed_official_statistical_communique_reprint,51662,2024,https://www.tjnj.net/newsview.aspx?newsid=20250429091143,source_backed_official_statistical_communique_reprint,168.80,100m_yuan,2024,https://static.sse.com.cn/disclosure/bond/announcement/corporate/c/new/2025-06-25/152448_20250625_V0T2.pdf,source_backed_rating_report_compilation,416.38,100m_yuan,2024,https://static.sse.com.cn/disclosure/bond/announcement/corporate/c/new/2025-06-25/152448_20250625_V0T2.pdf,calculated_from_source_backed_rating_report_fiscal_balance,0.405400,2024,https://static.sse.com.cn/disclosure/bond/announcement/corporate/c/new/2025-06-25/152448_20250625_V0T2.pdf,source_backed_rating_report_compilation,1114.10,100m_yuan,2024,https://static.sse.com.cn/disclosure/bond/announcement/corporate/c/new/2025-06-25/152448_20250625_V0T2.pdf,source_backed_rating_report_compilation,6.600118,local_government_debt_balance / general_public_budget_revenue,2024,https://static.sse.com.cn/disclosure/bond/announcement/corporate/c/new/2025-06-25/152448_20250625_V0T2.pdf,source_backed_rating_report_compilation,66.10,100m_yuan,2024,https://www.bozhou.gov.cn/OpennessContent/show/2883523.html,source_backed_official_audit_report_proxy,,,,,to_collect,0.391588,government_fund_revenue / general_public_budget_revenue proxy,2024,https://www.bozhou.gov.cn/OpennessContent/show/2883523.html,source_backed_official_audit_report_proxy,亳州市 2024 国民经济和社会发展统计公报 GDP 常住人口,亳州市 2024 财政决算 一般公共预算收入 一般公共预算支出,亳州市 2024 地方政府债务余额 决算,亳州市 2024 政府性基金收入 国有土地使用权出让收入 决算,Statistical-communique values are from a public reprint. General-budget debt and fiscal-balance values are from the 2025 CCXI tracking-rating report; expenditure is calculated from the reported fiscal balance ratio. The rating report says Bozhou did not publish 2022-2024 government-fund revenue; the government-fund field uses the municipal audit-work-report figure as a transparent first-pass proxy.
anhui_luan,Anhui,Lu'an,六安市,CHN.1.12_1,Lu'an,1,expand_ah_luan_chengtou,六安城市建设投资有限公司,0,2024,2023,,,,,to_collect,,,,,to_collect,,,,to_collect,,,,,to_collect,,,,,to_collect,,,,to_collect,,,,,to_collect,,local_government_debt_balance / general_public_budget_revenue,,,to_collect,,,,,to_collect,,,,,to_collect,,land_conveyance_revenue / general_public_budget_revenue,,,to_collect,六安市 2024 国民经济和社会发展统计公报 GDP 常住人口,六安市 2024 财政决算 一般公共预算收入 一般公共预算支出,六安市 2024 地方政府债务余额 决算,六安市 2024 政府性基金收入 国有土地使用权出让收入 决算,"Collect from official city statistical communique, final accounts, and debt disclosure where possible."
anhui_suzhou,Anhui,Suzhou,宿州市,CHN.1.14_1,Suzhou,1,expand_ah_suzhou_chengtou,宿州市城市建设投资集团(控股)有限公司,0,2024,2023,2457.30,100m_yuan,2024,https://www.lhratings.com/reports/B1610-P62794-2022-GZ2025.pdf,source_backed_rating_report_compilation,522.50,10k_persons,2024,https://www.lhratings.com/reports/B1610-P62794-2022-GZ2025.pdf,source_backed_rating_report_compilation,46900,2024,https://www.lhratings.com/reports/B1610-P62794-2022-GZ2025.pdf,source_backed_rating_report_compilation,162.48,100m_yuan,2024,https://www.lhratings.com/reports/B1610-P62794-2022-GZ2025.pdf,source_backed_rating_report_compilation,489.81,100m_yuan,2024,https://www.lhratings.com/reports/B1610-P62794-2022-GZ2025.pdf,source_backed_rating_report_compilation,0.331720,2024,https://www.lhratings.com/reports/B1610-P62794-2022-GZ2025.pdf,calculated_from_source_backed_budget_revenue_and_expenditure,980.51,100m_yuan,2024,https://www.lhratings.com/reports/B1610-P62794-2022-GZ2025.pdf,source_backed_rating_report_compilation,6.034650,local_government_debt_balance / general_public_budget_revenue,2024,https://www.lhratings.com/reports/B1610-P62794-2022-GZ2025.pdf,source_backed_rating_report_compilation,80.64,100m_yuan,2024,https://www.lhratings.com/reports/B1610-P62794-2022-GZ2025.pdf,source_backed_rating_report_compilation,,,,,to_collect,0.496307,government_fund_revenue / general_public_budget_revenue proxy,2024,https://www.lhratings.com/reports/B1610-P62794-2022-GZ2025.pdf,source_backed_rating_report_compilation,宿州市 2024 国民经济和社会发展统计公报 GDP 常住人口,宿州市 2024 财政决算 一般公共预算收入 一般公共预算支出,宿州市 2024 地方政府债务余额 决算,宿州市 2024 政府性基金收入 国有土地使用权出让收入 决算,Lianhe Ratings reports Suzhou Anhui 2024 GDP resident population per-capita GDP general-budget revenue general-budget expenditure fiscal self-sufficiency government-fund revenue and local-government debt balance from public materials. The row brings the Suzhou city-construction nominal-exit case into the first-pass full-controls sample and adds a northern Anhui comparison with weak fiscal self-sufficiency high statutory debt pressure and continuing shantytown redevelopment municipal infrastructure land-development and state-asset functions.
beijing_beijing,Beijing,Beijing,北京,CHN.2.1_1,Beijing,1,sch_20260630_0051,北京未来科学城发展集团有限公司,1,2024,2023,,,,,to_collect,,,,,to_collect,,,,to_collect,,,,,to_collect,,,,,to_collect,,,,to_collect,,,,,to_collect,,local_government_debt_balance / general_public_budget_revenue,,,to_collect,,,,,to_collect,,,,,to_collect,,land_conveyance_revenue / general_public_budget_revenue,,,to_collect,北京 2024 国民经济和社会发展统计公报 GDP 常住人口,北京 2024 财政决算 一般公共预算收入 一般公共预算支出,北京 2024 地方政府债务余额 决算,北京 2024 政府性基金收入 国有土地使用权出让收入 决算,"Collect from official city statistical communique, final accounts, and debt disclosure where possible."
fujian_fuzhou,Fujian,Fuzhou,福州市,CHN.4.1_1,Fuzhou,2,expand_fj_fuzhou_chengtou; expand_fj_fuzhou_guozi,福州国有资本投资运营集团有限公司; 福州城市建设投资集团有限公司,0,2024,2023,14236.76,100m_yuan,2024,https://www.fuzhou.gov.cn/zwgk/tjxx/ndbg/202504/t20250403_4999354.htm,source_backed_official_statistical_communique,850.1,10k_persons,2024,https://www.fuzhou.gov.cn/zwgk/tjxx/ndbg/202504/t20250403_4999354.htm,source_backed_official_statistical_communique,167787,2024,https://www.fuzhou.gov.cn/zwgk/tjxx/ndbg/202504/t20250403_4999354.htm,source_backed_official_statistical_communique,750.50,100m_yuan,2024,https://www.fuzhou.gov.cn/zgfzzt/czzj/bjndyjs/zfysgk/202501/t20250127_4970241.htm,source_backed_official_budget_report,1022.43,100m_yuan,2024,https://www.fuzhou.gov.cn/zgfzzt/czzj/bjndyjs/zfysgk/202501/t20250127_4970241.htm,source_backed_official_budget_report,0.734036,2024,https://www.fuzhou.gov.cn/zgfzzt/czzj/bjndyjs/zfysgk/202501/t20250127_4970241.htm,source_backed_official_budget_report,2760.69,100m_yuan,2024,https://www.fuzhou.gov.cn/zgfzzt/czzj/bjndyjs/zfysgk/202501/t20250127_4970241.htm,source_backed_official_budget_report,3.678468,local_government_debt_balance / general_public_budget_revenue,2024,https://www.fuzhou.gov.cn/zgfzzt/czzj/bjndyjs/zfysgk/202501/t20250127_4970241.htm,source_backed_official_budget_report,612.28,100m_yuan,2024,https://www.fuzhou.gov.cn/zgfzzt/czzj/bjndyjs/zfysgk/202501/t20250127_4970241.htm,source_backed_official_budget_report,,,,,to_collect,0.815829,government_fund_revenue / general_public_budget_revenue proxy,2024,https://www.fuzhou.gov.cn/zgfzzt/czzj/bjndyjs/zfysgk/202501/t20250127_4970241.htm,source_backed_official_budget_report,福州市 2024 国民经济和社会发展统计公报 GDP 常住人口,福州市 2024 财政决算 一般公共预算收入 一般公共预算支出,福州市 2024 地方政府债务余额 决算,福州市 2024 政府性基金收入 国有土地使用权出让收入 决算,Official statistical communique and municipal budget report; citywide values include Pingtan where the budget report defines full-city figures that way.
guangdong_foshan,Guangdong,Foshan,佛山市,CHN.6.3_1,Foshan,1,pilot_gd_003,佛山市建设发展集团有限公司,0,2024,2023,13361.90,100m_yuan,2024,https://epaper1.fsonline.com.cn/fsrb/html/2025-04/26/content_67007_305974.htm,source_backed_official_statistical_communique_newspaper,969.89,10k_persons,2024,https://epaper1.fsonline.com.cn/fsrb/html/2025-04/26/content_67007_305974.htm,source_backed_official_statistical_communique_newspaper,137767,2024,https://epaper1.fsonline.com.cn/fsrb/html/2025-04/26/content_67007_305974.htm,calculated_from_source_backed_statistical_communique,767.08,100m_yuan,2024,https://www.foshan.gov.cn/attachment/0/565/565690/6786754.pdf,source_backed_official_final_account,919.99,100m_yuan,2024,https://www.foshan.gov.cn/attachment/0/565/565690/6786754.pdf,source_backed_official_final_account,0.833792,2024,https://www.foshan.gov.cn/attachment/0/565/565690/6786754.pdf,source_backed_official_final_account,3136.77,100m_yuan,2024,https://www.foshan.gov.cn/attachment/0/565/565690/6786754.pdf,source_backed_official_final_account,4.089234,local_government_debt_balance / general_public_budget_revenue,2024,https://www.foshan.gov.cn/attachment/0/565/565690/6786754.pdf,source_backed_official_final_account,492.77,100m_yuan,2024,https://www.foshan.gov.cn/attachment/0/565/565690/6786754.pdf,source_backed_official_final_account,,,,,to_collect,0.642397,government_fund_revenue / general_public_budget_revenue proxy,2024,https://www.foshan.gov.cn/attachment/0/565/565690/6786754.pdf,source_backed_official_final_account,佛山市 2024 国民经济和社会发展统计公报 GDP 常住人口,佛山市 2024 财政决算 一般公共预算收入 一般公共预算支出,佛山市 2024 地方政府债务余额 决算,佛山市 2024 政府性基金收入 国有土地使用权出让收入 决算,Statistical communique is published by Foshan Statistics Bureau and Foshan survey team in Foshan Daily. Fiscal debt and government-fund values are from the official 2024 municipal final-account disclosure. The row brings the Foshan functional-transfer case into the first-pass full-controls sample.
guangdong_guangzhou,Guangdong,Guangzhou,广州市,CHN.6.4_1,Guangzhou,3,pilot_gd_001; pilot_gd_001_alt_metro; sch_20260630_0025,广州地铁集团有限公司; 广州市城市建设投资集团有限公司; 知识城(广州)投资集团有限公司,1,2024,2023,31032.50,100m_yuan,2024,https://www.gz.gov.cn/zwgk/sjfb/tjgb/content/post_10203564.html,source_backed_official_statistical_communique,1897.80,10k_persons,2024,https://www.gz.gov.cn/zwgk/sjfb/tjgb/content/post_10203564.html,source_backed_official_statistical_communique,164171,2024,https://www.gz.gov.cn/zwgk/sjfb/tjgb/content/post_10203564.html,source_backed_official_statistical_communique,1954.74,100m_yuan,2024,https://www.gz.gov.cn/zwgk/sjfb/tjgb/content/post_10203564.html,source_backed_official_statistical_communique,2777.43,100m_yuan,2024,https://www.gz.gov.cn/zwgk/sjfb/tjgb/content/post_10203564.html,source_backed_official_statistical_communique,0.703795,2024,https://www.gz.gov.cn/zwgk/sjfb/tjgb/content/post_10203564.html,source_backed_official_statistical_communique,6482.8,100m_yuan,2024,https://www.rd.gz.cn/zyfb/bg/content/post_258263.html,source_backed_official_budget_report,3.316451,local_government_debt_balance / general_public_budget_revenue,2024,https://www.rd.gz.cn/zyfb/bg/content/post_258263.html,source_backed_official_budget_report,1281.7,100m_yuan,2024,https://www.rd.gz.cn/zyfb/bg/content/post_258263.html,source_backed_official_budget_report,,,,,to_collect,0.655688,government_fund_revenue / general_public_budget_revenue proxy,2024,https://www.rd.gz.cn/zyfb/bg/content/post_258263.html,source_backed_official_budget_report,广州市 2024 国民经济和社会发展统计公报 GDP 常住人口,广州市 2024 财政决算 一般公共预算收入 一般公共预算支出,广州市 2024 地方政府债务余额 决算,广州市 2024 政府性基金收入 国有土地使用权出让收入 决算,Official statistical communique and municipal budget review report; citywide values.
guangxi_nanning,Guangxi,Nanning,南宁市,CHN.7.11_1,Nanning,1,expand_gx_nanning_chengtou,南宁城市建设投资集团有限责任公司,0,2024,2023,5995.36,100m_yuan,2024,https://www.lhratings.com/reports/B009042-P79351-2025-GZ2025.pdf,source_backed_rating_report_compilation,896.17,10k_persons,2024,https://www.lhratings.com/reports/B009042-P79351-2025-GZ2025.pdf,calculated_from_source_backed_gdp_and_per_capita_gdp,66900,2024,https://www.lhratings.com/reports/B009042-P79351-2025-GZ2025.pdf,source_backed_rating_report_compilation,381.16,100m_yuan,2024,https://www.lhratings.com/reports/B009042-P79351-2025-GZ2025.pdf,source_backed_rating_report_compilation,797.01,100m_yuan,2024,https://www.lhratings.com/reports/B009042-P79351-2025-GZ2025.pdf,source_backed_rating_report_compilation,0.478237,2024,https://www.lhratings.com/reports/B009042-P79351-2025-GZ2025.pdf,calculated_from_source_backed_budget_revenue_and_expenditure,1631.90,100m_yuan,2024,https://www.lhratings.com/reports/B009042-P79351-2025-GZ2025.pdf,source_backed_rating_report_compilation,4.281404,local_government_debt_balance / general_public_budget_revenue,2024,https://www.lhratings.com/reports/B009042-P79351-2025-GZ2025.pdf,source_backed_rating_report_compilation,150.59,100m_yuan,2024,https://www.lhratings.com/reports/B009042-P79351-2025-GZ2025.pdf,source_backed_rating_report_compilation,,,,,to_collect,0.395083,government_fund_revenue / general_public_budget_revenue proxy,2024,https://www.lhratings.com/reports/B009042-P79351-2025-GZ2025.pdf,source_backed_rating_report_compilation,南宁市 2024 国民经济和社会发展统计公报 GDP 常住人口,南宁市 2024 财政决算 一般公共预算收入 一般公共预算支出,南宁市 2024 地方政府债务余额 决算,南宁市 2024 政府性基金收入 国有土地使用权出让收入 决算,Lianhe Ratings reports Nanning 2024 GDP per-capita GDP general-budget revenue general-budget expenditure government-fund revenue fiscal self-sufficiency and local-government debt balance from public materials. Resident population is calculated from GDP and per-capita GDP. The row brings the Nanning city-construction nominal-exit case into the first-pass full-controls sample and adds a non-eastern provincial-capital comparison.
hebei_shijiazhuang,Hebei,Shijiazhuang,石家庄市,CHN.10.8_1,Shijiazhuang,1,sch_20260630_0151,石家庄市交通投资开发有限公司,0,2024,2023,,,,,to_collect,,,,,to_collect,,,,to_collect,,,,,to_collect,,,,,to_collect,,,,to_collect,,,,,to_collect,,local_government_debt_balance / general_public_budget_revenue,,,to_collect,,,,,to_collect,,,,,to_collect,,land_conveyance_revenue / general_public_budget_revenue,,,to_collect,石家庄市 2024 国民经济和社会发展统计公报 GDP 常住人口,石家庄市 2024 财政决算 一般公共预算收入 一般公共预算支出,石家庄市 2024 地方政府债务余额 决算,石家庄市 2024 政府性基金收入 国有土地使用权出让收入 决算,"Collect from official city statistical communique, final accounts, and debt disclosure where possible."
hebei_xingtai,Hebei,Xingtai,邢台市,CHN.10.10_1,Xingtai,1,sch_20260630_0005,河北顺德投资集团有限公司,0,2024,2023,,,,,to_collect,,,,,to_collect,,,,to_collect,,,,,to_collect,,,,,to_collect,,,,to_collect,,,,,to_collect,,local_government_debt_balance / general_public_budget_revenue,,,to_collect,,,,,to_collect,,,,,to_collect,,land_conveyance_revenue / general_public_budget_revenue,,,to_collect,邢台市 2024 国民经济和社会发展统计公报 GDP 常住人口,邢台市 2024 财政决算 一般公共预算收入 一般公共预算支出,邢台市 2024 地方政府债务余额 决算,邢台市 2024 政府性基金收入 国有土地使用权出让收入 决算,"Collect from official city statistical communique, final accounts, and debt disclosure where possible."
heilongjiang_harbin,Heilongjiang,Harbin,哈尔滨市,CHN.11.3_1,Harbin,1,expand_hlj_harbin_chengtou,哈尔滨市城市建设投资集团有限公司,1,2024,2023,6016.3,100m_yuan,2024,https://www.harbin.gov.cn/haerbin/c104569/202506/1063449/files/2024%E5%B9%B4%E5%93%88%E5%B0%94%E6%BB%A8%E5%B8%82%E5%9B%BD%E6%B0%91%E7%BB%8F%E5%92%8C%E7%A4%BE%E4%BC%9A%E5%8F%91%E5%B1%95%E7%BB%9F%E8%AE%A1%E5%85%AC%E6%8A%A5.pdf,source_backed_official_statistical_communique,933.0,10k_persons,2024,https://www.harbin.gov.cn/haerbin/c104569/202506/1063449/files/2024%E5%B9%B4%E5%93%88%E5%B0%94%E6%BB%A8%E5%B8%82%E5%9B%BD%E6%B0%91%E7%BB%8F%E5%92%8C%E7%A4%BE%E4%BC%9A%E5%8F%91%E5%B1%95%E7%BB%9F%E8%AE%A1%E5%85%AC%E6%8A%A5.pdf,source_backed_official_statistical_communique_registered_population,64483,2024,https://www.harbin.gov.cn/haerbin/c104569/202506/1063449/files/2024%E5%B9%B4%E5%93%88%E5%B0%94%E6%BB%A8%E5%B8%82%E5%9B%BD%E6%B0%91%E7%BB%8F%E5%92%8C%E7%A4%BE%E4%BC%9A%E5%8F%91%E5%B1%95%E7%BB%9F%E8%AE%A1%E5%85%AC%E6%8A%A5.pdf,calculated_from_2024_gdp_and_registered_population_proxy,337.8,100m_yuan,2024,https://www.harbin.gov.cn/haerbin/c104524/202503/c01_1048804.shtml,source_backed_official_budget_report,1257.6,100m_yuan,2024,https://www.harbin.gov.cn/haerbin/c104524/202503/c01_1048804.shtml,source_backed_official_budget_report,0.268607,2024,https://www.harbin.gov.cn/haerbin/c104524/202503/c01_1048804.shtml,calculated_from_source_backed_budget_revenue_and_expenditure,3486.3,100m_yuan,2024,https://www.harbin.gov.cn/haerbin/c104524/202503/c01_1048804.shtml,source_backed_official_debt_report,10.320604,local_government_debt_balance / general_public_budget_revenue,2024,https://www.harbin.gov.cn/haerbin/c104524/202503/c01_1048804.shtml,source_backed_official_debt_report,60.8,100m_yuan,2024,https://www.harbin.gov.cn/haerbin/c104524/202503/c01_1048804.shtml,source_backed_official_budget_report,,,,,to_collect,0.179988,government_fund_revenue / general_public_budget_revenue proxy,2024,https://www.harbin.gov.cn/haerbin/c104524/202503/c01_1048804.shtml,source_backed_official_budget_report,哈尔滨市 2024 国民经济和社会发展统计公报 GDP 常住人口,哈尔滨市 2024 财政决算 一般公共预算收入 一般公共预算支出,哈尔滨市 2024 地方政府债务余额 决算,哈尔滨市 2024 政府性基金收入 国有土地使用权出让收入 决算,Harbin official statistical communique reports 2024 GDP and registered population. GDP per capita is calculated from registered population because the retrieved communique field is hukou rather than resident population. The official municipal budget report gives full-city general-budget revenue general-budget expenditure government-fund revenue and legal debt balance. The row brings the Harbin city-construction nominal-exit case into the first-pass full-controls sample and adds a northeastern provincial-capital comparison with very high statutory debt pressure.
henan_luoyang,Henan,Luoyang,洛阳市,CHN.12.7_1,Luoyang,1,expand_hen_luoyang_chengxiang,洛阳城乡建设投资集团有限公司,0,2024,2023,5818.6,100m_yuan,2024,https://www.ly.gov.cn/2025/04-30/565379.html,source_backed_official_statistical_communique,708.1,10k_persons,2024,https://www.ly.gov.cn/2025/04-30/565379.html,source_backed_official_statistical_communique,82172,2024,https://www.ly.gov.cn/2025/04-30/565379.html,calculated_from_source_backed_gdp_and_population,406.9,100m_yuan,2024,https://oss.ly.gov.cn/upload-file/files/20250312/abf998d372d7492b98d4a795eabea0f1.pdf,source_backed_official_budget_report,701.8,100m_yuan,2024,https://oss.ly.gov.cn/upload-file/files/20250312/abf998d372d7492b98d4a795eabea0f1.pdf,source_backed_official_budget_report,0.579795,2024,https://oss.ly.gov.cn/upload-file/files/20250312/abf998d372d7492b98d4a795eabea0f1.pdf,calculated_from_source_backed_budget_revenue_and_expenditure,1549.4,100m_yuan,2024,https://oss.ly.gov.cn/upload-file/files/20250312/abf998d372d7492b98d4a795eabea0f1.pdf,source_backed_official_budget_report,3.807815,local_government_debt_balance / general_public_budget_revenue,2024,https://oss.ly.gov.cn/upload-file/files/20250312/abf998d372d7492b98d4a795eabea0f1.pdf,source_backed_official_budget_report,269.7,100m_yuan,2024,https://oss.ly.gov.cn/upload-file/files/20250312/abf998d372d7492b98d4a795eabea0f1.pdf,source_backed_official_budget_report,,,,,to_collect,0.662816,government_fund_revenue / general_public_budget_revenue proxy,2024,https://oss.ly.gov.cn/upload-file/files/20250312/abf998d372d7492b98d4a795eabea0f1.pdf,source_backed_official_budget_report,洛阳市 2024 国民经济和社会发展统计公报 GDP 常住人口,洛阳市 2024 财政决算 一般公共预算收入 一般公共预算支出,洛阳市 2024 地方政府债务余额 决算,洛阳市 2024 政府性基金收入 国有土地使用权出让收入 决算,Luoyang official statistical communique reports 2024 GDP and resident population. The official municipal budget report gives full-city general-budget revenue general-budget expenditure government-fund revenue and year-end government debt balance. GDP per capita fiscal self-sufficiency debt pressure and land-finance dependence are calculated from these source-backed fields. The row brings the Luoyang urban-rural construction nominal-exit case into the first-pass full-controls sample and adds a Henan interior prefecture comparison.
henan_xuchang,Henan,Xuchang,许昌市,CHN.12.15_1,Xuchang,1,exp2_20260703_0001,许昌市城投发展集团有限公司,0,2024,2023,,,,,to_collect,,,,,to_collect,,,,to_collect,,,,,to_collect,,,,,to_collect,,,,to_collect,,,,,to_collect,,local_government_debt_balance / general_public_budget_revenue,,,to_collect,,,,,to_collect,,,,,to_collect,,land_conveyance_revenue / general_public_budget_revenue,,,to_collect,许昌市 2024 国民经济和社会发展统计公报 GDP 常住人口,许昌市 2024 财政决算 一般公共预算收入 一般公共预算支出,许昌市 2024 地方政府债务余额 决算,许昌市 2024 政府性基金收入 国有土地使用权出让收入 决算,"Collect from official city statistical communique, final accounts, and debt disclosure where possible."
henan_zhengzhou,Henan,Zhengzhou,郑州市,CHN.12.16_1,Zhengzhou,1,sch_20260630_0014,河南航空港投资集团有限公司,0,2024,2023,,,,,to_collect,,,,,to_collect,,,,to_collect,,,,,to_collect,,,,,to_collect,,,,to_collect,,,,,to_collect,,local_government_debt_balance / general_public_budget_revenue,,,to_collect,,,,,to_collect,,,,,to_collect,,land_conveyance_revenue / general_public_budget_revenue,,,to_collect,郑州市 2024 国民经济和社会发展统计公报 GDP 常住人口,郑州市 2024 财政决算 一般公共预算收入 一般公共预算支出,郑州市 2024 地方政府债务余额 决算,郑州市 2024 政府性基金收入 国有土地使用权出让收入 决算,"Collect from official city statistical communique, final accounts, and debt disclosure where possible."
hubei_huangshi,Hubei,Huangshi,黄石市,CHN.13.4_1,Huangshi,2,expand_hb_huangshi_chengfa; sch_20260630_0054,黄石市东楚投资集团有限公司; 黄石市城市发展投资集团有限公司,0,2024,2023,2305.81,100m_yuan,2024,https://tjj.hubei.gov.cn/tjsj/tjgb/ndtjgb/sztjgb/202504/P020250422587041236141.pdf,source_backed_official_statistical_communique,243.53,10k_persons,2024,https://tjj.hubei.gov.cn/tjsj/tjgb/ndtjgb/sztjgb/202504/P020250422587041236141.pdf,source_backed_official_statistical_communique,94683,2024,https://tjj.hubei.gov.cn/tjsj/tjgb/ndtjgb/sztjgb/202504/P020250422587041236141.pdf,source_backed_official_statistical_communique,190.03,100m_yuan,2024,https://czj.huangshi.gov.cn/2020xxgkzn/2020gknr/2020czzj/sbjyjs/202502/t20250225_1197211.html,source_backed_official_budget_report,334.06,100m_yuan,2024,https://czj.huangshi.gov.cn/2020xxgkzn/2020gknr/2020czzj/sbjyjs/202502/t20250225_1197211.html,source_backed_official_budget_report,0.568850,2024,https://czj.huangshi.gov.cn/2020xxgkzn/2020gknr/2020czzj/sbjyjs/202502/t20250225_1197211.html,source_backed_official_budget_report,658,100m_yuan,2024,https://czj.huangshi.gov.cn/2020xxgkzn/2020gknr/2020czzj/sbjyjs/202502/t20250225_1197211.html,source_backed_official_budget_report,3.462611,local_government_debt_balance / general_public_budget_revenue,2024,https://czj.huangshi.gov.cn/2020xxgkzn/2020gknr/2020czzj/sbjyjs/202502/t20250225_1197211.html,source_backed_official_budget_report,46.1439,100m_yuan,2024,https://czj.huangshi.gov.cn/2020xxgkzn/2020gknr/2020czzj/sbjyjs/202502/t20250225_1197211.html,source_backed_official_budget_report_city_direct_proxy,,,,,to_collect,0.242824,city_direct_government_fund_revenue / general_public_budget_revenue proxy,2024,https://czj.huangshi.gov.cn/2020xxgkzn/2020gknr/2020czzj/sbjyjs/202502/t20250225_1197211.html,source_backed_official_budget_report_city_direct_proxy,黄石市 2024 国民经济和社会发展统计公报 GDP 常住人口,黄石市 2024 财政决算 一般公共预算收入 一般公共预算支出,黄石市 2024 地方政府债务余额 决算,黄石市 2024 政府性基金收入 国有土地使用权出让收入 决算,Official statistical communique and finance-bureau budget report. General-budget and debt values are citywide. Government-fund revenue is city-direct only and retained as transparent first-pass land-finance proxy; replace with full-city fund revenue before journal submission if available.
hubei_jingmen,Hubei,Jingmen,荆门市,CHN.13.5_1,Jingmen,1,expand_hb_jingmen_chengtou,荆门市城市建设投资有限公司,0,2024,2023,,,,,to_collect,,,,,to_collect,,,,to_collect,,,,,to_collect,,,,,to_collect,,,,to_collect,,,,,to_collect,,local_government_debt_balance / general_public_budget_revenue,,,to_collect,,,,,to_collect,,,,,to_collect,,land_conveyance_revenue / general_public_budget_revenue,,,to_collect,荆门市 2024 国民经济和社会发展统计公报 GDP 常住人口,荆门市 2024 财政决算 一般公共预算收入 一般公共预算支出,荆门市 2024 地方政府债务余额 决算,荆门市 2024 政府性基金收入 国有土地使用权出让收入 决算,"Collect from official city statistical communique, final accounts, and debt disclosure where possible."
hubei_xiaogan,Hubei,Xiaogan,孝感市,CHN.13.16_1,Xiaogan,1,expand_hb_xiaogan_chengtou,孝感市城市建设投资公司,0,2024,2023,,,,,to_collect,,,,,to_collect,,,,to_collect,,,,,to_collect,,,,,to_collect,,,,to_collect,,,,,to_collect,,local_government_debt_balance / general_public_budget_revenue,,,to_collect,,,,,to_collect,,,,,to_collect,,land_conveyance_revenue / general_public_budget_revenue,,,to_collect,孝感市 2024 国民经济和社会发展统计公报 GDP 常住人口,孝感市 2024 财政决算 一般公共预算收入 一般公共预算支出,孝感市 2024 地方政府债务余额 决算,孝感市 2024 政府性基金收入 国有土地使用权出让收入 决算,"Collect from official city statistical communique, final accounts, and debt disclosure where possible."
hunan_hengyang,Hunan,Hengyang,衡阳市,CHN.14.4_1,Hengyang,1,pilot_hn_004,衡阳市城市建设投资有限公司,0,2024,2023,4491.69,100m_yuan,2024,https://qxb-pdf-osscache.qixin.com/AnBaseinfo/b208bf41a745acaa50913615bdccdeee.pdf,source_backed_rating_report_compilation,643.43,10k_persons,2024,https://qxb-pdf-osscache.qixin.com/AnBaseinfo/b208bf41a745acaa50913615bdccdeee.pdf,source_backed_rating_report_compilation,69470,2024,https://qxb-pdf-osscache.qixin.com/AnBaseinfo/b208bf41a745acaa50913615bdccdeee.pdf,source_backed_rating_report_compilation,196.25,100m_yuan,2024,https://qxb-pdf-osscache.qixin.com/AnBaseinfo/b208bf41a745acaa50913615bdccdeee.pdf,source_backed_rating_report_compilation,636.27,100m_yuan,2024,https://qxb-pdf-osscache.qixin.com/AnBaseinfo/b208bf41a745acaa50913615bdccdeee.pdf,source_backed_rating_report_compilation,0.308438,2024,https://qxb-pdf-osscache.qixin.com/AnBaseinfo/b208bf41a745acaa50913615bdccdeee.pdf,calculated_from_source_backed_budget_revenue_and_expenditure,1572.96,100m_yuan,2024,https://qxb-pdf-osscache.qixin.com/AnBaseinfo/b208bf41a745acaa50913615bdccdeee.pdf,source_backed_rating_report_compilation,8.015083,local_government_debt_balance / general_public_budget_revenue,2024,https://qxb-pdf-osscache.qixin.com/AnBaseinfo/b208bf41a745acaa50913615bdccdeee.pdf,source_backed_rating_report_compilation,193.26,100m_yuan,2024,https://qxb-pdf-osscache.qixin.com/AnBaseinfo/b208bf41a745acaa50913615bdccdeee.pdf,source_backed_rating_report_compilation,,,,,to_collect,0.984764,government_fund_revenue / general_public_budget_revenue proxy,2024,https://qxb-pdf-osscache.qixin.com/AnBaseinfo/b208bf41a745acaa50913615bdccdeee.pdf,source_backed_rating_report_compilation,衡阳市 2024 国民经济和社会发展统计公报 GDP 常住人口,衡阳市 2024 财政决算 一般公共预算收入 一般公共预算支出,衡阳市 2024 地方政府债务余额 决算,衡阳市 2024 政府性基金收入 国有土地使用权出让收入 决算,Lianhe Ratings reports Hengyang 2024 GDP resident population per-capita GDP general-budget revenue general-budget expenditure government-fund revenue and local-government debt balance from public materials. The row brings the Hengyang city-construction nominal-exit case into the first-pass full-controls sample and adds a Hunan high-debt comparison with weak fiscal self-sufficiency and substantial government-fund dependence.
hunan_yiyang,Hunan,Yiyang,益阳市,CHN.14.10_1,Yiyang,1,expand_hn_yiyang_jiaotou,益阳市交通投资运营集团有限公司,0,2024,2023,,,,,to_collect,,,,,to_collect,,,,to_collect,,,,,to_collect,,,,,to_collect,,,,to_collect,,,,,to_collect,,local_government_debt_balance / general_public_budget_revenue,,,to_collect,,,,,to_collect,,,,,to_collect,,land_conveyance_revenue / general_public_budget_revenue,,,to_collect,益阳市 2024 国民经济和社会发展统计公报 GDP 常住人口,益阳市 2024 财政决算 一般公共预算收入 一般公共预算支出,益阳市 2024 地方政府债务余额 决算,益阳市 2024 政府性基金收入 国有土地使用权出让收入 决算,"Collect from official city statistical communique, final accounts, and debt disclosure where possible."
hunan_zhuzhou,Hunan,Zhuzhou,株洲市,CHN.14.14_1,Zhuzhou,1,pilot_hn_002,株洲市国有资产投资控股集团有限公司,0,2024,2023,,,,,to_collect,,,,,to_collect,,,,to_collect,,,,,to_collect,,,,,to_collect,,,,to_collect,,,,,to_collect,,local_government_debt_balance / general_public_budget_revenue,,,to_collect,,,,,to_collect,,,,,to_collect,,land_conveyance_revenue / general_public_budget_revenue,,,to_collect,株洲市 2024 国民经济和社会发展统计公报 GDP 常住人口,株洲市 2024 财政决算 一般公共预算收入 一般公共预算支出,株洲市 2024 地方政府债务余额 决算,株洲市 2024 政府性基金收入 国有土地使用权出让收入 决算,"Collect from official city statistical communique, final accounts, and debt disclosure where possible."
jiangsu_changzhou,Jiangsu,Changzhou,常州市,CHN.15.1_1,Changzhou,3,sch_20260630_0048; sch_20260630_0057; sch_20260630_0069,常州天宁建设发展集团有限公司; 常州市交通产业集团有限公司; 常州滨湖建设发展集团有限公司,0,2024,2023,10813.6,100m_yuan,2024,https://www.lhratings.com/file/g123fa3419d.pdf,source_backed_secondary_compilation,,,,,to_collect,201000,2024,https://www.lhratings.com/file/g123fa3419d.pdf,source_backed_secondary_compilation,697.80,100m_yuan,2024,https://www.lhratings.com/file/g123fa3419d.pdf,source_backed_secondary_compilation,890.07,100m_yuan,2024,https://www.lhratings.com/file/g123fa3419d.pdf,source_backed_secondary_compilation,0.783983,2024,https://www.lhratings.com/file/g123fa3419d.pdf,source_backed_secondary_compilation,2443.69,100m_yuan,2024,https://www.lhratings.com/file/g123fa3419d.pdf,source_backed_secondary_compilation,3.501992,local_government_debt_balance / general_public_budget_revenue,2024,https://www.lhratings.com/file/g123fa3419d.pdf,source_backed_secondary_compilation,976.17,100m_yuan,2024,https://www.lhratings.com/file/g123fa3419d.pdf,source_backed_secondary_compilation,,,,,to_collect,1.398925,government_fund_revenue / general_public_budget_revenue proxy,2024,https://www.lhratings.com/file/g123fa3419d.pdf,source_backed_secondary_compilation,常州市 2024 国民经济和社会发展统计公报 GDP 常住人口,常州市 2024 财政决算 一般公共预算收入 一般公共预算支出,常州市 2024 地方政府债务余额 决算,常州市 2024 政府性基金收入 国有土地使用权出让收入 决算,First-pass public-data compilation from Lianhe Ratings; replace with official statistical communique and fiscal final accounts before journal submission where possible.
jiangsu_danyang,Jiangsu,Danyang,,,Danyang,1,sch_20260630_0044,丹阳投资集团有限公司,0,2024,2023,,,,,to_collect,,,,,to_collect,,,,to_collect,,,,,to_collect,,,,,to_collect,,,,to_collect,,,,,to_collect,,local_government_debt_balance / general_public_budget_revenue,,,to_collect,,,,,to_collect,,,,,to_collect,,land_conveyance_revenue / general_public_budget_revenue,,,to_collect,Danyang 2024 国民经济和社会发展统计公报 GDP 常住人口,Danyang 2024 财政决算 一般公共预算收入 一般公共预算支出,Danyang 2024 地方政府债务余额 决算,Danyang 2024 政府性基金收入 国有土地使用权出让收入 决算,"Collect from official city statistical communique, final accounts, and debt disclosure where possible."
jiangsu_huaian,Jiangsu,Huai'an,淮安市,CHN.15.2_1,Huai'an,1,expand_js_huaian_touzi,淮安市投资控股集团有限公司,0,2024,2023,5413.02,100m_yuan,2024,https://www.dfratings.com/uploads/files/2025/1217/GWsE9VJDW2mCGjqb9daojy40wDNupRMTu6EHXrrZ.pdf,source_backed_rating_report_compilation,453.07,10k_persons,2024,https://www.dfratings.com/uploads/files/2025/1217/GWsE9VJDW2mCGjqb9daojy40wDNupRMTu6EHXrrZ.pdf,calculated_from_source_backed_gdp_and_per_capita_gdp,119473,2024,https://www.dfratings.com/uploads/files/2025/1217/GWsE9VJDW2mCGjqb9daojy40wDNupRMTu6EHXrrZ.pdf,source_backed_rating_report_compilation,325.54,100m_yuan,2024,https://www.dfratings.com/uploads/files/2025/1217/GWsE9VJDW2mCGjqb9daojy40wDNupRMTu6EHXrrZ.pdf,source_backed_rating_report_compilation,742.56,100m_yuan,2024,https://www.dfratings.com/uploads/files/2025/1217/GWsE9VJDW2mCGjqb9daojy40wDNupRMTu6EHXrrZ.pdf,calculated_from_source_backed_rating_report_fiscal_self_sufficiency,0.438400,2024,https://www.dfratings.com/uploads/files/2025/1217/GWsE9VJDW2mCGjqb9daojy40wDNupRMTu6EHXrrZ.pdf,source_backed_rating_report_compilation,1031.29,100m_yuan,2024,https://www.dfratings.com/uploads/files/2025/1217/GWsE9VJDW2mCGjqb9daojy40wDNupRMTu6EHXrrZ.pdf,source_backed_rating_report_compilation,3.167936,local_government_debt_balance / general_public_budget_revenue,2024,https://www.dfratings.com/uploads/files/2025/1217/GWsE9VJDW2mCGjqb9daojy40wDNupRMTu6EHXrrZ.pdf,source_backed_rating_report_compilation,370.71,100m_yuan,2024,https://www.dfratings.com/uploads/files/2025/1217/GWsE9VJDW2mCGjqb9daojy40wDNupRMTu6EHXrrZ.pdf,source_backed_rating_report_compilation,,,,,to_collect,1.138754,government_fund_revenue / general_public_budget_revenue proxy,2024,https://www.dfratings.com/uploads/files/2025/1217/GWsE9VJDW2mCGjqb9daojy40wDNupRMTu6EHXrrZ.pdf,source_backed_rating_report_compilation,淮安市 2024 国民经济和社会发展统计公报 GDP 常住人口,淮安市 2024 财政决算 一般公共预算收入 一般公共预算支出,淮安市 2024 地方政府债务余额 决算,淮安市 2024 政府性基金收入 国有土地使用权出让收入 决算,Dongfang Jincheng reports Huai'an 2024 GDP per-capita GDP general-budget revenue government-fund revenue fiscal self-sufficiency and local-government debt balance from public materials and fiscal final accounts. Resident population is calculated from GDP and per-capita GDP; general-budget expenditure is calculated from fiscal self-sufficiency. The row brings the Huai'an investment-holding nominal-exit case into the first-pass full-controls sample and adds a northern Jiangsu comparison.
jiangsu_jiangyin,Jiangsu,Jiangyin,,,Jiangyin,1,sch_20260630_0029,江阴高新区投资开发有限公司,0,2024,2023,,,,,to_collect,,,,,to_collect,,,,to_collect,,,,,to_collect,,,,,to_collect,,,,to_collect,,,,,to_collect,,local_government_debt_balance / general_public_budget_revenue,,,to_collect,,,,,to_collect,,,,,to_collect,,land_conveyance_revenue / general_public_budget_revenue,,,to_collect,Jiangyin 2024 国民经济和社会发展统计公报 GDP 常住人口,Jiangyin 2024 财政决算 一般公共预算收入 一般公共预算支出,Jiangyin 2024 地方政府债务余额 决算,Jiangyin 2024 政府性基金收入 国有土地使用权出让收入 决算,"Collect from official city statistical communique, final accounts, and debt disclosure where possible."
jiangsu_liyang,Jiangsu,Liyang,,,Liyang,1,sch_20260630_0047,溧阳市城市建设发展集团有限公司,0,2024,2023,,,,,to_collect,,,,,to_collect,,,,to_collect,,,,,to_collect,,,,,to_collect,,,,to_collect,,,,,to_collect,,local_government_debt_balance / general_public_budget_revenue,,,to_collect,,,,,to_collect,,,,,to_collect,,land_conveyance_revenue / general_public_budget_revenue,,,to_collect,Liyang 2024 国民经济和社会发展统计公报 GDP 常住人口,Liyang 2024 财政决算 一般公共预算收入 一般公共预算支出,Liyang 2024 地方政府债务余额 决算,Liyang 2024 政府性基金收入 国有土地使用权出让收入 决算,"Collect from official city statistical communique, final accounts, and debt disclosure where possible."
jiangsu_nanjing,Jiangsu,Nanjing,南京市,CHN.15.4_1,Gaochun; Nanjing; Nanjing Jiangning,5,exp2_20260703_0009; expand_js_jiangning_guozi; pilot_js_001_alt_metro; sch_20260630_0052; sch_20260630_0142,南京地铁集团有限公司; 南京市交通建设投资控股(集团)有限责任公司; 南京江北新城投资发展有限公司; 南京江宁国有资产经营集团有限公司; 江苏高淳国际慢城文化旅游产业投资集团有限公司,1,2024,2023,18500.81,100m_yuan,2024,https://www.lhratings.com/file/g0a76d7ed51.pdf,source_backed_secondary_compilation,957.70,10k_persons,2024,https://www.lhratings.com/file/g0a76d7ed51.pdf,source_backed_secondary_compilation,193500,2024,https://www.lhratings.com/file/g0a76d7ed51.pdf,source_backed_secondary_compilation,1596.02,100m_yuan,2024,https://www.lhratings.com/file/g0a76d7ed51.pdf,source_backed_secondary_compilation,1705.26,100m_yuan,2024,https://www.lhratings.com/file/g0a76d7ed51.pdf,source_backed_secondary_compilation,0.935939,2024,https://www.lhratings.com/file/g0a76d7ed51.pdf,source_backed_secondary_compilation,3661.56,100m_yuan,2024,https://www.lhratings.com/file/g0a76d7ed51.pdf,source_backed_secondary_compilation,2.294182,local_government_debt_balance / general_public_budget_revenue,2024,https://www.lhratings.com/file/g0a76d7ed51.pdf,source_backed_secondary_compilation,937.59,100m_yuan,2024,https://www.lhratings.com/file/g0a76d7ed51.pdf,source_backed_secondary_compilation,,,,,to_collect,0.587455,government_fund_revenue / general_public_budget_revenue proxy,2024,https://www.lhratings.com/file/g0a76d7ed51.pdf,source_backed_secondary_compilation,南京市 2024 国民经济和社会发展统计公报 GDP 常住人口,南京市 2024 财政决算 一般公共预算收入 一般公共预算支出,南京市 2024 地方政府债务余额 决算,南京市 2024 政府性基金收入 国有土地使用权出让收入 决算,First-pass public-data compilation from Lianhe Ratings; replace with official statistical communique and fiscal final accounts before journal submission where possible.
jiangsu_nantong,Jiangsu,Nantong,南通市,CHN.15.5_1,Haian; Nantong,3,sch_20260630_0019; sch_20260630_0073; sch_20260630_0137,如东县东泰社会发展投资有限责任公司; 江苏腾海投资控股集团有限公司; 海安开发区建设投资有限公司,0,2024,2023,12421.90,100m_yuan,2024,https://www.lhratings.com/file/g0fa6dcf4bf.pdf,source_backed_secondary_compilation,775.0,10k_persons,2024,https://www.lhratings.com/file/g0fa6dcf4bf.pdf,source_backed_secondary_compilation,160000,2024,https://www.lhratings.com/file/g0fa6dcf4bf.pdf,source_backed_secondary_compilation,700.8972,100m_yuan,2024,https://www.nantong.gov.cn/truecms/attachmentController/download.do?id=7880f686-e111-4675-9d13-b268609b09de,source_backed_official_budget_table,1179.0517,100m_yuan,2024,https://www.nantong.gov.cn/truecms/attachmentController/download.do?id=7880f686-e111-4675-9d13-b268609b09de,source_backed_official_budget_table,0.594458,2024,https://www.nantong.gov.cn/truecms/attachmentController/download.do?id=7880f686-e111-4675-9d13-b268609b09de,source_backed_official_budget_table,2616.08,100m_yuan,2024,https://www.nantong.gov.cn/truecms/attachmentController/download.do?id=7880f686-e111-4675-9d13-b268609b09de,source_backed_official_budget_table,3.732473,local_government_debt_balance / general_public_budget_revenue,2024,https://www.nantong.gov.cn/truecms/attachmentController/download.do?id=7880f686-e111-4675-9d13-b268609b09de,source_backed_official_budget_table,834.5360,100m_yuan,2024,https://www.nantong.gov.cn/truecms/attachmentController/download.do?id=7880f686-e111-4675-9d13-b268609b09de,source_backed_official_budget_table,,,,,to_collect,1.190668,government_fund_revenue / general_public_budget_revenue proxy,2024,https://www.nantong.gov.cn/truecms/attachmentController/download.do?id=7880f686-e111-4675-9d13-b268609b09de,source_backed_official_budget_table,南通市 2024 国民经济和社会发展统计公报 GDP 常住人口,南通市 2024 财政决算 一般公共预算收入 一般公共预算支出,南通市 2024 地方政府债务余额 决算,南通市 2024 政府性基金收入 国有土地使用权出让收入 决算,GDP from Jiangsu public-data compilation; fiscal debt and fund values from official municipal budget tables.
jiangsu_suzhou,Jiangsu,Suzhou,苏州市,CHN.15.7_1,Changshu; Suzhou; Suzhou Xiangcheng; Zhangjiagang,5,expand_js_changshu_invest; expand_js_suzhou_xiangcheng; expand_js_zhangjiagang_chengtou; pilot_js_002; sch_20260630_0007,常熟市投资控股集团有限公司; 张家港市城市投资发展集团有限公司; 苏州吴中国太发展有限公司; 苏州城市建设投资发展集团有限公司; 苏州市相城城市建设投资(集团)有限公司,0,2024,2023,26726.98,100m_yuan,2024,https://www.lhratings.com/file/g1ef084095c.pdf,source_backed_secondary_compilation,,,,,to_collect,206000,2024,https://www.lhratings.com/file/g1ef084095c.pdf,source_backed_secondary_compilation,2459.10,100m_yuan,2024,https://www.lhratings.com/file/g1ef084095c.pdf,source_backed_secondary_compilation,2602.30,100m_yuan,2024,https://www.lhratings.com/file/g1ef084095c.pdf,source_backed_secondary_compilation,0.944972,2024,https://www.lhratings.com/file/g1ef084095c.pdf,source_backed_secondary_compilation,3657.96,100m_yuan,2024,https://www.lhratings.com/file/g1ef084095c.pdf,source_backed_secondary_compilation,1.487520,local_government_debt_balance / general_public_budget_revenue,2024,https://www.lhratings.com/file/g1ef084095c.pdf,source_backed_secondary_compilation,1048.08,100m_yuan,2024,https://www.lhratings.com/file/g1ef084095c.pdf,source_backed_secondary_compilation,,,,,to_collect,0.426205,government_fund_revenue / general_public_budget_revenue proxy,2024,https://www.lhratings.com/file/g1ef084095c.pdf,source_backed_secondary_compilation,苏州市 2024 国民经济和社会发展统计公报 GDP 常住人口,苏州市 2024 财政决算 一般公共预算收入 一般公共预算支出,苏州市 2024 地方政府债务余额 决算,苏州市 2024 政府性基金收入 国有土地使用权出让收入 决算,First-pass public-data compilation from Lianhe Ratings; replace with official statistical communique and fiscal final accounts before journal submission where possible.
jiangsu_taixing,Jiangsu,Taixing,,,Taixing,1,sch_20260630_0021,泰兴市中兴国有资产经营投资集团有限公司,0,2024,2023,,,,,to_collect,,,,,to_collect,,,,to_collect,,,,,to_collect,,,,,to_collect,,,,to_collect,,,,,to_collect,,local_government_debt_balance / general_public_budget_revenue,,,to_collect,,,,,to_collect,,,,,to_collect,,land_conveyance_revenue / general_public_budget_revenue,,,to_collect,Taixing 2024 国民经济和社会发展统计公报 GDP 常住人口,Taixing 2024 财政决算 一般公共预算收入 一般公共预算支出,Taixing 2024 地方政府债务余额 决算,Taixing 2024 政府性基金收入 国有土地使用权出让收入 决算,"Collect from official city statistical communique, final accounts, and debt disclosure where possible."
jiangsu_taizhou,Jiangsu,Taizhou,泰州市,CHN.15.8_1,Taizhou; Xinghua,3,expand_js_taizhou_chengtou; expand_js_taizhou_jindong; expand_js_xinghua_guotou,泰州市兴化国有资产投资控股有限公司; 泰州市城市建设投资集团有限公司; 泰州市金东城市建设投资集团有限公司,0,2024,2023,7021.0,100m_yuan,2024,https://www.lhratings.com/file/g0c1baa9600.pdf,source_backed_secondary_compilation,,,,,to_collect,156000,2024,https://www.lhratings.com/file/g0c1baa9600.pdf,source_backed_secondary_compilation,453.08,100m_yuan,2024,https://www.lhratings.com/file/g0c1baa9600.pdf,source_backed_secondary_compilation,695.93,100m_yuan,2024,https://www.lhratings.com/file/g0c1baa9600.pdf,source_backed_secondary_compilation,0.651042,2024,https://www.lhratings.com/file/g0c1baa9600.pdf,source_backed_secondary_compilation,1315.69,100m_yuan,2024,https://www.lhratings.com/file/g0c1baa9600.pdf,source_backed_secondary_compilation,2.903880,local_government_debt_balance / general_public_budget_revenue,2024,https://www.lhratings.com/file/g0c1baa9600.pdf,source_backed_secondary_compilation,420.56,100m_yuan,2024,https://www.lhratings.com/file/g0c1baa9600.pdf,source_backed_secondary_compilation,,,,,to_collect,0.928225,government_fund_revenue / general_public_budget_revenue proxy,2024,https://www.lhratings.com/file/g0c1baa9600.pdf,source_backed_secondary_compilation,泰州市 2024 国民经济和社会发展统计公报 GDP 常住人口,泰州市 2024 财政决算 一般公共预算收入 一般公共预算支出,泰州市 2024 地方政府债务余额 决算,泰州市 2024 政府性基金收入 国有土地使用权出让收入 决算,First-pass public-data compilation from Lianhe Ratings; replace with official statistical communique and fiscal final accounts before journal submission where possible.
jiangsu_wuxi,Jiangsu,Wuxi,无锡市,CHN.15.9_1,Yixing,1,expand_js_yixing_chengfa,宜兴市城市发展投资有限公司,0,2024,2023,16263.29,100m_yuan,2024,https://www.lhratings.com/file/g04c6e7d612.pdf,source_backed_rating_report_compilation,750.50,10k_persons,2024,https://www.lhratings.com/file/g04c6e7d612.pdf,source_backed_rating_report_compilation,216800,2024,https://www.lhratings.com/file/g04c6e7d612.pdf,source_backed_rating_report_compilation,1210.09,100m_yuan,2024,https://www.lhratings.com/file/g04c6e7d612.pdf,source_backed_rating_report_compilation,1341.46,100m_yuan,2024,https://www.lhratings.com/file/g04c6e7d612.pdf,source_backed_rating_report_compilation,0.902100,2024,https://www.lhratings.com/file/g04c6e7d612.pdf,source_backed_rating_report_compilation,2609.72,100m_yuan,2024,https://www.lhratings.com/file/g04c6e7d612.pdf,source_backed_rating_report_compilation,2.156633,local_government_debt_balance / general_public_budget_revenue,2024,https://www.lhratings.com/file/g04c6e7d612.pdf,source_backed_rating_report_compilation,799.29,100m_yuan,2024,https://www.lhratings.com/file/g04c6e7d612.pdf,source_backed_rating_report_compilation,,,,,to_collect,0.660521,government_fund_revenue / general_public_budget_revenue proxy,2024,https://www.lhratings.com/file/g04c6e7d612.pdf,source_backed_rating_report_compilation,无锡市 2024 国民经济和社会发展统计公报 GDP 常住人口,无锡市 2024 财政决算 一般公共预算收入 一般公共预算支出,无锡市 2024 地方政府债务余额 决算,无锡市 2024 政府性基金收入 国有土地使用权出让收入 决算,Lianhe Ratings compiles Wuxi 2024 GDP resident population per-capita GDP general-budget revenue and expenditure government-fund revenue and local-government debt balance from public materials. The row brings the Yixing-Wuxi functional-transfer case into the first-pass full-controls sample. Replace with official final-account tables before journal submission where possible.
jiangsu_xuzhou,Jiangsu,Xuzhou,徐州市,CHN.15.10_1,Xuzhou,3,pilot_js_004; sch_20260630_0015; sch_20260630_0046,徐州市交通控股集团有限公司; 徐州市新盛投资控股集团有限公司; 徐州经济技术开发区国有资产经营有限责任公司,0,2024,2023,9537.12,100m_yuan,2024,https://www.lhratings.com/reports/B022439-P75208-2024-GZ2025.pdf,source_backed_secondary_compilation,901.00,10k_persons,2024,https://www.lhratings.com/file/g0fa6dcf4bf.pdf,source_backed_secondary_compilation,105800,2024,https://www.lhratings.com/reports/B022439-P75208-2024-GZ2025.pdf,source_backed_secondary_compilation,560.29,100m_yuan,2024,https://www.lhratings.com/reports/B022439-P75208-2024-GZ2025.pdf,source_backed_secondary_compilation,1052.38,100m_yuan,2024,https://www.lhratings.com/reports/B022439-P75208-2024-GZ2025.pdf,source_backed_secondary_compilation,0.532403,2024,https://www.lhratings.com/reports/B022439-P75208-2024-GZ2025.pdf,source_backed_secondary_compilation,1872.37,100m_yuan,2024,https://www.lhratings.com/reports/B022439-P75208-2024-GZ2025.pdf,source_backed_secondary_compilation,3.341787,local_government_debt_balance / general_public_budget_revenue,2024,https://www.lhratings.com/reports/B022439-P75208-2024-GZ2025.pdf,source_backed_secondary_compilation,388.41,100m_yuan,2024,https://www.lhratings.com/reports/B022439-P75208-2024-GZ2025.pdf,source_backed_secondary_compilation,,,,,to_collect,0.693230,government_fund_revenue / general_public_budget_revenue proxy,2024,https://www.lhratings.com/reports/B022439-P75208-2024-GZ2025.pdf,source_backed_secondary_compilation,徐州市 2024 国民经济和社会发展统计公报 GDP 常住人口,徐州市 2024 财政决算 一般公共预算收入 一般公共预算支出,徐州市 2024 地方政府债务余额 决算,徐州市 2024 政府性基金收入 国有土地使用权出让收入 决算,Lianhe Ratings tracking report compiles Xuzhou 2024 statistical communique and 2024 budget-execution/2025 budget-draft figures; population cross-check from Lianhe Jiangsu prefecture-level report. Replace with original official statistical communique and final-account tables before journal submission where possible.
jiangsu_yancheng,Jiangsu,Yancheng,盐城市,CHN.15.11_1,Yancheng,2,expand_js_yancheng_chengnan; pilot_js_003,盐城市城南新区开发建设投资有限公司; 盐城市城市资产投资集团有限公司,0,2024,2023,7779.2,100m_yuan,2024,https://www.lhratings.com/file/g0fa6dcb35d.pdf,source_backed_secondary_compilation,667,10k_persons,2024,https://www.lhratings.com/file/g0fa6dcb35d.pdf,source_backed_secondary_compilation,116400,2024,https://www.lhratings.com/file/g0fa6dcb35d.pdf,source_backed_secondary_compilation,496.2,100m_yuan,2024,https://www.lhratings.com/file/g0fa6dcb35d.pdf,source_backed_secondary_compilation,1137.4,100m_yuan,2024,https://www.lhratings.com/file/g0fa6dcb35d.pdf,source_backed_secondary_compilation,0.436258,2024,https://www.lhratings.com/file/g0fa6dcb35d.pdf,source_backed_secondary_compilation,1961.6,100m_yuan,2024,https://www.lhratings.com/file/g0fa6dcb35d.pdf,source_backed_secondary_compilation,3.953245,local_government_debt_balance / general_public_budget_revenue,2024,https://www.lhratings.com/file/g0fa6dcb35d.pdf,source_backed_secondary_compilation,730.9,100m_yuan,2024,https://www.lhratings.com/file/g0fa6dcb35d.pdf,source_backed_secondary_compilation,,,,,to_collect,1.472995,government_fund_revenue / general_public_budget_revenue proxy,2024,https://www.lhratings.com/file/g0fa6dcb35d.pdf,source_backed_secondary_compilation,盐城市 2024 国民经济和社会发展统计公报 GDP 常住人口,盐城市 2024 财政决算 一般公共预算收入 一般公共预算支出,盐城市 2024 地方政府债务余额 决算,盐城市 2024 政府性基金收入 国有土地使用权出让收入 决算,First-pass public-data compilation from Lianhe Ratings; replace with official statistical communique and fiscal final accounts before journal submission where possible.
jiangsu_zhenjiang,Jiangsu,Zhenjiang,镇江市,CHN.15.13_1,Zhenjiang,1,expand_js_zhenjiang_industry,镇江产业投资控股集团有限公司,0,2024,2023,5540.01,100m_yuan,2024,https://static.sse.com.cn/disclosure/bond/announcement/company/c/new/2025-08-19/243510_20250819_Q19V.pdf,source_backed_rating_report_compilation,322.66,10k_persons,2024,https://static.sse.com.cn/disclosure/bond/announcement/company/c/new/2025-08-19/243510_20250819_Q19V.pdf,calculated_from_source_backed_gdp_and_per_capita_gdp,171700,2024,https://static.sse.com.cn/disclosure/bond/announcement/company/c/new/2025-08-19/243510_20250819_Q19V.pdf,source_backed_rating_report_compilation,329.11,100m_yuan,2024,https://static.sse.com.cn/disclosure/bond/announcement/company/c/new/2025-06-28/188765_20250628_CY6T.pdf,source_backed_rating_report_compilation,566.13,100m_yuan,2024,https://static.sse.com.cn/disclosure/bond/announcement/company/c/new/2025-06-28/188765_20250628_CY6T.pdf,source_backed_rating_report_compilation,0.581333,2024,https://static.sse.com.cn/disclosure/bond/announcement/company/c/new/2025-06-28/188765_20250628_CY6T.pdf,calculated_from_source_backed_budget_revenue_and_expenditure,2693.48,100m_yuan,2024,https://static.sse.com.cn/disclosure/bond/announcement/company/c/new/2025-06-28/188765_20250628_CY6T.pdf,source_backed_rating_report_compilation,8.184133,local_government_debt_balance / general_public_budget_revenue,2024,https://static.sse.com.cn/disclosure/bond/announcement/company/c/new/2025-06-28/188765_20250628_CY6T.pdf,source_backed_rating_report_compilation,474.97,100m_yuan,2024,https://static.sse.com.cn/disclosure/bond/announcement/company/c/new/2025-06-28/188765_20250628_CY6T.pdf,source_backed_rating_report_compilation,,,,,to_collect,1.443195,government_fund_revenue / general_public_budget_revenue proxy,2024,https://static.sse.com.cn/disclosure/bond/announcement/company/c/new/2025-06-28/188765_20250628_CY6T.pdf,source_backed_rating_report_compilation,镇江市 2024 国民经济和社会发展统计公报 GDP 常住人口,镇江市 2024 财政决算 一般公共预算收入 一般公共预算支出,镇江市 2024 地方政府债务余额 决算,镇江市 2024 政府性基金收入 国有土地使用权出让收入 决算,Lianhe Ratings reports Zhenjiang 2024 GDP and per-capita GDP from public materials; resident population is calculated from those two fields. Fiscal budget government-fund and debt values come from an SSE-disclosed 2025 tracking-rating report table sourced to Zhenjiang Finance Bureau. The row brings the Zhenjiang industry-investment nominal-exit case into the first-pass full-controls sample and adds a high-debt Jiangsu comparison.
jiangxi_fuzhou,Jiangxi,Fuzhou,抚州市,CHN.16.1_1,Fuzhou,1,expand_jx_fuzhou_guozi,抚州市市属国有资产投资控股集团有限公司,0,2024,2023,,,,,to_collect,,,,,to_collect,,,,to_collect,,,,,to_collect,,,,,to_collect,,,,to_collect,,,,,to_collect,,local_government_debt_balance / general_public_budget_revenue,,,to_collect,,,,,to_collect,,,,,to_collect,,land_conveyance_revenue / general_public_budget_revenue,,,to_collect,抚州市 2024 国民经济和社会发展统计公报 GDP 常住人口,抚州市 2024 财政决算 一般公共预算收入 一般公共预算支出,抚州市 2024 地方政府债务余额 决算,抚州市 2024 政府性基金收入 国有土地使用权出让收入 决算,"Collect from official city statistical communique, final accounts, and debt disclosure where possible."
jiangxi_ganzhou,Jiangxi,Ganzhou,赣州市,CHN.16.2_1,Ganzhou Zhanggong,1,expand_jx_zhanggong_jiantou,赣州市章贡区建设投资集团有限公司,0,2024,2023,,,,,to_collect,,,,,to_collect,,,,to_collect,,,,,to_collect,,,,,to_collect,,,,to_collect,,,,,to_collect,,local_government_debt_balance / general_public_budget_revenue,,,to_collect,,,,,to_collect,,,,,to_collect,,land_conveyance_revenue / general_public_budget_revenue,,,to_collect,赣州市 2024 国民经济和社会发展统计公报 GDP 常住人口,赣州市 2024 财政决算 一般公共预算收入 一般公共预算支出,赣州市 2024 地方政府债务余额 决算,赣州市 2024 政府性基金收入 国有土地使用权出让收入 决算,"Collect from official city statistical communique, final accounts, and debt disclosure where possible."
jiangxi_jian,Jiangxi,Ji'an,吉安市,CHN.16.3_1,Ji'an,1,expand_jx_jian_chengtou,吉安市城市建设投资开发有限公司,0,2024,2023,2917.30,100m_yuan,2024,https://static.sse.com.cn/disclosure/bond/announcement/corporate/c/new/2025-06-27/152785_20250627_08J0.pdf,source_backed_rating_report_compilation,435.07,10k_persons,2024,https://static.sse.com.cn/disclosure/bond/announcement/corporate/c/new/2025-06-27/152785_20250627_08J0.pdf,source_backed_rating_report_compilation,66781,2024,https://static.sse.com.cn/disclosure/bond/announcement/corporate/c/new/2025-06-27/152785_20250627_08J0.pdf,source_backed_rating_report_compilation,213.54,100m_yuan,2024,https://static.sse.com.cn/disclosure/bond/announcement/corporate/c/new/2025-06-27/152785_20250627_08J0.pdf,source_backed_rating_report_compilation,680.50,100m_yuan,2024,https://static.sse.com.cn/disclosure/bond/announcement/corporate/c/new/2025-06-27/152785_20250627_08J0.pdf,calculated_from_source_backed_revenue_and_fiscal_self_sufficiency,0.313800,2024,https://static.sse.com.cn/disclosure/bond/announcement/corporate/c/new/2025-06-27/152785_20250627_08J0.pdf,source_backed_rating_report_compilation,1330.82,100m_yuan,2024,https://static.sse.com.cn/disclosure/bond/announcement/corporate/c/new/2025-06-27/152785_20250627_08J0.pdf,source_backed_rating_report_compilation,6.232181,local_government_debt_balance / general_public_budget_revenue,2024,https://static.sse.com.cn/disclosure/bond/announcement/corporate/c/new/2025-06-27/152785_20250627_08J0.pdf,source_backed_rating_report_compilation,74.18,100m_yuan,2024,https://static.sse.com.cn/disclosure/bond/announcement/corporate/c/new/2025-06-27/152785_20250627_08J0.pdf,source_backed_rating_report_compilation,,,,,to_collect,0.347382,government_fund_revenue / general_public_budget_revenue proxy,2024,https://static.sse.com.cn/disclosure/bond/announcement/corporate/c/new/2025-06-27/152785_20250627_08J0.pdf,source_backed_rating_report_compilation,吉安市 2024 国民经济和社会发展统计公报 GDP 常住人口,吉安市 2024 财政决算 一般公共预算收入 一般公共预算支出,吉安市 2024 地方政府债务余额 决算,吉安市 2024 政府性基金收入 国有土地使用权出让收入 决算,CSPI Ratings reports Ji'an 2024 GDP resident population per-capita GDP general-budget revenue fiscal self-sufficiency government-fund revenue and local-government debt balance from public materials. General-budget expenditure is calculated from reported revenue and fiscal self-sufficiency. The row brings the Ji'an city-construction nominal-exit case into the first-pass full-controls sample and adds a Jiangxi prefecture comparison with low fiscal self-sufficiency high statutory debt pressure and continuing infrastructure affordable-housing land-development public-parking data-center and industrial-fund functions.
jiangxi_jingdezhen,Jiangxi,Jingdezhen,景德镇市,CHN.16.4_1,Jingdezhen,1,expand_jx_jingdezhen_chengtou,景德镇市城市建设投资集团有限责任公司,0,2024,2023,,,,,to_collect,,,,,to_collect,,,,to_collect,,,,,to_collect,,,,,to_collect,,,,to_collect,,,,,to_collect,,local_government_debt_balance / general_public_budget_revenue,,,to_collect,,,,,to_collect,,,,,to_collect,,land_conveyance_revenue / general_public_budget_revenue,,,to_collect,景德镇市 2024 国民经济和社会发展统计公报 GDP 常住人口,景德镇市 2024 财政决算 一般公共预算收入 一般公共预算支出,景德镇市 2024 地方政府债务余额 决算,景德镇市 2024 政府性基金收入 国有土地使用权出让收入 决算,"Collect from official city statistical communique, final accounts, and debt disclosure where possible."
jiangxi_shangrao,Jiangxi,Shangrao,上饶市,CHN.16.8_1,Shangrao,2,expand_jx_shangrao_chengtou; sch_20260630_0055,上饶创新发展产业投资集团有限公司; 上饶市城市建设投资开发集团有限公司,0,2024,2023,3720.90,100m_yuan,2024,https://tjgb.hongheiku.com/djs/60442.html,source_backed_official_statistical_communique_reprint,635.1,10k_persons,2024,https://tjgb.hongheiku.com/djs/60442.html,source_backed_official_statistical_communique_reprint,58381,2024,https://tjgb.hongheiku.com/djs/60442.html,source_backed_official_statistical_communique_reprint,282,100m_yuan,2024,https://www.dagongcredit.com/dggj/uploads/M00/01/05/CtwqcWkyiuqAbmKBABFPE3L_y4w495.pdf,source_backed_rating_report_compilation,835,100m_yuan,2024,https://www.dagongcredit.com/dggj/uploads/M00/01/05/CtwqcWkyiuqAbmKBABFPE3L_y4w495.pdf,source_backed_rating_report_compilation,0.337725,2024,https://www.dagongcredit.com/dggj/uploads/M00/01/05/CtwqcWkyiuqAbmKBABFPE3L_y4w495.pdf,source_backed_rating_report_compilation,1570.99,100m_yuan,2024,https://www.dagongcredit.com/dggj/uploads/M00/01/05/CtwqcWkyiuqAbmKBABFPE3L_y4w495.pdf,source_backed_rating_report_compilation,5.570887,local_government_debt_balance / general_public_budget_revenue,2024,https://www.dagongcredit.com/dggj/uploads/M00/01/05/CtwqcWkyiuqAbmKBABFPE3L_y4w495.pdf,source_backed_rating_report_compilation,227,100m_yuan,2024,https://www.dagongcredit.com/dggj/uploads/M00/01/05/CtwqcWkyiuqAbmKBABFPE3L_y4w495.pdf,source_backed_rating_report_compilation,,,,,to_collect,0.804965,government_fund_revenue / general_public_budget_revenue proxy,2024,https://www.dagongcredit.com/dggj/uploads/M00/01/05/CtwqcWkyiuqAbmKBABFPE3L_y4w495.pdf,source_backed_rating_report_compilation,上饶市 2024 国民经济和社会发展统计公报 GDP 常住人口,上饶市 2024 财政决算 一般公共预算收入 一般公共预算支出,上饶市 2024 地方政府债务余额 决算,上饶市 2024 政府性基金收入 国有土地使用权出让收入 决算,Statistical-communique values are from a public reprint. Fiscal government-fund and debt values are from the 2025 Dagong active-rating report for Shangrao City Construction Investment Development Group. Replace with official final-account tables before journal submission where possible.
shaanxi_xian,Shaanxi,Xi'an,西安市,CHN.22.7_1,Xian,1,pilot_sn_xian_hightech,西安高新控股有限公司,1,2024,2023,13317.78,100m_yuan,2024,https://qidian.sxtvs.com/timing/share/content/10583025,source_backed_official_statistical_communique_reprint,1316.76,10k_persons,2024,https://qidian.sxtvs.com/timing/share/content/10583025,source_backed_official_statistical_communique_reprint,101485,2024,https://qidian.sxtvs.com/timing/share/content/10583025,source_backed_official_statistical_communique_reprint,1002.37,100m_yuan,2024,https://qidian.sxtvs.com/timing/share/content/10583025,source_backed_official_statistical_communique_reprint,1561.74,100m_yuan,2024,https://qidian.sxtvs.com/timing/share/content/10583025,source_backed_official_statistical_communique_reprint,0.641829,2024,https://qidian.sxtvs.com/timing/share/content/10583025,calculated_from_source_backed_budget_revenue_and_expenditure,4644.43,100m_yuan,2024,https://qxb-pdf-osscache.qixin.com/AnBaseinfo/493bbe83a4db140e3c392c5687fc50c0.pdf,source_backed_rating_report_compilation,4.633449,local_government_debt_balance / general_public_budget_revenue,2024,https://qxb-pdf-osscache.qixin.com/AnBaseinfo/493bbe83a4db140e3c392c5687fc50c0.pdf,source_backed_rating_report_compilation,1214.91,100m_yuan,2024,https://qxb-pdf-osscache.qixin.com/AnBaseinfo/493bbe83a4db140e3c392c5687fc50c0.pdf,source_backed_rating_report_compilation,,,,,to_collect,1.212037,government_fund_revenue / general_public_budget_revenue proxy,2024,https://qxb-pdf-osscache.qixin.com/AnBaseinfo/493bbe83a4db140e3c392c5687fc50c0.pdf,source_backed_rating_report_compilation,西安市 2024 国民经济和社会发展统计公报 GDP 常住人口,西安市 2024 财政决算 一般公共预算收入 一般公共预算支出,西安市 2024 地方政府债务余额 决算,西安市 2024 政府性基金收入 国有土地使用权出让收入 决算,Xi'an statistical communique reports 2024 GDP resident population per-capita GDP general-budget revenue and general-budget expenditure. A CCXI tracking report for a Xi'an high-tech-zone issuer reports citywide government-fund revenue and local-government debt balance from public materials. The row brings the Xi'an High-tech nominal-exit case into the first-pass full-controls sample and adds a district-level development-zone platform inside a western provincial capital.
shandong_dezhou,Shandong,Dezhou,德州市,CHN.23.2_1,Dezhou,1,expand_sd_dezhou_deda,德州德达投资控股集团有限公司,0,2024,2023,4047.73,100m_yuan,2024,https://www.lhratings.com/reports/B0524-P82321-2025.pdf,source_backed_rating_report_compilation,548.28,10k_persons,2024,https://www.lhratings.com/reports/B0524-P82321-2025.pdf,source_backed_rating_report_compilation,73800,2024,https://www.lhratings.com/reports/B0524-P82321-2025.pdf,source_backed_rating_report_compilation,263.36,100m_yuan,2024,https://www.lhratings.com/reports/B0524-P82321-2025.pdf,source_backed_rating_report_compilation,643.99,100m_yuan,2024,https://www.lhratings.com/reports/B0524-P82321-2025.pdf,source_backed_rating_report_compilation,0.408950,2024,https://www.lhratings.com/reports/B0524-P82321-2025.pdf,calculated_from_source_backed_budget_revenue_and_expenditure,1557.34,100m_yuan,2024,https://www.lhratings.com/reports/B0524-P82321-2025.pdf,source_backed_rating_report_compilation,5.913351,local_government_debt_balance / general_public_budget_revenue,2024,https://www.lhratings.com/reports/B0524-P82321-2025.pdf,source_backed_rating_report_compilation,231.64,100m_yuan,2024,https://www.lhratings.com/reports/B0524-P82321-2025.pdf,source_backed_rating_report_compilation,,,,,to_collect,0.879557,government_fund_revenue / general_public_budget_revenue proxy,2024,https://www.lhratings.com/reports/B0524-P82321-2025.pdf,source_backed_rating_report_compilation,德州市 2024 国民经济和社会发展统计公报 GDP 常住人口,德州市 2024 财政决算 一般公共预算收入 一般公共预算支出,德州市 2024 地方政府债务余额 决算,德州市 2024 政府性基金收入 国有土地使用权出让收入 决算,Lianhe Ratings reports Dezhou 2024 GDP resident population per-capita GDP general-budget revenue general-budget expenditure fiscal self-sufficiency government-fund revenue and local-government debt balance from public materials. The row brings the Dezhou Deda nominal-exit case into the first-pass full-controls sample and adds a Shandong non-capital comparison with weak fiscal self-sufficiency high debt pressure and continued infrastructure and state-asset functions.
shandong_jinan,Shandong,Jinan,济南市,CHN.23.5_1,Jinan,3,expand_sd_jinan_chengjian; pilot_sd_001; sch_20260630_0006,济南城市建设集团有限公司; 济南城市投资集团有限公司; 济南高新控股集团有限公司,1,2024,2023,13527.60,100m_yuan,2024,https://jntj.jinan.gov.cn/col18254/art/2025/art_18254_4754709.html,source_backed_official_statistical_communique,951.5,10k_persons,2024,https://jntj.jinan.gov.cn/col18254/art/2025/art_18254_4754709.html,source_backed_official_statistical_communique,142171,2024,https://jntj.jinan.gov.cn/col18254/art/2025/art_18254_4754709.html,source_backed_official_statistical_communique,1083.0,100m_yuan,2024,https://jntj.jinan.gov.cn/col18254/art/2025/art_18254_4754709.html,source_backed_official_statistical_communique,1397.1,100m_yuan,2024,https://jntj.jinan.gov.cn/col18254/art/2025/art_18254_4754709.html,source_backed_official_statistical_communique,0.775177,2024,https://jntj.jinan.gov.cn/col18254/art/2025/art_18254_4754709.html,source_backed_official_statistical_communique,3759.4522,100m_yuan,2024,https://jncz.jinan.gov.cn/cms_files/complat3/1572/attach/20261/9e5f8d258db84624b580173fea37c055.pdf,source_backed_official_budget_table,3.471332,local_government_debt_balance / general_public_budget_revenue,2024,https://jncz.jinan.gov.cn/cms_files/complat3/1572/attach/20261/9e5f8d258db84624b580173fea37c055.pdf,source_backed_official_budget_table,591.9996,100m_yuan,2024,https://jncz.jinan.gov.cn/cms_files/complat3/1572/attach/20261/9e5f8d258db84624b580173fea37c055.pdf,source_backed_official_budget_table,,,,,to_collect,0.546629,government_fund_revenue / general_public_budget_revenue proxy,2024,https://jncz.jinan.gov.cn/cms_files/complat3/1572/attach/20261/9e5f8d258db84624b580173fea37c055.pdf,source_backed_official_budget_table,济南市 2024 国民经济和社会发展统计公报 GDP 常住人口,济南市 2024 财政决算 一般公共预算收入 一般公共预算支出,济南市 2024 地方政府债务余额 决算,济南市 2024 政府性基金收入 国有土地使用权出让收入 决算,Official statistical communique and municipal budget tables; debt balance uses the year-end local government bond balance table.
shandong_linyi,Shandong,Linyi,临沂市,CHN.23.9_1,Linyi,1,expand_sd_linyi_chengtou,临沂城市建设投资集团有限公司,0,2024,2023,6555.8,100m_yuan,2024,https://static.sse.com.cn/disclosure/bond/announcement/corporate/c/new/2025-06-30/184100_20250630_CSJJ.pdf,source_backed_rating_report_compilation,1094.38,10k_persons,2023,https://static.sse.com.cn/disclosure/bond/announcement/corporate/c/new/2025-06-30/184100_20250630_CSJJ.pdf,source_backed_rating_report_compilation_prior_year,59904,2024,https://static.sse.com.cn/disclosure/bond/announcement/corporate/c/new/2025-06-30/184100_20250630_CSJJ.pdf,calculated_from_2024_gdp_and_2023_population_proxy,468.51,100m_yuan,2024,https://static.sse.com.cn/disclosure/bond/announcement/corporate/c/new/2025-06-30/184100_20250630_CSJJ.pdf,source_backed_rating_report_compilation,976.39,100m_yuan,2024,https://static.sse.com.cn/disclosure/bond/announcement/corporate/c/new/2025-06-30/184100_20250630_CSJJ.pdf,source_backed_rating_report_compilation,0.479839,2024,https://static.sse.com.cn/disclosure/bond/announcement/corporate/c/new/2025-06-30/184100_20250630_CSJJ.pdf,calculated_from_source_backed_budget_revenue_and_expenditure,1954.90,100m_yuan,2024,https://static.sse.com.cn/disclosure/bond/announcement/corporate/c/new/2025-06-30/184100_20250630_CSJJ.pdf,source_backed_rating_report_compilation,4.172590,local_government_debt_balance / general_public_budget_revenue,2024,https://static.sse.com.cn/disclosure/bond/announcement/corporate/c/new/2025-06-30/184100_20250630_CSJJ.pdf,source_backed_rating_report_compilation,265.90,100m_yuan,2024,https://static.sse.com.cn/disclosure/bond/announcement/corporate/c/new/2025-06-30/184100_20250630_CSJJ.pdf,source_backed_rating_report_compilation,,,,,to_collect,0.567544,government_fund_revenue / general_public_budget_revenue proxy,2024,https://static.sse.com.cn/disclosure/bond/announcement/corporate/c/new/2025-06-30/184100_20250630_CSJJ.pdf,source_backed_rating_report_compilation,临沂市 2024 国民经济和社会发展统计公报 GDP 常住人口,临沂市 2024 财政决算 一般公共预算收入 一般公共预算支出,临沂市 2024 地方政府债务余额 决算,临沂市 2024 政府性基金收入 国有土地使用权出让收入 决算,Lianhe Ratings reports Linyi 2024 GDP general-budget revenue general-budget expenditure government-fund revenue and local-government debt balance from public materials. The report states that 2024 year-end resident population was not published; resident population therefore uses the 2023 figure reported in the same table and GDP per capita is a transparent first-pass proxy. The row brings the Linyi city-construction nominal-exit case into the first-pass full-controls sample and adds a Shandong non-capital comparison.
shandong_qingdao,Shandong,Qingdao,青岛市,CHN.23.10_1,Qingdao,2,pilot_sd_002; sch_20260630_0175,青岛上合控股发展集团有限公司; 青岛城市建设投资(集团)有限责任公司,1,2024,2023,16719.46,100m_yuan,2024,https://tjgb.hongheiku.com/djs/58586.html,source_backed_official_statistical_communique_reprint,1044.25,10k_persons,2024,https://tjgb.hongheiku.com/djs/58586.html,source_backed_official_statistical_communique_reprint,160110,2024,https://tjgb.hongheiku.com/djs/58586.html,source_backed_official_statistical_communique_reprint,1339.26,100m_yuan,2024,https://www.qingdao.gov.cn/zwgk/zdgk/czxx/szfyjs/czys/202502/P020250227340443129972.pdf,source_backed_official_budget_report,1720.42,100m_yuan,2024,https://www.qingdao.gov.cn/zwgk/zdgk/czxx/szfyjs/czys/202502/P020250227340443129972.pdf,source_backed_official_budget_report,0.778449,2024,https://www.qingdao.gov.cn/zwgk/zdgk/czxx/szfyjs/czys/202502/P020250227340443129972.pdf,source_backed_official_budget_report,4382.57,100m_yuan,2024,https://www.qingdao.gov.cn/ywdt/zwyw/202502/t20250216_8955414.shtml,source_backed_official_budget_report,3.272382,local_government_debt_balance / general_public_budget_revenue,2024,https://www.qingdao.gov.cn/ywdt/zwyw/202502/t20250216_8955414.shtml,source_backed_official_budget_report,299.02,100m_yuan,2024,https://www.qingdao.gov.cn/zwgk/zdgk/czxx/szfyjs/czys/202502/P020250227340443129972.pdf,source_backed_official_budget_report,,,,,to_collect,0.223273,government_fund_revenue / general_public_budget_revenue proxy,2024,https://www.qingdao.gov.cn/zwgk/zdgk/czxx/szfyjs/czys/202502/P020250227340443129972.pdf,source_backed_official_budget_report,青岛市 2024 国民经济和社会发展统计公报 GDP 常住人口,青岛市 2024 财政决算 一般公共预算收入 一般公共预算支出,青岛市 2024 地方政府债务余额 决算,青岛市 2024 政府性基金收入 国有土地使用权出让收入 决算,Official budget-execution report and statistical-communique reprint. GDP per capita is computed from official GDP and resident-population values because the communique reports GDP and population separately. Government-fund revenue is total government-fund budget revenue and retained as a land-finance proxy.
shandong_rizhao,Shandong,Rizhao,日照市,CHN.23.11_1,Rizhao,1,sch_20260630_0132,日照城投集团有限公司,0,2024,2023,,,,,to_collect,,,,,to_collect,,,,to_collect,,,,,to_collect,,,,,to_collect,,,,to_collect,,,,,to_collect,,local_government_debt_balance / general_public_budget_revenue,,,to_collect,,,,,to_collect,,,,,to_collect,,land_conveyance_revenue / general_public_budget_revenue,,,to_collect,日照市 2024 国民经济和社会发展统计公报 GDP 常住人口,日照市 2024 财政决算 一般公共预算收入 一般公共预算支出,日照市 2024 地方政府债务余额 决算,日照市 2024 政府性基金收入 国有土地使用权出让收入 决算,"Collect from official city statistical communique, final accounts, and debt disclosure where possible."
shandong_shouguang,Shandong,Shouguang,,,Shouguang,1,sch_20260630_0028,寿光市金旭产业发展集团有限公司,0,2024,2023,,,,,to_collect,,,,,to_collect,,,,to_collect,,,,,to_collect,,,,,to_collect,,,,to_collect,,,,,to_collect,,local_government_debt_balance / general_public_budget_revenue,,,to_collect,,,,,to_collect,,,,,to_collect,,land_conveyance_revenue / general_public_budget_revenue,,,to_collect,Shouguang 2024 国民经济和社会发展统计公报 GDP 常住人口,Shouguang 2024 财政决算 一般公共预算收入 一般公共预算支出,Shouguang 2024 地方政府债务余额 决算,Shouguang 2024 政府性基金收入 国有土地使用权出让收入 决算,"Collect from official city statistical communique, final accounts, and debt disclosure where possible."
shanxi_jinzhong,Shanxi,Jinzhong,晋中市,CHN.25.4_1,Jinzhong,1,exp_20260703_0008,晋中市公用基础设施投资控股(集团)有限公司,0,2024,2023,,,,,to_collect,,,,,to_collect,,,,to_collect,,,,,to_collect,,,,,to_collect,,,,to_collect,,,,,to_collect,,local_government_debt_balance / general_public_budget_revenue,,,to_collect,,,,,to_collect,,,,,to_collect,,land_conveyance_revenue / general_public_budget_revenue,,,to_collect,晋中市 2024 国民经济和社会发展统计公报 GDP 常住人口,晋中市 2024 财政决算 一般公共预算收入 一般公共预算支出,晋中市 2024 地方政府债务余额 决算,晋中市 2024 政府性基金收入 国有土地使用权出让收入 决算,"Collect from official city statistical communique, final accounts, and debt disclosure where possible."
sichuan_chengdu,Sichuan,Chengdu,成都市,CHN.26.2_1,Chengdu,1,pilot_sc_001,成都城建投资管理集团有限责任公司,1,2024,2023,23511.3,100m_yuan,2024,https://static.sse.com.cn/disclosure/bond/announcement/company/c/new/2025-06-27/175477_20250627_7VJ0.pdf,source_backed_rating_report_compilation,2147.4,10k_persons,2024,https://www.tjnj.net/newsview.aspx?newsid=20250717155655,source_backed_official_statistical_communique_reprint,109669,2024,https://www.tjnj.net/newsview.aspx?newsid=20250717155655,source_backed_official_statistical_communique_reprint,1949.50,100m_yuan,2024,https://static.sse.com.cn/disclosure/bond/announcement/company/c/new/2025-06-27/175477_20250627_7VJ0.pdf,source_backed_rating_report_compilation,2610.39,100m_yuan,2024,https://static.sse.com.cn/disclosure/bond/announcement/company/c/new/2025-06-27/175477_20250627_7VJ0.pdf,source_backed_rating_report_compilation,0.746823,2024,https://static.sse.com.cn/disclosure/bond/announcement/company/c/new/2025-06-27/175477_20250627_7VJ0.pdf,calculated_from_source_backed_budget_revenue_and_expenditure,6206.60,100m_yuan,2024,https://static.sse.com.cn/disclosure/bond/announcement/company/c/new/2025-06-27/175477_20250627_7VJ0.pdf,source_backed_rating_report_compilation,3.183688,local_government_debt_balance / general_public_budget_revenue,2024,https://static.sse.com.cn/disclosure/bond/announcement/company/c/new/2025-06-27/175477_20250627_7VJ0.pdf,source_backed_rating_report_compilation,1239.07,100m_yuan,2024,https://static.sse.com.cn/disclosure/bond/announcement/company/c/new/2025-06-27/175477_20250627_7VJ0.pdf,source_backed_rating_report_compilation,,,,,to_collect,0.635583,government_fund_revenue / general_public_budget_revenue proxy,2024,https://static.sse.com.cn/disclosure/bond/announcement/company/c/new/2025-06-27/175477_20250627_7VJ0.pdf,source_backed_rating_report_compilation,成都市 2024 国民经济和社会发展统计公报 GDP 常住人口,成都市 2024 财政决算 一般公共预算收入 一般公共预算支出,成都市 2024 地方政府债务余额 决算,成都市 2024 政府性基金收入 国有土地使用权出让收入 决算,Lianhe Ratings reports Chengdu 2024 GDP general-budget revenue general-budget expenditure government-fund revenue and local-government debt balance from public materials. Resident population and official per-capita GDP come from a public statistical-communique reprint. The row brings the Chengdu nominal-exit case into the first-pass full-controls sample and adds a western provincial-capital comparison with high fiscal capacity and large statutory debt.
sichuan_leshan,Sichuan,Leshan,乐山市,CHN.26.8_1,Leshan,1,expand_sc_leshan_guozi,乐山国有资产投资运营(集团)有限公司,0,2024,2023,,,,,to_collect,,,,,to_collect,,,,to_collect,,,,,to_collect,,,,,to_collect,,,,to_collect,,,,,to_collect,,local_government_debt_balance / general_public_budget_revenue,,,to_collect,,,,,to_collect,,,,,to_collect,,land_conveyance_revenue / general_public_budget_revenue,,,to_collect,乐山市 2024 国民经济和社会发展统计公报 GDP 常住人口,乐山市 2024 财政决算 一般公共预算收入 一般公共预算支出,乐山市 2024 地方政府债务余额 决算,乐山市 2024 政府性基金收入 国有土地使用权出让收入 决算,"Collect from official city statistical communique, final accounts, and debt disclosure where possible."
sichuan_luzhou,Sichuan,Luzhou,泸州市,CHN.26.10_1,Luzhou,1,pilot_sc_003,泸州市兴泸投资集团有限公司,0,2024,2023,2836.52,100m_yuan,2024,https://static.sse.com.cn/disclosure/bond/announcement/company/c/new/2025-06-26/185073_20250626_WW4Z.pdf,source_backed_rating_report_compilation,427.19,10k_persons,2024,https://static.sse.com.cn/disclosure/bond/announcement/company/c/new/2025-06-26/185073_20250626_WW4Z.pdf,calculated_from_source_backed_gdp_and_per_capita_gdp,66400,2024,https://static.sse.com.cn/disclosure/bond/announcement/company/c/new/2025-06-26/185073_20250626_WW4Z.pdf,source_backed_rating_report_compilation,220.60,100m_yuan,2024,https://static.sse.com.cn/disclosure/bond/announcement/company/c/new/2025-06-26/185073_20250626_WW4Z.pdf,source_backed_rating_report_compilation,492.00,100m_yuan,2024,https://static.sse.com.cn/disclosure/bond/announcement/company/c/new/2025-06-26/185073_20250626_WW4Z.pdf,source_backed_rating_report_compilation,0.448374,2024,https://static.sse.com.cn/disclosure/bond/announcement/company/c/new/2025-06-26/185073_20250626_WW4Z.pdf,calculated_from_source_backed_budget_revenue_and_expenditure,1171.30,100m_yuan,2024,https://static.sse.com.cn/disclosure/bond/announcement/company/c/new/2025-06-26/185073_20250626_WW4Z.pdf,source_backed_rating_report_compilation,5.309610,local_government_debt_balance / general_public_budget_revenue,2024,https://static.sse.com.cn/disclosure/bond/announcement/company/c/new/2025-06-26/185073_20250626_WW4Z.pdf,source_backed_rating_report_compilation,179.70,100m_yuan,2024,https://static.sse.com.cn/disclosure/bond/announcement/company/c/new/2025-06-26/185073_20250626_WW4Z.pdf,source_backed_rating_report_compilation,,,,,to_collect,0.814597,government_fund_revenue / general_public_budget_revenue proxy,2024,https://static.sse.com.cn/disclosure/bond/announcement/company/c/new/2025-06-26/185073_20250626_WW4Z.pdf,source_backed_rating_report_compilation,泸州市 2024 国民经济和社会发展统计公报 GDP 常住人口,泸州市 2024 财政决算 一般公共预算收入 一般公共预算支出,泸州市 2024 地方政府债务余额 决算,泸州市 2024 政府性基金收入 国有土地使用权出让收入 决算,Lianhe Ratings reports Luzhou 2024 GDP per-capita GDP general-budget revenue general-budget expenditure government-fund revenue and local-government debt balance from public materials. Resident population is calculated from source-backed GDP and per-capita GDP. The row brings the Luzhou Xinglu nominal-exit case into the first-pass full-controls sample and adds a western prefecture-level comparison with weaker fiscal self-sufficiency and sizable debt pressure.
tianjin_tianjin,Tianjin,Tianjin,天津,CHN.27.1_1,Jinghai; Tianjin Jinnan,2,expand_tj_jinghai_chengtou; expand_tj_jinnan_chengtou,天津市静海城市基础设施建设投资集团有限公司; 天津津南城市建设投资有限公司,0,2024,2023,18024.32,100m_yuan,2024,https://www.lhratings.com/reports/B024126-P84540-2025.pdf,source_backed_secondary_compilation,1364,10k_persons,2024,https://www.tjnj.net/newsview/20250327111346,source_backed_statistical_communique_reprint,132143,2024,https://www.lhratings.com/reports/B024126-P84540-2025.pdf,source_backed_secondary_compilation,2134.20,100m_yuan,2024,https://www.lhratings.com/reports/B024126-P84540-2025.pdf,source_backed_secondary_compilation,3627.18,100m_yuan,2024,https://www.lhratings.com/reports/B024126-P84540-2025.pdf,source_backed_secondary_compilation,0.588391,2024,https://www.lhratings.com/reports/B024126-P84540-2025.pdf,source_backed_secondary_compilation,13402.54,100m_yuan,2024,https://www.lhratings.com/reports/B024126-P84540-2025.pdf,source_backed_secondary_compilation,6.279889,local_government_debt_balance / general_public_budget_revenue,2024,https://www.lhratings.com/reports/B024126-P84540-2025.pdf,source_backed_secondary_compilation,688.56,100m_yuan,2024,https://www.lhratings.com/reports/B024126-P84540-2025.pdf,source_backed_secondary_compilation,,,,,to_collect,0.322631,government_fund_revenue / general_public_budget_revenue proxy,2024,https://www.lhratings.com/reports/B024126-P84540-2025.pdf,source_backed_secondary_compilation,天津 2024 国民经济和社会发展统计公报 GDP 常住人口,天津 2024 财政决算 一般公共预算收入 一般公共预算支出,天津 2024 地方政府债务余额 决算,天津 2024 政府性基金收入 国有土地使用权出让收入 决算,Fiscal debt and GDP values from Lianhe Ratings compilation of 2022-2024 final accounts and statistical communiques; population from a 2024 statistical-communique reprint. Replace with official final-account tables before journal submission where possible.
xinjiang_urumqi,Xinjiang,Urumqi,,,Urumqi,2,expand_xj_urumqi_chengtou; sch_20260630_0056,乌鲁木齐城市建设投资(集团)有限公司; 新疆城建(集团)股份有限公司,0,2024,2023,,,,,to_collect,,,,,to_collect,,,,to_collect,,,,,to_collect,,,,,to_collect,,,,to_collect,,,,,to_collect,,local_government_debt_balance / general_public_budget_revenue,,,to_collect,,,,,to_collect,,,,,to_collect,,land_conveyance_revenue / general_public_budget_revenue,,,to_collect,Urumqi 2024 国民经济和社会发展统计公报 GDP 常住人口,Urumqi 2024 财政决算 一般公共预算收入 一般公共预算支出,Urumqi 2024 地方政府债务余额 决算,Urumqi 2024 政府性基金收入 国有土地使用权出让收入 决算,"Collect from official city statistical communique, final accounts, and debt disclosure where possible."
xinjiang_yili,Xinjiang,Yili,,,Yili,1,sch_20260630_0117,伊犁州国有资产投资经营有限责任公司,0,2024,2023,,,,,to_collect,,,,,to_collect,,,,to_collect,,,,,to_collect,,,,,to_collect,,,,to_collect,,,,,to_collect,,local_government_debt_balance / general_public_budget_revenue,,,to_collect,,,,,to_collect,,,,,to_collect,,land_conveyance_revenue / general_public_budget_revenue,,,to_collect,Yili 2024 国民经济和社会发展统计公报 GDP 常住人口,Yili 2024 财政决算 一般公共预算收入 一般公共预算支出,Yili 2024 地方政府债务余额 决算,Yili 2024 政府性基金收入 国有土地使用权出让收入 决算,"Collect from official city statistical communique, final accounts, and debt disclosure where possible."
yunnan_kunming,Yunnan,Kunming,昆明市,CHN.30.7_1,Kunming,1,sch_20260630_0155,昆明市交通投资集团有限责任公司,0,2024,2023,,,,,to_collect,,,,,to_collect,,,,to_collect,,,,,to_collect,,,,,to_collect,,,,to_collect,,,,,to_collect,,local_government_debt_balance / general_public_budget_revenue,,,to_collect,,,,,to_collect,,,,,to_collect,,land_conveyance_revenue / general_public_budget_revenue,,,to_collect,昆明市 2024 国民经济和社会发展统计公报 GDP 常住人口,昆明市 2024 财政决算 一般公共预算收入 一般公共预算支出,昆明市 2024 地方政府债务余额 决算,昆明市 2024 政府性基金收入 国有土地使用权出让收入 决算,"Collect from official city statistical communique, final accounts, and debt disclosure where possible."
zhejiang_anji,Zhejiang,Anji,,,Anji,1,sch_20260630_0017,浙江安吉国控建设发展集团有限公司,0,2024,2023,,,,,to_collect,,,,,to_collect,,,,to_collect,,,,,to_collect,,,,,to_collect,,,,to_collect,,,,,to_collect,,local_government_debt_balance / general_public_budget_revenue,,,to_collect,,,,,to_collect,,,,,to_collect,,land_conveyance_revenue / general_public_budget_revenue,,,to_collect,Anji 2024 国民经济和社会发展统计公报 GDP 常住人口,Anji 2024 财政决算 一般公共预算收入 一般公共预算支出,Anji 2024 地方政府债务余额 决算,Anji 2024 政府性基金收入 国有土地使用权出让收入 决算,"Collect from official city statistical communique, final accounts, and debt disclosure where possible."
zhejiang_hangzhou,Zhejiang,Hangzhou,杭州市,CHN.31.1_1,Hangzhou,1,pilot_zj_001,杭州市城市建设投资集团有限公司,1,2024,2023,21860,100m_yuan,2024,https://tjgb.hongheiku.com/djs/57316.html,source_backed_official_statistical_communique_reprint,1262.4,10k_persons,2024,https://tjgb.hongheiku.com/djs/57316.html,source_backed_official_statistical_communique_reprint,173867,2024,https://tjgb.hongheiku.com/djs/57316.html,source_backed_official_statistical_communique_reprint,2640.30,100m_yuan,2024,https://zjjcmspublic.oss-cn-hangzhou-zwynet-d01-a.internet.cloud.zj.gov.cn/jcms_files/jcms1/web149/site/attach/0/22d597e448ef42f3912db9c80b730f3c.pdf,source_backed_official_budget_report,2690.40,100m_yuan,2024,https://zjjcmspublic.oss-cn-hangzhou-zwynet-d01-a.internet.cloud.zj.gov.cn/jcms_files/jcms1/web149/site/attach/0/22d597e448ef42f3912db9c80b730f3c.pdf,source_backed_official_budget_report,0.981378,2024,https://zjjcmspublic.oss-cn-hangzhou-zwynet-d01-a.internet.cloud.zj.gov.cn/jcms_files/jcms1/web149/site/attach/0/22d597e448ef42f3912db9c80b730f3c.pdf,source_backed_official_budget_report,4464.90,100m_yuan,2024,https://zjjcmspublic.oss-cn-hangzhou-zwynet-d01-a.internet.cloud.zj.gov.cn/jcms_files/jcms1/web149/site/attach/0/22d597e448ef42f3912db9c80b730f3c.pdf,source_backed_official_budget_report,1.691058,local_government_debt_balance / general_public_budget_revenue,2024,https://zjjcmspublic.oss-cn-hangzhou-zwynet-d01-a.internet.cloud.zj.gov.cn/jcms_files/jcms1/web149/site/attach/0/22d597e448ef42f3912db9c80b730f3c.pdf,source_backed_official_budget_report,1531.0805,100m_yuan,2024,https://zjjcmspublic.oss-cn-hangzhou-zwynet-d01-a.internet.cloud.zj.gov.cn/jcms_files/jcms1/web149/site/attach/0/22d597e448ef42f3912db9c80b730f3c.pdf,source_backed_official_budget_report,,,,,to_collect,0.579889,government_fund_revenue / general_public_budget_revenue proxy,2024,https://zjjcmspublic.oss-cn-hangzhou-zwynet-d01-a.internet.cloud.zj.gov.cn/jcms_files/jcms1/web149/site/attach/0/22d597e448ef42f3912db9c80b730f3c.pdf,source_backed_official_budget_report,杭州市 2024 国民经济和社会发展统计公报 GDP 常住人口,杭州市 2024 财政决算 一般公共预算收入 一般公共预算支出,杭州市 2024 地方政府债务余额 决算,杭州市 2024 政府性基金收入 国有土地使用权出让收入 决算,Statistical communique values are from a municipal communique reprint. Fiscal debt and government-fund values are from the official Hangzhou budget-execution and budget-draft report. The row brings the Hangzhou functional-transfer case into the first-pass full-controls sample.
zhejiang_huzhou,Zhejiang,Huzhou,湖州市,CHN.31.2_1,Huzhou,1,sch_20260630_0008,湖州莫干山国有资本控股集团有限公司,0,2024,2023,4213.4,100m_yuan,2024,https://tjgb.hongheiku.com/djs/57700.html,source_backed_official_statistical_communique_reprint,346.5,10k_persons,2024,https://tjgb.hongheiku.com/djs/57700.html,source_backed_official_statistical_communique_reprint,122057,2024,https://tjgb.hongheiku.com/djs/57700.html,source_backed_official_statistical_communique_reprint,410.73,100m_yuan,2024,https://gu.sina.cn/bd/hq/notice.php?annid=22749170&source=bdquote,source_backed_rating_report_compilation,590.47,100m_yuan,2024,https://gu.sina.cn/bd/hq/notice.php?annid=22749170&source=bdquote,calculated_from_source_backed_rating_report_fiscal_self_sufficiency,0.695600,2024,https://gu.sina.cn/bd/hq/notice.php?annid=22749170&source=bdquote,source_backed_rating_report_compilation,1611.13,100m_yuan,2024,https://static.sse.com.cn/disclosure/bond/announcement/corporate/c/new/2025-06-26/152840_20250626_JCE1.pdf,source_backed_rating_report_compilation,3.922601,local_government_debt_balance / general_public_budget_revenue,2024,https://static.sse.com.cn/disclosure/bond/announcement/corporate/c/new/2025-06-26/152840_20250626_JCE1.pdf,source_backed_rating_report_compilation,385.08,100m_yuan,2024,https://gu.sina.cn/bd/hq/notice.php?annid=22749170&source=bdquote,source_backed_rating_report_compilation,,,,,to_collect,0.937550,government_fund_revenue / general_public_budget_revenue proxy,2024,https://gu.sina.cn/bd/hq/notice.php?annid=22749170&source=bdquote,source_backed_rating_report_compilation,湖州市 2024 国民经济和社会发展统计公报 GDP 常住人口,湖州市 2024 财政决算 一般公共预算收入 一般公共预算支出,湖州市 2024 地方政府债务余额 决算,湖州市 2024 政府性基金收入 国有土地使用权出让收入 决算,Statistical-communique values are from a public reprint sourced to Huzhou Statistics Bureau and the Huzhou survey team. General-budget revenue government-fund revenue and fiscal self-sufficiency come from a 2025 rating-report table sourced to Huzhou Finance Bureau and organized by CCXI; general-budget expenditure is calculated from the reported fiscal self-sufficiency ratio. Debt balance is cross-checked against a 2025 Lianhe tracking-rating report. The row brings the Huzhou municipal nominal-exit case into the first-pass full-controls sample.
zhejiang_jiashan,Zhejiang,Jiashan,,,Jiashan,1,sch_20260630_0035,嘉善县高新科技园区建设投资有限公司,0,2024,2023,,,,,to_collect,,,,,to_collect,,,,to_collect,,,,,to_collect,,,,,to_collect,,,,to_collect,,,,,to_collect,,local_government_debt_balance / general_public_budget_revenue,,,to_collect,,,,,to_collect,,,,,to_collect,,land_conveyance_revenue / general_public_budget_revenue,,,to_collect,Jiashan 2024 国民经济和社会发展统计公报 GDP 常住人口,Jiashan 2024 财政决算 一般公共预算收入 一般公共预算支出,Jiashan 2024 地方政府债务余额 决算,Jiashan 2024 政府性基金收入 国有土地使用权出让收入 决算,"Collect from official city statistical communique, final accounts, and debt disclosure where possible."
zhejiang_jiaxing,Zhejiang,Jiaxing,嘉兴市,CHN.31.3_1,Jiaxing,2,sch_20260630_0013; sch_20260630_0068,嘉兴市嘉秀发展投资控股集团有限公司; 嘉兴科技城投资发展集团有限公司,0,2024,2023,7569.53,100m_yuan,2024,https://zjjcmspublic.oss-cn-hangzhou-zwynet-d01-a.internet.cloud.zj.gov.cn/jcms_files/jcms1/web3059/site/attach/0/78c3082538704b178ee0a1f21d20f0d1.pdf,source_backed_official_statistical_communique,560.80,10k_persons,2024,https://tjgb.hongheiku.com/djs/57894.html,source_backed_official_statistical_communique_reprint,135267,2024,https://zjjcmspublic.oss-cn-hangzhou-zwynet-d01-a.internet.cloud.zj.gov.cn/jcms_files/jcms1/web3059/site/attach/0/78c3082538704b178ee0a1f21d20f0d1.pdf,source_backed_official_statistical_communique,638.72,100m_yuan,2024,https://zjjcmspublic.oss-cn-hangzhou-zwynet-d01-a.internet.cloud.zj.gov.cn/jcms_files/jcms1/web2378/site/attach/0/4a39a0ab580548cb8613d38be69ccad9.pdf,source_backed_official_final_account,836.01,100m_yuan,2024,https://zjjcmspublic.oss-cn-hangzhou-zwynet-d01-a.internet.cloud.zj.gov.cn/jcms_files/jcms1/web2378/site/attach/0/4a39a0ab580548cb8613d38be69ccad9.pdf,source_backed_official_final_account,0.764010,2024,https://zjjcmspublic.oss-cn-hangzhou-zwynet-d01-a.internet.cloud.zj.gov.cn/jcms_files/jcms1/web2378/site/attach/0/4a39a0ab580548cb8613d38be69ccad9.pdf,source_backed_official_final_account,2400.90,100m_yuan,2024,https://zjjcmspublic.oss-cn-hangzhou-zwynet-d01-a.internet.cloud.zj.gov.cn/jcms_files/jcms1/web2378/site/attach/0/4a39a0ab580548cb8613d38be69ccad9.pdf,source_backed_official_final_account,3.758924,local_government_debt_balance / general_public_budget_revenue,2024,https://zjjcmspublic.oss-cn-hangzhou-zwynet-d01-a.internet.cloud.zj.gov.cn/jcms_files/jcms1/web2378/site/attach/0/4a39a0ab580548cb8613d38be69ccad9.pdf,source_backed_official_final_account,450.65,100m_yuan,2024,https://zjjcmspublic.oss-cn-hangzhou-zwynet-d01-a.internet.cloud.zj.gov.cn/jcms_files/jcms1/web2378/site/attach/0/4a39a0ab580548cb8613d38be69ccad9.pdf,source_backed_official_final_account,,,,,to_collect,0.705552,government_fund_revenue / general_public_budget_revenue proxy,2024,https://zjjcmspublic.oss-cn-hangzhou-zwynet-d01-a.internet.cloud.zj.gov.cn/jcms_files/jcms1/web2378/site/attach/0/4a39a0ab580548cb8613d38be69ccad9.pdf,source_backed_official_final_account,嘉兴市 2024 国民经济和社会发展统计公报 GDP 常住人口,嘉兴市 2024 财政决算 一般公共预算收入 一般公共预算支出,嘉兴市 2024 地方政府债务余额 决算,嘉兴市 2024 政府性基金收入 国有土地使用权出让收入 决算,Official statistical communique and municipal final-account report; population cross-checked through a statistical-communique reprint because the official PDF is intermittently blocked to command-line download.
zhejiang_ningbo,Zhejiang,Ningbo,宁波市,CHN.31.6_1,Ningbo; Yuyao,2,expand_zj_yuyao_chengtou; pilot_zj_002,余姚市城市建设投资发展有限公司; 宁波开发投资集团有限公司,1,2024,2023,18147.7,100m_yuan,2024,https://tjgb.hongheiku.com/xjtjgb/xj2020/57318.html,source_backed_official_statistical_communique_reprint,977.7,10k_persons,2024,https://tjgb.hongheiku.com/xjtjgb/xj2020/57318.html,source_backed_official_statistical_communique_reprint,186379,2024,https://tjgb.hongheiku.com/xjtjgb/xj2020/57318.html,source_backed_official_statistical_communique_reprint,1790.47,100m_yuan,2024,https://static.sse.com.cn/disclosure/bond/announcement/local/c/new/2026-06-18/0000_20260618_TUIO.pdf,source_backed_bond_disclosure_compilation,2230.32,100m_yuan,2024,https://static.sse.com.cn/disclosure/bond/announcement/local/c/new/2025-05-16/0000_20250516_TQDC.pdf,source_backed_bond_disclosure_compilation,0.802786,2024,https://static.sse.com.cn/disclosure/bond/announcement/local/c/new/2025-05-16/0000_20250516_TQDC.pdf,source_backed_bond_disclosure_compilation,3997.40,100m_yuan,2024,https://www.sfecr.com/upload/file/2025-12/col121/1767082353593.pdf,source_backed_secondary_compilation,2.232598,local_government_debt_balance / general_public_budget_revenue,2024,https://www.sfecr.com/upload/file/2025-12/col121/1767082353593.pdf,source_backed_secondary_compilation,721.00,100m_yuan,2024,https://static.sse.com.cn/disclosure/bond/announcement/local/c/new/2026-06-18/0000_20260618_TUIO.pdf,source_backed_bond_disclosure_compilation,,,,,to_collect,0.402688,government_fund_revenue / general_public_budget_revenue proxy,2024,https://static.sse.com.cn/disclosure/bond/announcement/local/c/new/2026-06-18/0000_20260618_TUIO.pdf,source_backed_bond_disclosure_compilation,宁波市 2024 国民经济和社会发展统计公报 GDP 常住人口,宁波市 2024 财政决算 一般公共预算收入 一般公共预算支出,宁波市 2024 地方政府债务余额 决算,宁波市 2024 政府性基金收入 国有土地使用权出让收入 决算,Statistical-communique values are from a Ningbo Statistics Bureau reprint. Fiscal and fund values are from Shanghai Stock Exchange local-government bond disclosure files; debt balance is from a 2025 Ningbo government-bond tracking report. These fields should be OCR-checked against official final-account tables before journal submission.
zhejiang_shaoxing,Zhejiang,Shaoxing,绍兴市,CHN.31.8_1,Shaoxing,1,sch_20260630_0033,绍兴滨海新区控股集团有限公司,0,2024,2023,8369,100m_yuan,2024,https://tjgb.hongheiku.com/djs/57503.html,source_backed_official_statistical_communique_reprint,542.9,10k_persons,2024,https://tjgb.hongheiku.com/djs/57503.html,source_backed_official_statistical_communique_reprint,154645,2024,https://tjgb.hongheiku.com/djs/57503.html,source_backed_official_statistical_communique_reprint,588.88,100m_yuan,2024,https://zjjcmspublic.oss-cn-hangzhou-zwynet-d01-a.internet.cloud.zj.gov.cn/jcms_files/jcms1/web2959/site/attach/0/a0eca5d82b074c2db1ac06a874ad5fd5.pdf,source_backed_official_budget_report,830.04,100m_yuan,2024,https://zjjcmspublic.oss-cn-hangzhou-zwynet-d01-a.internet.cloud.zj.gov.cn/jcms_files/jcms1/web2959/site/attach/0/a0eca5d82b074c2db1ac06a874ad5fd5.pdf,source_backed_official_budget_report,0.709460,2024,https://zjjcmspublic.oss-cn-hangzhou-zwynet-d01-a.internet.cloud.zj.gov.cn/jcms_files/jcms1/web2959/site/attach/0/a0eca5d82b074c2db1ac06a874ad5fd5.pdf,source_backed_official_budget_report,2216.35,100m_yuan,2024,https://zjjcmspublic.oss-cn-hangzhou-zwynet-d01-a.internet.cloud.zj.gov.cn/jcms_files/jcms1/web2959/site/attach/0/f10e73edd82a458db96303bcffc4a89a.pdf,source_backed_official_debt_table,3.763670,local_government_debt_balance / general_public_budget_revenue,2024,https://zjjcmspublic.oss-cn-hangzhou-zwynet-d01-a.internet.cloud.zj.gov.cn/jcms_files/jcms1/web2959/site/attach/0/f10e73edd82a458db96303bcffc4a89a.pdf,source_backed_official_debt_table,417.37,100m_yuan,2024,https://zjjcmspublic.oss-cn-hangzhou-zwynet-d01-a.internet.cloud.zj.gov.cn/jcms_files/jcms1/web2959/site/attach/0/67eaa5a5a89d46a59a0205b7772ea42b.pdf,source_backed_official_budget_report,,,,,to_collect,0.708752,government_fund_revenue / general_public_budget_revenue proxy,2024,https://zjjcmspublic.oss-cn-hangzhou-zwynet-d01-a.internet.cloud.zj.gov.cn/jcms_files/jcms1/web2959/site/attach/0/67eaa5a5a89d46a59a0205b7772ea42b.pdf,source_backed_official_budget_report,绍兴市 2024 国民经济和社会发展统计公报 GDP 常住人口,绍兴市 2024 财政决算 一般公共预算收入 一般公共预算支出,绍兴市 2024 地方政府债务余额 决算,绍兴市 2024 政府性基金收入 国有土地使用权出让收入 决算,Statistical-communique values are from a municipal communique reprint sourced to Shaoxing Statistics Bureau and the Shaoxing survey team. General-budget values are from the official 2024 general-budget execution report; government-fund revenue is from the official 2024 government-fund budget execution report; debt balance sums general and special debt from the official 2024 local-government debt limit and balance table. The row brings the Shaoxing development-zone nominal-exit case into the first-pass full-controls sample.
zhejiang_taizhou,Zhejiang,Taizhou,台州市,CHN.31.9_1,Wenling,1,expand_zj_wenling_guotou,温岭市国有资产投资集团有限公司,0,2024,2023,6656.40,100m_yuan,2024,https://www.zgrkk.com/reports/335.html,source_backed_official_statistical_communique_reprint,672.9,10k_persons,2024,https://www.zgrkk.com/reports/335.html,source_backed_official_statistical_communique_reprint,98921,2024,https://www.zgrkk.com/reports/335.html,calculated_from_source_backed_statistical_communique,502.98,100m_yuan,2024,https://zjjcmspublic.oss-cn-hangzhou-zwynet-d01-a.internet.cloud.zj.gov.cn/jcms_files/jcms1/web2787/site/attach/0/b49cc0874e5f4cd89c0dd0a0e007972e.pdf,source_backed_official_budget_report,845.23,100m_yuan,2024,https://zjjcmspublic.oss-cn-hangzhou-zwynet-d01-a.internet.cloud.zj.gov.cn/jcms_files/jcms1/web2787/site/attach/0/b49cc0874e5f4cd89c0dd0a0e007972e.pdf,source_backed_official_budget_report,0.595081,2024,https://zjjcmspublic.oss-cn-hangzhou-zwynet-d01-a.internet.cloud.zj.gov.cn/jcms_files/jcms1/web2787/site/attach/0/b49cc0874e5f4cd89c0dd0a0e007972e.pdf,source_backed_official_budget_report,2336.79,100m_yuan,2024,https://zjjcmspublic.oss-cn-hangzhou-zwynet-d01-a.internet.cloud.zj.gov.cn/jcms_files/jcms1/web2787/site/attach/0/b49cc0874e5f4cd89c0dd0a0e007972e.pdf,source_backed_official_budget_report,4.645890,local_government_debt_balance / general_public_budget_revenue,2024,https://zjjcmspublic.oss-cn-hangzhou-zwynet-d01-a.internet.cloud.zj.gov.cn/jcms_files/jcms1/web2787/site/attach/0/b49cc0874e5f4cd89c0dd0a0e007972e.pdf,source_backed_official_budget_report,490.96,100m_yuan,2024,https://zjjcmspublic.oss-cn-hangzhou-zwynet-d01-a.internet.cloud.zj.gov.cn/jcms_files/jcms1/web2787/site/attach/0/b49cc0874e5f4cd89c0dd0a0e007972e.pdf,source_backed_official_budget_report,,,,,to_collect,0.976102,government_fund_revenue / general_public_budget_revenue proxy,2024,https://zjjcmspublic.oss-cn-hangzhou-zwynet-d01-a.internet.cloud.zj.gov.cn/jcms_files/jcms1/web2787/site/attach/0/b49cc0874e5f4cd89c0dd0a0e007972e.pdf,source_backed_official_budget_report,台州市 2024 国民经济和社会发展统计公报 GDP 常住人口,台州市 2024 财政决算 一般公共预算收入 一般公共预算支出,台州市 2024 地方政府债务余额 决算,台州市 2024 政府性基金收入 国有土地使用权出让收入 决算,Statistical-communique values are from a public reprint sourced to Taizhou Statistics Bureau and the Taizhou survey team. GDP per capita is calculated from source-backed GDP and resident population because the retrieved communique text reports those fields separately. Fiscal debt and government-fund values are from the official 2024 municipal budget-execution and 2025 budget-draft report. The row brings the Wenling-Taizhou county-level functional-transfer case into the first-pass full-controls sample.
zhejiang_wenzhou,Zhejiang,Wenzhou,温州市,CHN.31.10_1,Wenzhou,1,pilot_zj_003,温州市名城建设投资集团有限公司,0,2024,2023,9718.8,100m_yuan,2024,https://tjgb.hongheiku.com/djs/57364.html,source_backed_official_statistical_communique_reprint,985.2,10k_persons,2024,https://tjgb.hongheiku.com/djs/57364.html,source_backed_official_statistical_communique_reprint,99106,2024,https://tjgb.hongheiku.com/djs/57364.html,source_backed_official_statistical_communique_reprint,632.58,100m_yuan,2024,https://zjjcmspublic.oss-cn-hangzhou-zwynet-d01-a.internet.cloud.zj.gov.cn/jcms_files/jcms1/web1825/site/attach/0/39fd4a0f38894497b55baa945403096f.pdf,source_backed_official_budget_report,1177.64,100m_yuan,2024,https://zjjcmspublic.oss-cn-hangzhou-zwynet-d01-a.internet.cloud.zj.gov.cn/jcms_files/jcms1/web1825/site/attach/0/39fd4a0f38894497b55baa945403096f.pdf,source_backed_official_budget_report,0.537159,2024,https://zjjcmspublic.oss-cn-hangzhou-zwynet-d01-a.internet.cloud.zj.gov.cn/jcms_files/jcms1/web1825/site/attach/0/39fd4a0f38894497b55baa945403096f.pdf,source_backed_official_budget_report,3654.14,100m_yuan,2024,https://zjjcmspublic.oss-cn-hangzhou-zwynet-d01-a.internet.cloud.zj.gov.cn/jcms_files/jcms1/web1825/site/attach/0/39fd4a0f38894497b55baa945403096f.pdf,source_backed_official_budget_report,5.776566,local_government_debt_balance / general_public_budget_revenue,2024,https://zjjcmspublic.oss-cn-hangzhou-zwynet-d01-a.internet.cloud.zj.gov.cn/jcms_files/jcms1/web1825/site/attach/0/39fd4a0f38894497b55baa945403096f.pdf,source_backed_official_budget_report,958.96,100m_yuan,2024,https://zjjcmspublic.oss-cn-hangzhou-zwynet-d01-a.internet.cloud.zj.gov.cn/jcms_files/jcms1/web1825/site/attach/0/39fd4a0f38894497b55baa945403096f.pdf,source_backed_official_budget_report,,,,,to_collect,1.515951,government_fund_revenue / general_public_budget_revenue proxy,2024,https://zjjcmspublic.oss-cn-hangzhou-zwynet-d01-a.internet.cloud.zj.gov.cn/jcms_files/jcms1/web1825/site/attach/0/39fd4a0f38894497b55baa945403096f.pdf,source_backed_official_budget_report,温州市 2024 国民经济和社会发展统计公报 GDP 常住人口,温州市 2024 财政决算 一般公共预算收入 一般公共预算支出,温州市 2024 地方政府债务余额 决算,温州市 2024 政府性基金收入 国有土地使用权出让收入 决算,Statistical-communique values are from a municipal communique reprint sourced to Wenzhou Statistics Bureau and the Wenzhou survey team. Fiscal debt and government-fund values are from the official 2024 municipal budget-execution and 2025 budget-draft report. The row brings the Wenzhou municipal construction-group functional-transfer case into the first-pass full-controls sample.
