analytic_id,analytic_role,issuer_name,province,city,source_row_ids,observed_or_surrogate_label,label_source,gold_standard_overlap,gold_case_id,gold_final_label,surrogate_rows,source_coverage_score,continued_function_evidence_score,confidence,include_in_adjusted_descriptive_sample,notes
gold_0001,gold_outcome,西安高新控股有限公司,Shaanxi,Xian,pilot_sn_xian_hightech,nominal_exit,human_gold_standard,true,pilot_sn_xian_hightech,nominal_exit,,4,,high,true,Human-validated gold-standard outcome.
gold_0002,gold_outcome,广州市城市建设投资集团有限公司,Guangdong,Guangzhou,pilot_gd_001,substantive_exit,human_gold_standard,true,pilot_gd_001,substantive_exit,,4,,medium,true,Human-validated gold-standard outcome.
gold_0003,gold_outcome,杭州市城市建设投资集团有限公司,Zhejiang,Hangzhou,pilot_zj_001,functional_transfer,human_gold_standard,true,pilot_zj_001,functional_transfer,,4,,medium,true,Human-validated gold-standard outcome.
gold_0004,gold_outcome,成都城建投资管理集团有限责任公司,Sichuan,Chengdu,pilot_sc_001,nominal_exit,human_gold_standard,true,pilot_sc_001,nominal_exit,,3,,medium,true,Human-validated gold-standard outcome.
gold_0005,gold_outcome,株洲市国有资产投资控股集团有限公司,Hunan,Zhuzhou,pilot_hn_002,nominal_exit,human_gold_standard,true,pilot_hn_002,nominal_exit,,4,,medium,true,Human-validated gold-standard outcome.
gold_0006,gold_outcome,宁波开发投资集团有限公司,Zhejiang,Ningbo,pilot_zj_002,substantive_exit,human_gold_standard,true,pilot_zj_002,substantive_exit,,3,,medium,true,Human-validated gold-standard outcome.
gold_0007,gold_outcome,温州市名城建设投资集团有限公司,Zhejiang,Wenzhou,pilot_zj_003,functional_transfer,human_gold_standard,true,pilot_zj_003,functional_transfer,,3,,medium,true,Human-validated gold-standard outcome.
gold_0008,gold_outcome,徐州市新盛投资控股集团有限公司,Jiangsu,Xuzhou,pilot_js_004,nominal_exit,human_gold_standard,true,pilot_js_004,nominal_exit,,4,,medium,true,Human-validated gold-standard outcome.
gold_0009,gold_outcome,衡阳市城市建设投资有限公司,Hunan,Hengyang,pilot_hn_004,nominal_exit,human_gold_standard,true,pilot_hn_004,nominal_exit,,4,,high,true,Human-validated gold-standard outcome.
gold_0010,gold_outcome,济南城市投资集团有限公司,Shandong,Jinan,pilot_sd_001,nominal_exit,human_gold_standard,true,pilot_sd_001,nominal_exit,,4,,medium,true,Human-validated gold-standard outcome.
gold_0011,gold_outcome,盐城市城市资产投资集团有限公司,Jiangsu,Yancheng,pilot_js_003,nominal_exit,human_gold_standard,true,pilot_js_003,nominal_exit,,4,,medium,true,Human-validated gold-standard outcome.
gold_0012,gold_outcome,佛山市建设发展集团有限公司,Guangdong,Foshan,pilot_gd_003,functional_transfer,human_gold_standard,true,pilot_gd_003,functional_transfer,,4,,medium,true,Human-validated gold-standard outcome.
gold_0013,gold_outcome,苏州城市建设投资发展集团有限公司,Jiangsu,Suzhou,pilot_js_002,nominal_exit,human_gold_standard,true,pilot_js_002,nominal_exit,,4,,medium,true,Human-validated gold-standard outcome.
gold_0014,gold_outcome,青岛城市建设投资(集团)有限责任公司,Shandong,Qingdao,pilot_sd_002,nominal_exit,human_gold_standard,true,pilot_sd_002,nominal_exit,,4,,medium,true,Human-validated gold-standard outcome.
gold_0015,gold_outcome,泸州市兴泸投资集团有限公司,Sichuan,Luzhou,pilot_sc_003,nominal_exit,human_gold_standard,true,pilot_sc_003,nominal_exit,,4,,medium,true,Human-validated gold-standard outcome.
gold_0016,gold_outcome,济南城市建设集团有限公司,Shandong,Jinan,expand_sd_jinan_chengjian,nominal_exit,human_gold_standard,true,expand_sd_jinan_chengjian,nominal_exit,,4,,medium,true,Human-validated gold-standard outcome.
gold_0017,gold_outcome,福州城市建设投资集团有限公司,Fujian,Fuzhou,expand_fj_fuzhou_chengtou,functional_transfer,human_gold_standard,true,expand_fj_fuzhou_chengtou,functional_transfer,,4,,medium,true,Human-validated gold-standard outcome.
gold_0018,gold_outcome,乌鲁木齐城市建设投资(集团)有限公司,Xinjiang,Urumqi,expand_xj_urumqi_chengtou,nominal_exit,human_gold_standard,true,expand_xj_urumqi_chengtou,nominal_exit,,4,,medium,true,Human-validated gold-standard outcome.
gold_0019,gold_outcome,余姚市城市建设投资发展有限公司,Zhejiang,Yuyao,expand_zj_yuyao_chengtou,nominal_exit,human_gold_standard,true,expand_zj_yuyao_chengtou,nominal_exit,,4,,medium,true,Human-validated gold-standard outcome.
gold_0020,gold_outcome,泰州市金东城市建设投资集团有限公司,Jiangsu,Taizhou,expand_js_taizhou_jindong,functional_transfer,human_gold_standard,true,expand_js_taizhou_jindong,functional_transfer,,4,,medium,true,Human-validated gold-standard outcome.
gold_0021,gold_outcome,哈尔滨市城市建设投资集团有限公司,Heilongjiang,Harbin,expand_hlj_harbin_chengtou,nominal_exit,human_gold_standard,true,expand_hlj_harbin_chengtou,nominal_exit,,4,,high,true,Human-validated gold-standard outcome.
gold_0022,gold_outcome,孝感市城市建设投资公司,Hubei,Xiaogan,expand_hb_xiaogan_chengtou,functional_transfer,human_gold_standard,true,expand_hb_xiaogan_chengtou,functional_transfer,,4,,medium,true,Human-validated gold-standard outcome.
gold_0023,gold_outcome,天津市静海城市基础设施建设投资集团有限公司,Tianjin,Jinghai,expand_tj_jinghai_chengtou,nominal_exit,human_gold_standard,true,expand_tj_jinghai_chengtou,nominal_exit,,4,,high,true,Human-validated gold-standard outcome.
gold_0024,gold_outcome,赣州市章贡区建设投资集团有限公司,Jiangxi,Ganzhou Zhanggong,expand_jx_zhanggong_jiantou,nominal_exit,human_gold_standard,true,expand_jx_zhanggong_jiantou,nominal_exit,,4,,medium,true,Human-validated gold-standard outcome.
gold_0025,gold_outcome,温岭市国有资产投资集团有限公司,Zhejiang,Wenling,expand_zj_wenling_guotou,functional_transfer,human_gold_standard,true,expand_zj_wenling_guotou,functional_transfer,,3,,medium,true,Human-validated gold-standard outcome.
gold_0026,gold_outcome,宜兴市城市发展投资有限公司,Jiangsu,Yixing,expand_js_yixing_chengfa,functional_transfer,human_gold_standard,true,expand_js_yixing_chengfa,functional_transfer,,3,,medium,true,Human-validated gold-standard outcome.
gold_0027,gold_outcome,福州国有资本投资运营集团有限公司,Fujian,Fuzhou,expand_fj_fuzhou_guozi,functional_transfer,human_gold_standard,true,expand_fj_fuzhou_guozi,functional_transfer,,4,,medium,true,Human-validated gold-standard outcome.
gold_0028,gold_outcome,镇江产业投资控股集团有限公司,Jiangsu,Zhenjiang,expand_js_zhenjiang_industry,nominal_exit,human_gold_standard,true,expand_js_zhenjiang_industry,nominal_exit,,3,,medium,true,Human-validated gold-standard outcome.
gold_0029,gold_outcome,南京江宁国有资产经营集团有限公司,Jiangsu,Nanjing Jiangning,expand_js_jiangning_guozi,nominal_exit,human_gold_standard,true,expand_js_jiangning_guozi,nominal_exit,,4,,high,true,Human-validated gold-standard outcome.
gold_0030,gold_outcome,常熟市投资控股集团有限公司,Jiangsu,Changshu,expand_js_changshu_invest,functional_transfer,human_gold_standard,true,expand_js_changshu_invest,functional_transfer,,3,,medium,true,Human-validated gold-standard outcome.
gold_0031,gold_outcome,宿州市城市建设投资集团(控股)有限公司,Anhui,Suzhou,expand_ah_suzhou_chengtou,nominal_exit,human_gold_standard,true,expand_ah_suzhou_chengtou,nominal_exit,,4,,medium,true,Human-validated gold-standard outcome.
gold_0032,gold_outcome,黄石市城市发展投资集团有限公司,Hubei,Huangshi,expand_hb_huangshi_chengfa,nominal_exit,human_gold_standard,true,expand_hb_huangshi_chengfa,nominal_exit,,3,,medium,true,Human-validated gold-standard outcome.
gold_0033,gold_outcome,盐城市城南新区开发建设投资有限公司,Jiangsu,Yancheng,expand_js_yancheng_chengnan,nominal_exit,human_gold_standard,true,expand_js_yancheng_chengnan,nominal_exit,,4,,medium,true,Human-validated gold-standard outcome.
gold_0034,gold_outcome,苏州市相城城市建设投资(集团)有限公司,Jiangsu,Suzhou Xiangcheng,expand_js_suzhou_xiangcheng,nominal_exit,human_gold_standard,true,expand_js_suzhou_xiangcheng,nominal_exit,,4,,medium,true,Human-validated gold-standard outcome.
gold_0035,gold_outcome,临沂城市建设投资集团有限公司,Shandong,Linyi,expand_sd_linyi_chengtou,nominal_exit,human_gold_standard,true,expand_sd_linyi_chengtou,nominal_exit,,4,,medium,true,Human-validated gold-standard outcome.
gold_0036,gold_outcome,吉安市城市建设投资开发有限公司,Jiangxi,Ji'an,expand_jx_jian_chengtou,nominal_exit,human_gold_standard,true,expand_jx_jian_chengtou,nominal_exit,,4,,medium,true,Human-validated gold-standard outcome.
gold_0037,gold_outcome,洛阳城乡建设投资集团有限公司,Henan,Luoyang,expand_hen_luoyang_chengxiang,nominal_exit,human_gold_standard,true,expand_hen_luoyang_chengxiang,nominal_exit,,4,,medium,true,Human-validated gold-standard outcome.
gold_0038,gold_outcome,张家港市城市投资发展集团有限公司,Jiangsu,Zhangjiagang,expand_js_zhangjiagang_chengtou,nominal_exit,human_gold_standard,true,expand_js_zhangjiagang_chengtou,nominal_exit,,4,,medium,true,Human-validated gold-standard outcome.
gold_0039,gold_outcome,天津津南城市建设投资有限公司,Tianjin,Tianjin Jinnan,expand_tj_jinnan_chengtou,nominal_exit,human_gold_standard,true,expand_tj_jinnan_chengtou,nominal_exit,,4,,medium,true,Human-validated gold-standard outcome.
gold_0040,gold_outcome,六安城市建设投资有限公司,Anhui,Lu'an,expand_ah_luan_chengtou,nominal_exit,human_gold_standard,true,expand_ah_luan_chengtou,nominal_exit,,4,,medium,true,Human-validated gold-standard outcome.
gold_0041,gold_outcome,泰州市城市建设投资集团有限公司,Jiangsu,Taizhou,expand_js_taizhou_chengtou,nominal_exit,human_gold_standard,true,expand_js_taizhou_chengtou,nominal_exit,,4,,medium,true,Human-validated gold-standard outcome.
gold_0042,gold_outcome,景德镇市城市建设投资集团有限责任公司,Jiangxi,Jingdezhen,expand_jx_jingdezhen_chengtou,nominal_exit,human_gold_standard,true,expand_jx_jingdezhen_chengtou,nominal_exit,,4,,medium,true,Human-validated gold-standard outcome.
gold_0043,gold_outcome,荆门市城市建设投资有限公司,Hubei,Jingmen,expand_hb_jingmen_chengtou,nominal_exit,human_gold_standard,true,expand_hb_jingmen_chengtou,nominal_exit,,4,,medium,true,Human-validated gold-standard outcome.
gold_0044,gold_outcome,上饶市城市建设投资开发集团有限公司,Jiangxi,Shangrao,expand_jx_shangrao_chengtou,nominal_exit,human_gold_standard,true,expand_jx_shangrao_chengtou,nominal_exit,,4,,medium,true,Human-validated gold-standard outcome.
gold_0045,gold_outcome,淮安市投资控股集团有限公司,Jiangsu,Huai'an,expand_js_huaian_touzi,nominal_exit,human_gold_standard,true,expand_js_huaian_touzi,nominal_exit,,4,,high,true,Human-validated gold-standard outcome.
gold_0046,gold_outcome,益阳市交通投资运营集团有限公司,Hunan,Yiyang,expand_hn_yiyang_jiaotou,nominal_exit,human_gold_standard,true,expand_hn_yiyang_jiaotou,nominal_exit,,4,,medium,true,Human-validated gold-standard outcome.
gold_0047,gold_outcome,泰州市兴化国有资产投资控股有限公司,Jiangsu,Xinghua,expand_js_xinghua_guotou,nominal_exit,human_gold_standard,true,expand_js_xinghua_guotou,nominal_exit,,4,,medium,true,Human-validated gold-standard outcome.
gold_0048,gold_outcome,乐山国有资产投资运营(集团)有限公司,Sichuan,Leshan,expand_sc_leshan_guozi,nominal_exit,human_gold_standard,true,expand_sc_leshan_guozi,nominal_exit,,4,,high,true,Human-validated gold-standard outcome.
gold_0049,gold_outcome,德州德达投资控股集团有限公司,Shandong,Dezhou,expand_sd_dezhou_deda,nominal_exit,human_gold_standard,true,expand_sd_dezhou_deda,nominal_exit,,4,,high,true,Human-validated gold-standard outcome.
gold_0050,gold_outcome,抚州市市属国有资产投资控股集团有限公司,Jiangxi,Fuzhou,expand_jx_fuzhou_guozi,nominal_exit,human_gold_standard,true,expand_jx_fuzhou_guozi,nominal_exit,,4,,medium,true,Human-validated gold-standard outcome.
gold_0051,gold_outcome,昆明市交通投资集团有限责任公司,Yunnan,Kunming,sch_20260630_0155,nominal_exit,human_gold_standard,true,sch_20260630_0155,nominal_exit,,4,,medium,true,Human-validated gold-standard outcome.
gold_0052,gold_outcome,伊犁州国有资产投资经营有限责任公司,Xinjiang,Yili,sch_20260630_0117,nominal_exit,human_gold_standard,true,sch_20260630_0117,nominal_exit,,4,,high,true,Human-validated gold-standard outcome.
gold_0053,gold_outcome,建安投资控股集团有限公司,Anhui,Bozhou,sch_20260630_0027,nominal_exit,human_gold_standard,true,sch_20260630_0027,nominal_exit,,4,,medium,true,Human-validated gold-standard outcome.
gold_0054,gold_outcome,上饶创新发展产业投资集团有限公司,Jiangxi,Shangrao,sch_20260630_0055,nominal_exit,human_gold_standard,true,sch_20260630_0055,nominal_exit,,4,,medium,true,Human-validated gold-standard outcome.
gold_0055,gold_outcome,石家庄市交通投资开发有限公司,Hebei,Shijiazhuang,sch_20260630_0151,nominal_exit,human_gold_standard,true,sch_20260630_0151,nominal_exit,,4,,medium,true,Human-validated gold-standard outcome.
gold_0056,gold_outcome,南京市交通建设投资控股(集团)有限责任公司,Jiangsu,Nanjing,sch_20260630_0052,nominal_exit,human_gold_standard,true,sch_20260630_0052,nominal_exit,,4,,medium,true,Human-validated gold-standard outcome.
gold_0057,gold_outcome,江苏腾海投资控股集团有限公司,Jiangsu,Haian,sch_20260630_0019,nominal_exit,human_gold_standard,true,sch_20260630_0019,nominal_exit,,4,,medium,true,Human-validated gold-standard outcome.
gold_0058,gold_outcome,江苏高淳国际慢城文化旅游产业投资集团有限公司,Jiangsu,Gaochun,sch_20260630_0142,nominal_exit,human_gold_standard,true,sch_20260630_0142,nominal_exit,,4,,medium,true,Human-validated gold-standard outcome.
gold_0059,gold_outcome,嘉兴市嘉秀发展投资控股集团有限公司,Zhejiang,Jiaxing,sch_20260630_0068,nominal_exit,human_gold_standard,true,sch_20260630_0068,nominal_exit,,4,,medium,true,Human-validated gold-standard outcome.
gold_0060,gold_outcome,南宁城市建设投资集团有限责任公司,Guangxi,Nanning,expand_gx_nanning_chengtou,nominal_exit,human_gold_standard,true,expand_gx_nanning_chengtou,nominal_exit,,4,,medium,true,Human-validated gold-standard outcome.
gold_0061,gold_outcome,广州地铁集团有限公司,Guangdong,Guangzhou,pilot_gd_001_alt_metro,nominal_exit,human_gold_standard,true,pilot_gd_001_alt_metro,nominal_exit,,4,,medium,true,Human-validated gold-standard outcome.
gold_0062,gold_outcome,南京地铁集团有限公司,Jiangsu,Nanjing,pilot_js_001_alt_metro,nominal_exit,human_gold_standard,true,pilot_js_001_alt_metro,nominal_exit,,4,,medium,true,Human-validated gold-standard outcome.
gold_0063,gold_outcome,嘉善县高新科技园区建设投资有限公司,Zhejiang,Jiashan,sch_20260630_0035,nominal_exit,human_gold_standard,true,sch_20260630_0035,nominal_exit,,4,,medium,true,Human-validated gold-standard outcome.
gold_0064,gold_outcome,徐州经济技术开发区国有资产经营有限责任公司,Jiangsu,Xuzhou,sch_20260630_0015,nominal_exit,human_gold_standard,true,sch_20260630_0015,nominal_exit,,4,,medium,true,Human-validated gold-standard outcome.
gold_0065,gold_outcome,江阴高新区投资开发有限公司,Jiangsu,Jiangyin,sch_20260630_0029,nominal_exit,human_gold_standard,true,sch_20260630_0029,nominal_exit,,4,,medium,true,Human-validated gold-standard outcome.
gold_0066,gold_outcome,溧阳市城市建设发展集团有限公司,Jiangsu,Liyang,sch_20260630_0047,nominal_exit,human_gold_standard,true,sch_20260630_0047,nominal_exit,,4,,medium,true,Human-validated gold-standard outcome.
gold_0067,gold_outcome,北京未来科学城发展集团有限公司,Beijing,Beijing,sch_20260630_0051,nominal_exit,human_gold_standard,true,sch_20260630_0051,nominal_exit,,4,,medium,true,Human-validated gold-standard outcome.
gold_0068,gold_outcome,新疆城建(集团)股份有限公司,Xinjiang,Urumqi,sch_20260630_0056,nominal_exit,human_gold_standard,true,sch_20260630_0056,nominal_exit,,4,,medium,true,Human-validated gold-standard outcome.
gold_0069,gold_outcome,河北顺德投资集团有限公司,Hebei,Xingtai,sch_20260630_0005,nominal_exit,human_gold_standard,true,sch_20260630_0005,nominal_exit,,4,,medium,true,Human-validated gold-standard outcome.
gold_0070,gold_outcome,常州市交通产业集团有限公司,Jiangsu,Changzhou,sch_20260630_0048,nominal_exit,human_gold_standard,true,sch_20260630_0048,nominal_exit,,4,,medium,true,Human-validated gold-standard outcome.
gold_0071,gold_outcome,徐州市交通控股集团有限公司,Jiangsu,Xuzhou,sch_20260630_0046,nominal_exit,human_gold_standard,true,sch_20260630_0046,nominal_exit,,4,,medium,true,Human-validated gold-standard outcome.
gold_0072,gold_outcome,河南航空港投资集团有限公司,Henan,Zhengzhou,sch_20260630_0014,nominal_exit,human_gold_standard,true,sch_20260630_0014,nominal_exit,,4,,medium,true,Human-validated gold-standard outcome.
gold_0073,gold_outcome,泰兴市中兴国有资产经营投资集团有限公司,Jiangsu,Taixing,sch_20260630_0021,nominal_exit,human_gold_standard,true,sch_20260630_0021,nominal_exit,,4,,medium,true,Human-validated gold-standard outcome.
gold_0074,gold_outcome,丹阳投资集团有限公司,Jiangsu,Danyang,sch_20260630_0044,nominal_exit,human_gold_standard,true,sch_20260630_0044,nominal_exit,,4,,medium,true,Human-validated gold-standard outcome.
gold_0075,gold_outcome,济南高新控股集团有限公司,Shandong,Jinan,sch_20260630_0006,nominal_exit,human_gold_standard,true,sch_20260630_0006,nominal_exit,,4,,medium,true,Human-validated gold-standard outcome.
gold_0076,gold_outcome,苏州吴中国太发展有限公司,Jiangsu,Suzhou,sch_20260630_0007,nominal_exit,human_gold_standard,true,sch_20260630_0007,nominal_exit,,4,,medium,true,Human-validated gold-standard outcome.
gold_0077,gold_outcome,亳州城建发展控股集团有限公司,Anhui,Bozhou,sch_20260630_0032,nominal_exit,human_gold_standard,true,sch_20260630_0032,nominal_exit,,4,,medium,true,Human-validated gold-standard outcome.
gold_0078,gold_outcome,常州天宁建设发展集团有限公司,Jiangsu,Changzhou,sch_20260630_0057,nominal_exit,human_gold_standard,true,sch_20260630_0057,nominal_exit,,4,,medium,true,Human-validated gold-standard outcome.
gold_0079,gold_outcome,绍兴滨海新区控股集团有限公司,Zhejiang,Shaoxing,sch_20260630_0033,nominal_exit,human_gold_standard,true,sch_20260630_0033,nominal_exit,,4,,medium,true,Human-validated gold-standard outcome.
gold_0080,gold_outcome,黄石市东楚投资集团有限公司,Hubei,Huangshi,sch_20260630_0054,nominal_exit,human_gold_standard,true,sch_20260630_0054,nominal_exit,,4,,medium,true,Human-validated gold-standard outcome.
gold_0081,gold_outcome,寿光市金旭产业发展集团有限公司,Shandong,Shouguang,sch_20260630_0028,nominal_exit,human_gold_standard,true,sch_20260630_0028,nominal_exit,,4,,medium,true,Human-validated gold-standard outcome.
gold_0082,gold_outcome,浙江安吉国控建设发展集团有限公司,Zhejiang,Anji,sch_20260630_0017,nominal_exit,human_gold_standard,true,sch_20260630_0017,nominal_exit,,4,,medium,true,Human-validated gold-standard outcome.
gold_0083,gold_outcome,嘉兴科技城投资发展集团有限公司,Zhejiang,Jiaxing,sch_20260630_0013,nominal_exit,human_gold_standard,true,sch_20260630_0013,nominal_exit,,4,,medium,true,Human-validated gold-standard outcome.
gold_0084,gold_outcome,知识城(广州)投资集团有限公司,Guangdong,Guangzhou,sch_20260630_0025,nominal_exit,human_gold_standard,true,sch_20260630_0025,nominal_exit,,4,,medium,true,Human-validated gold-standard outcome.
gold_0085,gold_outcome,湖州莫干山国有资本控股集团有限公司,Zhejiang,Huzhou,sch_20260630_0008,nominal_exit,human_gold_standard,true,sch_20260630_0008,nominal_exit,,3,,medium,true,Human-validated gold-standard outcome.
gold_0086,gold_outcome,海安开发区建设投资有限公司,Jiangsu,Nantong,sch_20260630_0137,nominal_exit,human_gold_standard,true,sch_20260630_0137,nominal_exit,,4,,medium,true,Human-validated gold-standard outcome.
gold_0087,gold_outcome,常州滨湖建设发展集团有限公司,Jiangsu,Changzhou,sch_20260630_0069,nominal_exit,human_gold_standard,true,sch_20260630_0069,nominal_exit,,4,,medium,true,Human-validated gold-standard outcome.
gold_0088,gold_outcome,晋中市公用基础设施投资控股(集团)有限公司,Shanxi,Jinzhong,exp_20260703_0008,nominal_exit,human_gold_standard,true,exp_20260703_0008,nominal_exit,,4,,medium,true,Human-validated gold-standard outcome.
gold_0089,gold_outcome,南京江北新城投资发展有限公司,Jiangsu,Nanjing,exp2_20260703_0009,nominal_exit,human_gold_standard,true,exp2_20260703_0009,nominal_exit,,4,,medium,true,Human-validated gold-standard outcome.
gold_0090,gold_outcome,日照城投集团有限公司,Shandong,Rizhao,sch_20260630_0132,nominal_exit,human_gold_standard,true,sch_20260630_0132,nominal_exit,,4,,medium,true,Human-validated gold-standard outcome.
gold_0091,gold_outcome,青岛上合控股发展集团有限公司,Shandong,Qingdao,sch_20260630_0175,nominal_exit,human_gold_standard,true,sch_20260630_0175,nominal_exit,,4,,medium,true,Human-validated gold-standard outcome.
gold_0092,gold_outcome,如东县东泰社会发展投资有限责任公司,Jiangsu,Nantong,sch_20260630_0073,nominal_exit,human_gold_standard,true,sch_20260630_0073,nominal_exit,,4,,medium,true,Human-validated gold-standard outcome.
gold_0093,gold_outcome,蚌埠市城市投资控股有限公司,Anhui,Bengbu,exp_20260703_0001,nominal_exit,human_gold_standard,true,exp_20260703_0001,nominal_exit,,3,,medium,true,Human-validated gold-standard outcome.
gold_0094,gold_outcome,许昌市城投发展集团有限公司,Henan,Xuchang,exp2_20260703_0001,nominal_exit,human_gold_standard,true,exp2_20260703_0001,nominal_exit,,4,,medium,true,Human-validated gold-standard outcome.
surrogate_auxiliary_nonoverlap_0001,surrogate_auxiliary_nonoverlap,上海静安置业(集团)有限公司,,,exp9_20260704_0183,nominal_exit,codex_surrogate,false,,,1,3,3,medium,true,Non-overlap issuer-level surrogate used only for validation-adjusted descriptive counts.
surrogate_overlap_check_0001,surrogate_overlap_check,上饶创新发展产业投资集团有限公司,,,sch_20260630_0055,nominal_exit,codex_surrogate,true,sch_20260630_0055,nominal_exit,1,3,3,medium,false,Issuer-level surrogate that overlaps a gold-standard case; retained only as a validation check.
surrogate_overlap_check_0002,surrogate_overlap_check,上饶市城市建设投资开发集团有限公司,,,sch_20260630_0136,nominal_exit,codex_surrogate,true,expand_jx_shangrao_chengtou,nominal_exit,1,3,2,medium,false,Issuer-level surrogate that overlaps a gold-standard case; retained only as a validation check.
surrogate_auxiliary_nonoverlap_0002,surrogate_auxiliary_nonoverlap,中煤矿山建设集团有限责任公司,,,sch_20260630_0061,nominal_exit,codex_surrogate,false,,,1,3,2,medium,true,Non-overlap issuer-level surrogate used only for validation-adjusted descriptive counts.
surrogate_overlap_check_0003,surrogate_overlap_check,临沂城市建设投资集团有限公司,,,sch_20260630_0115; sch_20260630_0154,nominal_exit,codex_surrogate,true,expand_sd_linyi_chengtou,nominal_exit,2,3,3,medium,false,Issuer-level surrogate that overlaps a gold-standard case; retained only as a validation check.
surrogate_overlap_check_0004,surrogate_overlap_check,丹阳投资集团有限公司,,,sch_20260630_0044,nominal_exit,codex_surrogate,true,sch_20260630_0044,nominal_exit,1,3,2,medium,false,Issuer-level surrogate that overlaps a gold-standard case; retained only as a validation check.
surrogate_auxiliary_nonoverlap_0003,surrogate_auxiliary_nonoverlap,义乌中国小商品城控股集团有限公司,,,sch_20260630_0078,nominal_exit,codex_surrogate,false,,,1,3,2,medium,true,Non-overlap issuer-level surrogate used only for validation-adjusted descriptive counts.
surrogate_auxiliary_nonoverlap_0004,surrogate_auxiliary_nonoverlap,乌鲁木齐交通旅游投资(集团)有限公司,,,sch_20260630_0127,nominal_exit,codex_surrogate,false,,,1,3,3,medium,true,Non-overlap issuer-level surrogate used only for validation-adjusted descriptive counts.
surrogate_overlap_check_0005,surrogate_overlap_check,乐山国有资产投资运营(集团)有限公司,,,sch_20260630_0082; sch_20260630_0147,nominal_exit,codex_surrogate,true,expand_sc_leshan_guozi,nominal_exit,2,3,2,medium,false,Issuer-level surrogate that overlaps a gold-standard case; retained only as a validation check.
surrogate_overlap_check_0006,surrogate_overlap_check,亳州城建发展控股集团有限公司,,,sch_20260630_0032; sch_20260630_0152,nominal_exit,codex_surrogate,true,sch_20260630_0032,nominal_exit,2,3,3,medium,false,Issuer-level surrogate that overlaps a gold-standard case; retained only as a validation check.
surrogate_auxiliary_nonoverlap_0005,surrogate_auxiliary_nonoverlap,伊犁哈萨克自治州财通国有资产经营有限责任公司,,,exp4_20260703_0013,nominal_exit,codex_surrogate,false,,,1,3,2,medium,true,Non-overlap issuer-level surrogate used only for validation-adjusted descriptive counts.
surrogate_overlap_check_0007,surrogate_overlap_check,伊犁州国有资产投资经营有限责任公司,,,sch_20260630_0117; sch_20260630_0169,nominal_exit,codex_surrogate,true,sch_20260630_0117,nominal_exit,2,3,3,medium,false,Issuer-level surrogate that overlaps a gold-standard case; retained only as a validation check.
surrogate_overlap_check_0008,surrogate_overlap_check,六安城市建设投资有限公司,,,sch_20260630_0090,nominal_exit,codex_surrogate,true,expand_ah_luan_chengtou,nominal_exit,1,3,3,medium,false,Issuer-level surrogate that overlaps a gold-standard case; retained only as a validation check.
surrogate_auxiliary_nonoverlap_0006,surrogate_auxiliary_nonoverlap,北京亦庄国际投资发展有限公司,,,exp2_20260703_0022; exp2_20260703_0023,nominal_exit,codex_surrogate,false,,,2,3,3,medium,true,Non-overlap issuer-level surrogate used only for validation-adjusted descriptive counts.
surrogate_auxiliary_nonoverlap_0007,surrogate_auxiliary_nonoverlap,北京市海淀区国有资本运营有限公司,,,exp_20260703_0015; exp_20260703_0018,nominal_exit,codex_surrogate,false,,,2,3,2,medium,true,Non-overlap issuer-level surrogate used only for validation-adjusted descriptive counts.
surrogate_overlap_check_0009,surrogate_overlap_check,北京未来科学城发展集团有限公司,,,sch_20260630_0051,nominal_exit,codex_surrogate,true,sch_20260630_0051,nominal_exit,1,3,3,medium,false,Issuer-level surrogate that overlaps a gold-standard case; retained only as a validation check.
surrogate_auxiliary_nonoverlap_0008,surrogate_auxiliary_nonoverlap,北京电子控股有限责任公司,,,exp9_20260704_0193,nominal_exit,codex_surrogate,false,,,1,3,2,medium,true,Non-overlap issuer-level surrogate used only for validation-adjusted descriptive counts.
surrogate_overlap_check_0010,surrogate_overlap_check,南京市交通建设投资控股(集团)有限责任公司,,,sch_20260630_0052,nominal_exit,codex_surrogate,true,sch_20260630_0052,nominal_exit,1,3,2,medium,false,Issuer-level surrogate that overlaps a gold-standard case; retained only as a validation check.
surrogate_overlap_check_0011,surrogate_overlap_check,南京江北新城投资发展有限公司,,,exp2_20260703_0009; exp2_20260703_0010,nominal_exit,codex_surrogate,true,exp2_20260703_0009,nominal_exit,2,3,3,medium,false,Issuer-level surrogate that overlaps a gold-standard case; retained only as a validation check.
surrogate_auxiliary_nonoverlap_0009,surrogate_auxiliary_nonoverlap,南京江宁交通建设集团有限公司,,,sch_20260630_0144,nominal_exit,codex_surrogate,false,,,1,3,2,medium,true,Non-overlap issuer-level surrogate used only for validation-adjusted descriptive counts.
surrogate_auxiliary_nonoverlap_0010,surrogate_auxiliary_nonoverlap,南京江宁科学园发展集团有限公司,,,sch_20260630_0075,nominal_exit,codex_surrogate,false,,,1,3,2,medium,true,Non-overlap issuer-level surrogate used only for validation-adjusted descriptive counts.
surrogate_auxiliary_nonoverlap_0011,surrogate_auxiliary_nonoverlap,南京江宁经济技术开发集团有限公司,,,exp8_20260703_0037,nominal_exit,codex_surrogate,false,,,1,3,2,medium,true,Non-overlap issuer-level surrogate used only for validation-adjusted descriptive counts.
surrogate_auxiliary_nonoverlap_0012,surrogate_auxiliary_nonoverlap,南京溧水经济技术开发集团有限公司,,,exp8_20260703_0042,nominal_exit,codex_surrogate,false,,,1,3,2,medium,true,Non-overlap issuer-level surrogate used only for validation-adjusted descriptive counts.
surrogate_auxiliary_nonoverlap_0013,surrogate_auxiliary_nonoverlap,南京牛首山文化旅游集团有限公司,,,exp5_20260703_0025,nominal_exit,codex_surrogate,false,,,1,3,3,medium,true,Non-overlap issuer-level surrogate used only for validation-adjusted descriptive counts.
surrogate_auxiliary_nonoverlap_0014,surrogate_auxiliary_nonoverlap,南京高淳国有资产经营控股集团有限公司,,,sch_20260630_0160,nominal_exit,codex_surrogate,false,,,1,3,2,medium,true,Non-overlap issuer-level surrogate used only for validation-adjusted descriptive counts.
surrogate_auxiliary_nonoverlap_0015,surrogate_auxiliary_nonoverlap,南通产业控股集团有限公司,,,sch_20260630_0074,nominal_exit,codex_surrogate,false,,,1,3,2,medium,true,Non-overlap issuer-level surrogate used only for validation-adjusted descriptive counts.
surrogate_auxiliary_nonoverlap_0016,surrogate_auxiliary_nonoverlap,南通城市建设集团有限公司,,,sch_20260630_0089,nominal_exit,codex_surrogate,false,,,1,3,2,medium,true,Non-overlap issuer-level surrogate used only for validation-adjusted descriptive counts.
surrogate_auxiliary_nonoverlap_0017,surrogate_auxiliary_nonoverlap,厦门金圆投资集团有限公司,,,sch_20260630_0004,nominal_exit,codex_surrogate,false,,,1,3,3,medium,true,Non-overlap issuer-level surrogate used only for validation-adjusted descriptive counts.
surrogate_auxiliary_nonoverlap_0018,surrogate_auxiliary_nonoverlap,台州市椒江区社会事业发展集团有限公司,,,exp5_20260703_0004,nominal_exit,codex_surrogate,false,,,1,3,2,medium,true,Non-overlap issuer-level surrogate used only for validation-adjusted descriptive counts.
surrogate_auxiliary_nonoverlap_0019,surrogate_auxiliary_nonoverlap,合肥北城建设投资(集团)有限公司,,,sch_20260630_0125,nominal_exit,codex_surrogate,false,,,1,3,2,medium,true,Non-overlap issuer-level surrogate used only for validation-adjusted descriptive counts.
surrogate_overlap_check_0012,surrogate_overlap_check,吉安市城市建设投资开发有限公司,,,sch_20260630_0108,nominal_exit,codex_surrogate,true,expand_jx_jian_chengtou,nominal_exit,1,3,2,medium,false,Issuer-level surrogate that overlaps a gold-standard case; retained only as a validation check.
surrogate_overlap_check_0013,surrogate_overlap_check,嘉兴市嘉秀发展投资控股集团有限公司,,,sch_20260630_0068; sch_20260630_0076; sch_20260630_0091,nominal_exit,codex_surrogate,true,sch_20260630_0068,nominal_exit,3,3,2,medium,false,Issuer-level surrogate that overlaps a gold-standard case; retained only as a validation check.
surrogate_overlap_check_0014,surrogate_overlap_check,嘉兴科技城投资发展集团有限公司,,,sch_20260630_0013; sch_20260630_0042,nominal_exit,codex_surrogate,true,sch_20260630_0013,nominal_exit,2,3,2,medium,false,Issuer-level surrogate that overlaps a gold-standard case; retained only as a validation check.
surrogate_overlap_check_0015,surrogate_overlap_check,嘉善县高新科技园区建设投资有限公司,,,sch_20260630_0035; sch_20260630_0058,nominal_exit,codex_surrogate,true,sch_20260630_0035,nominal_exit,2,3,3,medium,false,Issuer-level surrogate that overlaps a gold-standard case; retained only as a validation check.
surrogate_auxiliary_nonoverlap_0020,surrogate_auxiliary_nonoverlap,四川华西集团有限公司,,,exp10_20260704_0268,nominal_exit,codex_surrogate,false,,,1,3,2,medium,true,Non-overlap issuer-level surrogate used only for validation-adjusted descriptive counts.
surrogate_auxiliary_nonoverlap_0021,surrogate_auxiliary_nonoverlap,四川省乡村发展集团有限公司,,,sch_20260630_0001,nominal_exit,codex_surrogate,false,,,1,3,2,medium,true,Non-overlap issuer-level surrogate used only for validation-adjusted descriptive counts.
surrogate_auxiliary_nonoverlap_0022,surrogate_auxiliary_nonoverlap,天津北辰经济技术开发区集团有限公司,,,sch_20260630_0134,nominal_exit,codex_surrogate,false,,,1,3,2,medium,true,Non-overlap issuer-level surrogate used only for validation-adjusted descriptive counts.
surrogate_auxiliary_nonoverlap_0023,surrogate_auxiliary_nonoverlap,天津国有资本投资运营有限公司,,,exp_20260703_0005,nominal_exit,codex_surrogate,false,,,1,3,3,medium,true,Non-overlap issuer-level surrogate used only for validation-adjusted descriptive counts.
surrogate_auxiliary_nonoverlap_0024,surrogate_auxiliary_nonoverlap,天津市武清区国有资产经营投资有限公司,,,exp4_20260703_0027,nominal_exit,codex_surrogate,false,,,1,3,2,medium,true,Non-overlap issuer-level surrogate used only for validation-adjusted descriptive counts.
surrogate_overlap_check_0016,surrogate_overlap_check,天津津南城市建设投资有限公司,,,sch_20260630_0085; sch_20260630_0097; sch_20260630_0118,nominal_exit,codex_surrogate,true,expand_tj_jinnan_chengtou,nominal_exit,3,3,2,medium,false,Issuer-level surrogate that overlaps a gold-standard case; retained only as a validation check.
surrogate_auxiliary_nonoverlap_0025,surrogate_auxiliary_nonoverlap,太仓娄城高新集团有限公司,,,exp8_20260703_0004,nominal_exit,codex_surrogate,false,,,1,3,2,medium,true,Non-overlap issuer-level surrogate used only for validation-adjusted descriptive counts.
surrogate_auxiliary_nonoverlap_0026,surrogate_auxiliary_nonoverlap,太原市龙城发展投资集团有限公司,,,sch_20260630_0139,nominal_exit,codex_surrogate,false,,,1,3,2,medium,true,Non-overlap issuer-level surrogate used only for validation-adjusted descriptive counts.
surrogate_overlap_check_0017,surrogate_overlap_check,如东县东泰社会发展投资有限责任公司,,,sch_20260630_0073,nominal_exit,codex_surrogate,true,sch_20260630_0073,nominal_exit,1,3,3,medium,false,Issuer-level surrogate that overlaps a gold-standard case; retained only as a validation check.
surrogate_auxiliary_nonoverlap_0027,surrogate_auxiliary_nonoverlap,如皋市经济贸易开发有限公司,,,exp9_20260704_0035,nominal_exit,codex_surrogate,false,,,1,3,2,medium,true,Non-overlap issuer-level surrogate used only for validation-adjusted descriptive counts.
surrogate_auxiliary_nonoverlap_0028,surrogate_auxiliary_nonoverlap,宁波市海曙广聚资产经营有限公司,,,exp5_20260703_0007,nominal_exit,codex_surrogate,false,,,1,3,3,medium,true,Non-overlap issuer-level surrogate used only for validation-adjusted descriptive counts.
surrogate_auxiliary_nonoverlap_0029,surrogate_auxiliary_nonoverlap,宁波市镇海投资有限公司,,,exp8_20260703_0163,nominal_exit,codex_surrogate,false,,,1,3,3,medium,true,Non-overlap issuer-level surrogate used only for validation-adjusted descriptive counts.
surrogate_auxiliary_nonoverlap_0030,surrogate_auxiliary_nonoverlap,宁波文旅会展集团有限公司,,,exp2_20260703_0021,nominal_exit,codex_surrogate,false,,,1,3,2,medium,true,Non-overlap issuer-level surrogate used only for validation-adjusted descriptive counts.
surrogate_auxiliary_nonoverlap_0031,surrogate_auxiliary_nonoverlap,安徽省交通控股集团有限公司,,,sch_20260630_0172,nominal_exit,codex_surrogate,false,,,1,3,3,medium,true,Non-overlap issuer-level surrogate used only for validation-adjusted descriptive counts.
surrogate_auxiliary_nonoverlap_0032,surrogate_auxiliary_nonoverlap,安徽省宁国建设投资集团有限公司,,,sch_20260630_0173,nominal_exit,codex_surrogate,false,,,1,3,2,medium,true,Non-overlap issuer-level surrogate used only for validation-adjusted descriptive counts.
surrogate_auxiliary_nonoverlap_0033,surrogate_auxiliary_nonoverlap,宜昌城发实业投资有限公司,,,sch_20260630_0071,nominal_exit,codex_surrogate,false,,,1,3,2,medium,true,Non-overlap issuer-level surrogate used only for validation-adjusted descriptive counts.
surrogate_overlap_check_0018,surrogate_overlap_check,宿州市城市建设投资集团(控股)有限公司,,,sch_20260630_0064; sch_20260630_0112,nominal_exit,codex_surrogate,true,expand_ah_suzhou_chengtou,nominal_exit,2,3,3,medium,false,Issuer-level surrogate that overlaps a gold-standard case; retained only as a validation check.
surrogate_overlap_check_0019,surrogate_overlap_check,寿光市金旭产业发展集团有限公司,,,sch_20260630_0028,nominal_exit,codex_surrogate,true,sch_20260630_0028,nominal_exit,1,3,2,medium,false,Issuer-level surrogate that overlaps a gold-standard case; retained only as a validation check.
surrogate_auxiliary_nonoverlap_0034,surrogate_auxiliary_nonoverlap,山东泉汇产业发展有限公司,,,exp5_20260703_0001,nominal_exit,codex_surrogate,false,,,1,3,2,medium,true,Non-overlap issuer-level surrogate used only for validation-adjusted descriptive counts.
surrogate_auxiliary_nonoverlap_0035,surrogate_auxiliary_nonoverlap,山东高速集团有限公司,,,exp10_20260704_0236,nominal_exit,codex_surrogate,false,,,1,3,3,medium,true,Non-overlap issuer-level surrogate used only for validation-adjusted descriptive counts.
surrogate_auxiliary_nonoverlap_0036,surrogate_auxiliary_nonoverlap,山西交通控股集团有限公司,,,sch_20260630_0062,nominal_exit,codex_surrogate,false,,,1,3,3,medium,true,Non-overlap issuer-level surrogate used only for validation-adjusted descriptive counts.
surrogate_auxiliary_nonoverlap_0037,surrogate_auxiliary_nonoverlap,山西建设投资集团有限公司,,,sch_20260630_0101,nominal_exit,codex_surrogate,false,,,1,3,2,medium,true,Non-overlap issuer-level surrogate used only for validation-adjusted descriptive counts.
surrogate_auxiliary_nonoverlap_0038,surrogate_auxiliary_nonoverlap,山西路桥建设集团有限公司,,,sch_20260630_0030,nominal_exit,codex_surrogate,false,,,1,3,2,medium,true,Non-overlap issuer-level surrogate used only for validation-adjusted descriptive counts.
surrogate_overlap_check_0020,surrogate_overlap_check,常州天宁建设发展集团有限公司,,,sch_20260630_0057; sch_20260630_0113,nominal_exit,codex_surrogate,true,sch_20260630_0057,nominal_exit,2,3,2,medium,false,Issuer-level surrogate that overlaps a gold-standard case; retained only as a validation check.
surrogate_overlap_check_0021,surrogate_overlap_check,常州市交通产业集团有限公司,,,sch_20260630_0048,nominal_exit,codex_surrogate,true,sch_20260630_0048,nominal_exit,1,3,3,medium,false,Issuer-level surrogate that overlaps a gold-standard case; retained only as a validation check.
surrogate_auxiliary_nonoverlap_0039,surrogate_auxiliary_nonoverlap,常州市城市建设(集团)有限公司,,,exp3_20260703_0018,nominal_exit,codex_surrogate,false,,,1,3,2,medium,true,Non-overlap issuer-level surrogate used only for validation-adjusted descriptive counts.
surrogate_overlap_check_0022,surrogate_overlap_check,常州滨湖建设发展集团有限公司,,,sch_20260630_0069; sch_20260630_0079,nominal_exit,codex_surrogate,true,sch_20260630_0069,nominal_exit,2,3,3,medium,false,Issuer-level surrogate that overlaps a gold-standard case; retained only as a validation check.
surrogate_auxiliary_nonoverlap_0040,surrogate_auxiliary_nonoverlap,广东省铁路建设投资集团有限公司,,,sch_20260630_0065,nominal_exit,codex_surrogate,false,,,1,3,2,medium,true,Non-overlap issuer-level surrogate used only for validation-adjusted descriptive counts.
surrogate_auxiliary_nonoverlap_0041,surrogate_auxiliary_nonoverlap,广州交通投资集团有限公司,,,exp_20260703_0002,nominal_exit,codex_surrogate,false,,,1,3,2,medium,true,Non-overlap issuer-level surrogate used only for validation-adjusted descriptive counts.
surrogate_auxiliary_nonoverlap_0042,surrogate_auxiliary_nonoverlap,广州越秀集团股份有限公司,,,exp9_20260704_0084,nominal_exit,codex_surrogate,false,,,1,3,2,medium,true,Non-overlap issuer-level surrogate used only for validation-adjusted descriptive counts.
surrogate_auxiliary_nonoverlap_0043,surrogate_auxiliary_nonoverlap,广西交通投资集团有限公司,,,sch_20260630_0128; sch_20260630_0133; sch_20260630_0146; sch_20260630_0158; sch_20260630_0174,nominal_exit,codex_surrogate,false,,,5,3,2,medium,true,Non-overlap issuer-level surrogate used only for validation-adjusted descriptive counts.
surrogate_auxiliary_nonoverlap_0044,surrogate_auxiliary_nonoverlap,广西国控资本运营集团有限责任公司,,,exp4_20260703_0049; exp4_20260703_0051,nominal_exit,codex_surrogate,false,,,2,3,3,medium,true,Non-overlap issuer-level surrogate used only for validation-adjusted descriptive counts.
surrogate_auxiliary_nonoverlap_0045,surrogate_auxiliary_nonoverlap,广西投资集团金融控股有限公司,,,sch_20260630_0026,nominal_exit,codex_surrogate,false,,,1,3,3,medium,true,Non-overlap issuer-level surrogate used only for validation-adjusted descriptive counts.
surrogate_overlap_check_0023,surrogate_overlap_check,建安投资控股集团有限公司,,,sch_20260630_0027,nominal_exit,codex_surrogate,true,sch_20260630_0027,nominal_exit,1,3,3,medium,false,Issuer-level surrogate that overlaps a gold-standard case; retained only as a validation check.
surrogate_overlap_check_0024,surrogate_overlap_check,张家港市城市投资发展集团有限公司,,,sch_20260630_0080,nominal_exit,codex_surrogate,true,expand_js_zhangjiagang_chengtou,nominal_exit,1,3,2,medium,false,Issuer-level surrogate that overlaps a gold-standard case; retained only as a validation check.
surrogate_overlap_check_0025,surrogate_overlap_check,徐州市交通控股集团有限公司,,,sch_20260630_0046,nominal_exit,codex_surrogate,true,sch_20260630_0046,nominal_exit,1,3,3,medium,false,Issuer-level surrogate that overlaps a gold-standard case; retained only as a validation check.
surrogate_overlap_check_0026,surrogate_overlap_check,徐州经济技术开发区国有资产经营有限责任公司,,,sch_20260630_0015; sch_20260630_0037; sch_20260630_0038; sch_20260630_0045; sch_20260630_0060,nominal_exit,codex_surrogate,true,sch_20260630_0015,nominal_exit,5,3,3,medium,false,Issuer-level surrogate that overlaps a gold-standard case; retained only as a validation check.
surrogate_overlap_check_0027,surrogate_overlap_check,德州德达投资控股集团有限公司,,,sch_20260630_0130,nominal_exit,codex_surrogate,true,expand_sd_dezhou_deda,nominal_exit,1,3,2,medium,false,Issuer-level surrogate that overlaps a gold-standard case; retained only as a validation check.
surrogate_auxiliary_nonoverlap_0046,surrogate_auxiliary_nonoverlap,成都产业投资集团有限公司,,,exp_20260703_0004,nominal_exit,codex_surrogate,false,,,1,3,2,medium,true,Non-overlap issuer-level surrogate used only for validation-adjusted descriptive counts.
surrogate_auxiliary_nonoverlap_0047,surrogate_auxiliary_nonoverlap,扬州建工控股集团有限公司,,,sch_20260630_0149,nominal_exit,codex_surrogate,false,,,1,3,3,medium,true,Non-overlap issuer-level surrogate used only for validation-adjusted descriptive counts.
surrogate_auxiliary_nonoverlap_0048,surrogate_auxiliary_nonoverlap,扬州新材料投资集团有限公司,,,sch_20260630_0121,nominal_exit,codex_surrogate,false,,,1,3,2,medium,true,Non-overlap issuer-level surrogate used only for validation-adjusted descriptive counts.
surrogate_overlap_check_0028,surrogate_overlap_check,抚州市市属国有资产投资控股集团有限公司,,,sch_20260630_0148,nominal_exit,codex_surrogate,true,expand_jx_fuzhou_guozi,nominal_exit,1,3,2,medium,false,Issuer-level surrogate that overlaps a gold-standard case; retained only as a validation check.
surrogate_auxiliary_nonoverlap_0049,surrogate_auxiliary_nonoverlap,新乡投资集团有限公司,,,sch_20260630_0159,nominal_exit,codex_surrogate,false,,,1,3,3,medium,true,Non-overlap issuer-level surrogate used only for validation-adjusted descriptive counts.
surrogate_overlap_check_0029,surrogate_overlap_check,新疆城建(集团)股份有限公司,,,sch_20260630_0056,nominal_exit,codex_surrogate,true,sch_20260630_0056,nominal_exit,1,3,3,medium,false,Issuer-level surrogate that overlaps a gold-standard case; retained only as a validation check.
surrogate_auxiliary_nonoverlap_0050,surrogate_auxiliary_nonoverlap,无锡华光环保能源集团股份有限公司,,,exp9_20260704_0230,nominal_exit,codex_surrogate,false,,,1,3,2,medium,true,Non-overlap issuer-level surrogate used only for validation-adjusted descriptive counts.
surrogate_auxiliary_nonoverlap_0051,surrogate_auxiliary_nonoverlap,无锡市国联发展(集团)有限公司,,,sch_20260630_0022; sch_20260630_0103; sch_20260630_0104,nominal_exit,codex_surrogate,false,,,3,3,3,medium,true,Non-overlap issuer-level surrogate used only for validation-adjusted descriptive counts.
surrogate_auxiliary_nonoverlap_0052,surrogate_auxiliary_nonoverlap,无锡市高新区创业投资控股集团有限公司,,,sch_20260630_0059,nominal_exit,codex_surrogate,false,,,1,3,3,medium,true,Non-overlap issuer-level surrogate used only for validation-adjusted descriptive counts.
surrogate_overlap_check_0030,surrogate_overlap_check,日照城投集团有限公司,,,sch_20260630_0132,nominal_exit,codex_surrogate,true,sch_20260630_0132,nominal_exit,1,3,3,medium,false,Issuer-level surrogate that overlaps a gold-standard case; retained only as a validation check.
surrogate_overlap_check_0031,surrogate_overlap_check,昆明市交通投资集团有限责任公司,,,sch_20260630_0155; sch_20260630_0163,nominal_exit,codex_surrogate,true,sch_20260630_0155,nominal_exit,2,3,3,medium,false,Issuer-level surrogate that overlaps a gold-standard case; retained only as a validation check.
surrogate_auxiliary_nonoverlap_0053,surrogate_auxiliary_nonoverlap,昆明市土地开发投资经营有限责任公司,,,exp2_20260703_0018,nominal_exit,codex_surrogate,false,,,1,3,2,medium,true,Non-overlap issuer-level surrogate used only for validation-adjusted descriptive counts.
surrogate_overlap_check_0032,surrogate_overlap_check,晋中市公用基础设施投资控股(集团)有限公司,,,exp_20260703_0008; exp_20260703_0019,nominal_exit,codex_surrogate,true,exp_20260703_0008,nominal_exit,2,3,3,medium,false,Issuer-level surrogate that overlaps a gold-standard case; retained only as a validation check.
surrogate_auxiliary_nonoverlap_0054,surrogate_auxiliary_nonoverlap,晋江市国有资本投资运营有限责任公司,,,exp_20260703_0007,nominal_exit,codex_surrogate,false,,,1,3,2,medium,true,Non-overlap issuer-level surrogate used only for validation-adjusted descriptive counts.
surrogate_overlap_check_0033,surrogate_overlap_check,景德镇市城市建设投资集团有限责任公司,,,sch_20260630_0111,nominal_exit,codex_surrogate,true,expand_jx_jingdezhen_chengtou,nominal_exit,1,3,2,medium,false,Issuer-level surrogate that overlaps a gold-standard case; retained only as a validation check.
surrogate_auxiliary_nonoverlap_0055,surrogate_auxiliary_nonoverlap,武汉光谷金融控股集团有限公司,,,sch_20260630_0009,nominal_exit,codex_surrogate,false,,,1,3,2,medium,true,Non-overlap issuer-level surrogate used only for validation-adjusted descriptive counts.
surrogate_auxiliary_nonoverlap_0056,surrogate_auxiliary_nonoverlap,江苏交通控股有限公司,,,sch_20260630_0098,nominal_exit,codex_surrogate,false,,,1,3,3,medium,true,Non-overlap issuer-level surrogate used only for validation-adjusted descriptive counts.
surrogate_auxiliary_nonoverlap_0057,surrogate_auxiliary_nonoverlap,江苏省国信集团有限公司,,,exp9_20260704_0141,nominal_exit,codex_surrogate,false,,,1,3,3,medium,true,Non-overlap issuer-level surrogate used only for validation-adjusted descriptive counts.
surrogate_overlap_check_0034,surrogate_overlap_check,江苏腾海投资控股集团有限公司,,,sch_20260630_0019,nominal_exit,codex_surrogate,true,sch_20260630_0019,nominal_exit,1,3,2,medium,false,Issuer-level surrogate that overlaps a gold-standard case; retained only as a validation check.
surrogate_overlap_check_0035,surrogate_overlap_check,江苏高淳国际慢城文化旅游产业投资集团有限公司,,,sch_20260630_0142,nominal_exit,codex_surrogate,true,sch_20260630_0142,nominal_exit,1,3,2,medium,false,Issuer-level surrogate that overlaps a gold-standard case; retained only as a validation check.
surrogate_auxiliary_nonoverlap_0058,surrogate_auxiliary_nonoverlap,江苏龙城国有控股集团有限公司,,,exp8_20260703_0012,nominal_exit,codex_surrogate,false,,,1,3,3,medium,true,Non-overlap issuer-level surrogate used only for validation-adjusted descriptive counts.
surrogate_auxiliary_nonoverlap_0059,surrogate_auxiliary_nonoverlap,江西省国有资本运营控股集团有限公司,,,sch_20260630_0157,nominal_exit,codex_surrogate,false,,,1,3,3,medium,true,Non-overlap issuer-level surrogate used only for validation-adjusted descriptive counts.
surrogate_overlap_check_0036,surrogate_overlap_check,江阴高新区投资开发有限公司,,,sch_20260630_0029,nominal_exit,codex_surrogate,true,sch_20260630_0029,nominal_exit,1,3,3,medium,false,Issuer-level surrogate that overlaps a gold-standard case; retained only as a validation check.
surrogate_overlap_check_0037,surrogate_overlap_check,河北顺德投资集团有限公司,,,sch_20260630_0005,nominal_exit,codex_surrogate,true,sch_20260630_0005,nominal_exit,1,3,3,medium,false,Issuer-level surrogate that overlaps a gold-standard case; retained only as a validation check.
surrogate_auxiliary_nonoverlap_0060,surrogate_auxiliary_nonoverlap,河南交通投资集团有限公司,,,exp_20260703_0003,nominal_exit,codex_surrogate,false,,,1,3,3,medium,true,Non-overlap issuer-level surrogate used only for validation-adjusted descriptive counts.
surrogate_auxiliary_nonoverlap_0061,surrogate_auxiliary_nonoverlap,河南创新投资集团有限公司,,,sch_20260630_0036,nominal_exit,codex_surrogate,false,,,1,3,3,medium,true,Non-overlap issuer-level surrogate used only for validation-adjusted descriptive counts.
surrogate_overlap_check_0038,surrogate_overlap_check,河南航空港投资集团有限公司,,,sch_20260630_0014,nominal_exit,codex_surrogate,true,sch_20260630_0014,nominal_exit,1,3,3,medium,false,Issuer-level surrogate that overlaps a gold-standard case; retained only as a validation check.
surrogate_auxiliary_nonoverlap_0062,surrogate_auxiliary_nonoverlap,泉州交通发展集团有限责任公司,,,sch_20260630_0050; sch_20260630_0106; exp4_20260703_0009,nominal_exit,codex_surrogate,false,,,3,3,3,medium,true,Non-overlap issuer-level surrogate used only for validation-adjusted descriptive counts.
surrogate_overlap_check_0039,surrogate_overlap_check,泰兴市中兴国有资产经营投资集团有限公司,,,sch_20260630_0021,nominal_exit,codex_surrogate,true,sch_20260630_0021,nominal_exit,1,3,3,medium,false,Issuer-level surrogate that overlaps a gold-standard case; retained only as a validation check.
surrogate_overlap_check_0040,surrogate_overlap_check,泰州市兴化国有资产投资控股有限公司,,,sch_20260630_0002,nominal_exit,codex_surrogate,true,expand_js_xinghua_guotou,nominal_exit,1,3,3,medium,false,Issuer-level surrogate that overlaps a gold-standard case; retained only as a validation check.
surrogate_overlap_check_0041,surrogate_overlap_check,泰州市城市建设投资集团有限公司,,,sch_20260630_0096; sch_20260630_0100,nominal_exit,codex_surrogate,true,expand_js_taizhou_chengtou,nominal_exit,2,3,3,medium,false,Issuer-level surrogate that overlaps a gold-standard case; retained only as a validation check.
surrogate_overlap_check_0042,surrogate_overlap_check,洛阳城乡建设投资集团有限公司,,,sch_20260630_0165,nominal_exit,codex_surrogate,true,expand_hen_luoyang_chengxiang,nominal_exit,1,3,3,medium,false,Issuer-level surrogate that overlaps a gold-standard case; retained only as a validation check.
surrogate_overlap_check_0043,surrogate_overlap_check,济南高新控股集团有限公司,,,sch_20260630_0006,nominal_exit,codex_surrogate,true,sch_20260630_0006,nominal_exit,1,3,2,medium,false,Issuer-level surrogate that overlaps a gold-standard case; retained only as a validation check.
surrogate_overlap_check_0044,surrogate_overlap_check,浙江安吉国控建设发展集团有限公司,,,sch_20260630_0017,nominal_exit,codex_surrogate,true,sch_20260630_0017,nominal_exit,1,3,2,medium,false,Issuer-level surrogate that overlaps a gold-standard case; retained only as a validation check.
surrogate_auxiliary_nonoverlap_0063,surrogate_auxiliary_nonoverlap,海南高速公路股份有限公司,,,exp10_20260704_0156,nominal_exit,codex_surrogate,false,,,1,3,2,medium,true,Non-overlap issuer-level surrogate used only for validation-adjusted descriptive counts.
surrogate_overlap_check_0045,surrogate_overlap_check,海安开发区建设投资有限公司,,,sch_20260630_0137; sch_20260630_0141,nominal_exit,codex_surrogate,true,sch_20260630_0137,nominal_exit,2,3,3,medium,false,Issuer-level surrogate that overlaps a gold-standard case; retained only as a validation check.
surrogate_auxiliary_nonoverlap_0064,surrogate_auxiliary_nonoverlap,淮北市建投控股集团有限公司,,,exp6_20260703_0005,nominal_exit,codex_surrogate,false,,,1,3,3,medium,true,Non-overlap issuer-level surrogate used only for validation-adjusted descriptive counts.
surrogate_auxiliary_nonoverlap_0065,surrogate_auxiliary_nonoverlap,淮安市国有联合投资发展集团有限公司,,,sch_20260630_0010,nominal_exit,codex_surrogate,false,,,1,3,2,medium,true,Non-overlap issuer-level surrogate used only for validation-adjusted descriptive counts.
surrogate_overlap_check_0046,surrogate_overlap_check,淮安市投资控股集团有限公司,,,sch_20260630_0102,nominal_exit,codex_surrogate,true,expand_js_huaian_touzi,nominal_exit,1,3,2,medium,false,Issuer-level surrogate that overlaps a gold-standard case; retained only as a validation check.
surrogate_auxiliary_nonoverlap_0066,surrogate_auxiliary_nonoverlap,淮安市文化旅游集团股份有限公司,,,exp5_20260703_0030,nominal_exit,codex_surrogate,false,,,1,3,2,medium,true,Non-overlap issuer-level surrogate used only for validation-adjusted descriptive counts.
surrogate_auxiliary_nonoverlap_0067,surrogate_auxiliary_nonoverlap,淮安新城投资开发集团有限公司,,,exp2_20260703_0003,nominal_exit,codex_surrogate,false,,,1,3,2,medium,true,Non-overlap issuer-level surrogate used only for validation-adjusted descriptive counts.
surrogate_auxiliary_nonoverlap_0068,surrogate_auxiliary_nonoverlap,淮河能源控股集团有限责任公司,,,sch_20260630_0018,nominal_exit,codex_surrogate,false,,,1,3,3,medium,true,Non-overlap issuer-level surrogate used only for validation-adjusted descriptive counts.
surrogate_auxiliary_nonoverlap_0069,surrogate_auxiliary_nonoverlap,深圳国际控股有限公司,,,exp10_20260704_0013,nominal_exit,codex_surrogate,false,,,1,3,3,medium,true,Non-overlap issuer-level surrogate used only for validation-adjusted descriptive counts.
surrogate_auxiliary_nonoverlap_0070,surrogate_auxiliary_nonoverlap,深圳市地铁集团有限公司,,,exp8_20260703_0009,nominal_exit,codex_surrogate,false,,,1,3,3,medium,true,Non-overlap issuer-level surrogate used only for validation-adjusted descriptive counts.
surrogate_auxiliary_nonoverlap_0071,surrogate_auxiliary_nonoverlap,深圳市特区建设发展集团有限公司,,,pilot_gd_002,nominal_exit,codex_surrogate,false,,,1,3,3,medium,true,Non-overlap issuer-level surrogate used only for validation-adjusted descriptive counts.
surrogate_auxiliary_nonoverlap_0072,surrogate_auxiliary_nonoverlap,温州市交通运输集团有限公司,,,sch_20260630_0066,nominal_exit,codex_surrogate,false,,,1,3,2,medium,true,Non-overlap issuer-level surrogate used only for validation-adjusted descriptive counts.
surrogate_auxiliary_nonoverlap_0073,surrogate_auxiliary_nonoverlap,温州市工业与能源发展集团有限公司,,,sch_20260630_0031; sch_20260630_0095,nominal_exit,codex_surrogate,false,,,2,3,2,medium,true,Non-overlap issuer-level surrogate used only for validation-adjusted descriptive counts.
surrogate_auxiliary_nonoverlap_0074,surrogate_auxiliary_nonoverlap,湖北楚天智能交通股份有限公司,,,exp10_20260704_0192,nominal_exit,codex_surrogate,false,,,1,3,2,medium,true,Non-overlap issuer-level surrogate used only for validation-adjusted descriptive counts.
surrogate_auxiliary_nonoverlap_0075,surrogate_auxiliary_nonoverlap,湖北荆门城建集团有限公司,,,sch_20260630_0110,nominal_exit,codex_surrogate,false,,,1,3,3,medium,true,Non-overlap issuer-level surrogate used only for validation-adjusted descriptive counts.
surrogate_auxiliary_nonoverlap_0076,surrogate_auxiliary_nonoverlap,湖南省高速公路集团有限公司,,,exp10_20260704_0064,nominal_exit,codex_surrogate,false,,,1,3,3,medium,true,Non-overlap issuer-level surrogate used only for validation-adjusted descriptive counts.
surrogate_overlap_check_0047,surrogate_overlap_check,湖州莫干山国有资本控股集团有限公司,,,sch_20260630_0008,nominal_exit,codex_surrogate,true,sch_20260630_0008,nominal_exit,1,2,3,low,false,Issuer-level surrogate that overlaps a gold-standard case; retained only as a validation check.
surrogate_overlap_check_0048,surrogate_overlap_check,溧阳市城市建设发展集团有限公司,,,sch_20260630_0047,nominal_exit,codex_surrogate,true,sch_20260630_0047,nominal_exit,1,3,3,medium,false,Issuer-level surrogate that overlaps a gold-standard case; retained only as a validation check.
surrogate_overlap_check_0049,surrogate_overlap_check,益阳市交通投资运营集团有限公司,,,sch_20260630_0020,nominal_exit,codex_surrogate,true,expand_hn_yiyang_jiaotou,nominal_exit,1,3,3,medium,false,Issuer-level surrogate that overlaps a gold-standard case; retained only as a validation check.
surrogate_auxiliary_nonoverlap_0077,surrogate_auxiliary_nonoverlap,盐城东方投资开发集团有限公司,,,exp5_20260703_0034,nominal_exit,codex_surrogate,false,,,1,3,2,medium,true,Non-overlap issuer-level surrogate used only for validation-adjusted descriptive counts.
surrogate_overlap_check_0050,surrogate_overlap_check,盐城市城南新区开发建设投资有限公司,,,sch_20260630_0049,nominal_exit,codex_surrogate,true,expand_js_yancheng_chengnan,nominal_exit,1,3,3,medium,false,Issuer-level surrogate that overlaps a gold-standard case; retained only as a validation check.
surrogate_overlap_check_0051,surrogate_overlap_check,知识城(广州)投资集团有限公司,,,sch_20260630_0025; sch_20260630_0053,nominal_exit,codex_surrogate,true,sch_20260630_0025,nominal_exit,2,3,2,medium,false,Issuer-level surrogate that overlaps a gold-standard case; retained only as a validation check.
surrogate_overlap_check_0052,surrogate_overlap_check,石家庄市交通投资开发有限公司,,,sch_20260630_0151,nominal_exit,codex_surrogate,true,sch_20260630_0151,nominal_exit,1,3,3,medium,false,Issuer-level surrogate that overlaps a gold-standard case; retained only as a validation check.
surrogate_auxiliary_nonoverlap_0078,surrogate_auxiliary_nonoverlap,福州市城乡建总集团有限公司,,,exp6_20260703_0039,nominal_exit,codex_surrogate,false,,,1,3,3,medium,true,Non-overlap issuer-level surrogate used only for validation-adjusted descriptive counts.
surrogate_overlap_check_0053,surrogate_overlap_check,绍兴滨海新区控股集团有限公司,,,sch_20260630_0033,nominal_exit,codex_surrogate,true,sch_20260630_0033,nominal_exit,1,3,2,medium,false,Issuer-level surrogate that overlaps a gold-standard case; retained only as a validation check.
surrogate_overlap_check_0054,surrogate_overlap_check,苏州吴中国太发展有限公司,,,sch_20260630_0007,nominal_exit,codex_surrogate,true,sch_20260630_0007,nominal_exit,1,3,2,medium,false,Issuer-level surrogate that overlaps a gold-standard case; retained only as a validation check.
surrogate_overlap_check_0055,surrogate_overlap_check,苏州市相城城市建设投资(集团)有限公司,,,sch_20260630_0077,nominal_exit,codex_surrogate,true,expand_js_suzhou_xiangcheng,nominal_exit,1,3,3,medium,false,Issuer-level surrogate that overlaps a gold-standard case; retained only as a validation check.
surrogate_auxiliary_nonoverlap_0079,surrogate_auxiliary_nonoverlap,苏州市相城市政建设投资(集团)有限公司,,,exp6_20260703_0025,nominal_exit,codex_surrogate,false,,,1,3,2,medium,true,Non-overlap issuer-level surrogate used only for validation-adjusted descriptive counts.
surrogate_auxiliary_nonoverlap_0080,surrogate_auxiliary_nonoverlap,苏州市轨道交通集团有限公司,,,sch_20260630_0063,nominal_exit,codex_surrogate,false,,,1,3,2,medium,true,Non-overlap issuer-level surrogate used only for validation-adjusted descriptive counts.
surrogate_auxiliary_nonoverlap_0081,surrogate_auxiliary_nonoverlap,苏州苏高新集团有限公司,,,exp8_20260703_0212,nominal_exit,codex_surrogate,false,,,1,3,2,medium,true,Non-overlap issuer-level surrogate used only for validation-adjusted descriptive counts.
surrogate_overlap_check_0056,surrogate_overlap_check,荆门市城市建设投资有限公司,,,sch_20260630_0164,nominal_exit,codex_surrogate,true,expand_hb_jingmen_chengtou,nominal_exit,1,3,3,medium,false,Issuer-level surrogate that overlaps a gold-standard case; retained only as a validation check.
surrogate_auxiliary_nonoverlap_0082,surrogate_auxiliary_nonoverlap,荆门高新技术产业开发有限责任公司,,,exp8_20260703_0087,nominal_exit,codex_surrogate,false,,,1,3,3,medium,true,Non-overlap issuer-level surrogate used only for validation-adjusted descriptive counts.
surrogate_overlap_check_0057,surrogate_overlap_check,蚌埠市城市投资控股有限公司,,,exp_20260703_0001,nominal_exit,codex_surrogate,true,exp_20260703_0001,nominal_exit,1,3,3,medium,false,Issuer-level surrogate that overlaps a gold-standard case; retained only as a validation check.
surrogate_auxiliary_nonoverlap_0083,surrogate_auxiliary_nonoverlap,西宁城市发展有限公司,,,sch_20260630_0041,nominal_exit,codex_surrogate,false,,,1,3,2,medium,true,Non-overlap issuer-level surrogate used only for validation-adjusted descriptive counts.
surrogate_auxiliary_nonoverlap_0084,surrogate_auxiliary_nonoverlap,西部(重庆)科学城江津园区开发建设集团有限公司,,,sch_20260630_0168,nominal_exit,codex_surrogate,false,,,1,3,2,medium,true,Non-overlap issuer-level surrogate used only for validation-adjusted descriptive counts.
surrogate_overlap_check_0058,surrogate_overlap_check,许昌市城投发展集团有限公司,,,exp2_20260703_0001,nominal_exit,codex_surrogate,true,exp2_20260703_0001,nominal_exit,1,3,3,medium,false,Issuer-level surrogate that overlaps a gold-standard case; retained only as a validation check.
surrogate_auxiliary_nonoverlap_0085,surrogate_auxiliary_nonoverlap,贵州高速公路集团有限公司,,,exp10_20260704_0071,nominal_exit,codex_surrogate,false,,,1,3,3,medium,true,Non-overlap issuer-level surrogate used only for validation-adjusted descriptive counts.
surrogate_auxiliary_nonoverlap_0086,surrogate_auxiliary_nonoverlap,重庆市永川区惠通建设发展有限公司,,,sch_20260630_0119; sch_20260630_0126,nominal_exit,codex_surrogate,false,,,2,3,2,medium,true,Non-overlap issuer-level surrogate used only for validation-adjusted descriptive counts.
surrogate_auxiliary_nonoverlap_0087,surrogate_auxiliary_nonoverlap,重庆市江津区滨江新城开发建设集团有限公司,,,sch_20260630_0167,nominal_exit,codex_surrogate,false,,,1,3,2,medium,true,Non-overlap issuer-level surrogate used only for validation-adjusted descriptive counts.
surrogate_auxiliary_nonoverlap_0088,surrogate_auxiliary_nonoverlap,重庆市江津区珞璜开发建设有限公司,,,sch_20260630_0094,nominal_exit,codex_surrogate,false,,,1,3,3,medium,true,Non-overlap issuer-level surrogate used only for validation-adjusted descriptive counts.
surrogate_auxiliary_nonoverlap_0089,surrogate_auxiliary_nonoverlap,镇江文化广电产业集团有限公司,,,exp8_20260703_0034,nominal_exit,codex_surrogate,false,,,1,3,2,medium,true,Non-overlap issuer-level surrogate used only for validation-adjusted descriptive counts.
surrogate_auxiliary_nonoverlap_0090,surrogate_auxiliary_nonoverlap,镇江文化旅游产业集团有限责任公司,,,exp8_20260703_0088,nominal_exit,codex_surrogate,false,,,1,3,2,medium,true,Non-overlap issuer-level surrogate used only for validation-adjusted descriptive counts.
surrogate_auxiliary_nonoverlap_0091,surrogate_auxiliary_nonoverlap,长沙天心城市发展集团有限公司,,,sch_20260630_0024,nominal_exit,codex_surrogate,false,,,1,3,2,medium,true,Non-overlap issuer-level surrogate used only for validation-adjusted descriptive counts.
surrogate_auxiliary_nonoverlap_0092,surrogate_auxiliary_nonoverlap,陕西交通控股集团有限公司,,,sch_20260630_0034,nominal_exit,codex_surrogate,false,,,1,3,3,medium,true,Non-overlap issuer-level surrogate used only for validation-adjusted descriptive counts.
surrogate_auxiliary_nonoverlap_0093,surrogate_auxiliary_nonoverlap,陕西建工控股集团有限公司,,,sch_20260630_0072; sch_20260630_0123; sch_20260630_0153; sch_20260630_0171,nominal_exit,codex_surrogate,false,,,4,3,3,medium,true,Non-overlap issuer-level surrogate used only for validation-adjusted descriptive counts.
surrogate_overlap_check_0059,surrogate_overlap_check,青岛上合控股发展集团有限公司,,,sch_20260630_0175,nominal_exit,codex_surrogate,true,sch_20260630_0175,nominal_exit,1,3,3,medium,false,Issuer-level surrogate that overlaps a gold-standard case; retained only as a validation check.
surrogate_auxiliary_nonoverlap_0094,surrogate_auxiliary_nonoverlap,青岛国信发展(集团)有限责任公司,,,exp8_20260703_0017,nominal_exit,codex_surrogate,false,,,1,3,3,medium,true,Non-overlap issuer-level surrogate used only for validation-adjusted descriptive counts.
surrogate_auxiliary_nonoverlap_0095,surrogate_auxiliary_nonoverlap,青岛胶州湾发展集团有限公司,,,sch_20260630_0145,nominal_exit,codex_surrogate,false,,,1,3,2,medium,true,Non-overlap issuer-level surrogate used only for validation-adjusted descriptive counts.
surrogate_auxiliary_nonoverlap_0096,surrogate_auxiliary_nonoverlap,鹰潭市国有控股集团有限公司,,,exp8_20260703_0021,nominal_exit,codex_surrogate,false,,,1,3,3,medium,true,Non-overlap issuer-level surrogate used only for validation-adjusted descriptive counts.
surrogate_auxiliary_nonoverlap_0097,surrogate_auxiliary_nonoverlap,黄山旅游集团有限公司,,,exp8_20260703_0250,nominal_exit,codex_surrogate,false,,,1,3,2,medium,true,Non-overlap issuer-level surrogate used only for validation-adjusted descriptive counts.
surrogate_overlap_check_0060,surrogate_overlap_check,黄石市东楚投资集团有限公司,,,sch_20260630_0054,nominal_exit,codex_surrogate,true,sch_20260630_0054,nominal_exit,1,3,2,medium,false,Issuer-level surrogate that overlaps a gold-standard case; retained only as a validation check.
surrogate_overlap_check_0061,surrogate_overlap_check,黄石市城市发展投资集团有限公司,,,sch_20260630_0116; sch_20260630_0122; sch_20260630_0124; sch_20260630_0138; sch_20260630_0140; sch_20260630_0143; sch_20260630_0166,nominal_exit,codex_surrogate,true,expand_hb_huangshi_chengfa,nominal_exit,7,3,3,medium,false,Issuer-level surrogate that overlaps a gold-standard case; retained only as a validation check.
