pool_id,pool_source,source_row_id,validation_status,case_pool_status,province,city,issuer_name,platform,source_doc_count,source_url,announcement_title,announcement_type,instrument_type,candidate_priority,historical_capacity_bin,debt_pressure_status,land_finance_dependence_status,llm_label_status,llm_label,llm_confidence,human_review_status,notes
master_0001,master_case_pool,pilot_js_002,human_validated,human_validated,Jiangsu,Suzhou,苏州城市建设投资发展集团有限公司,苏州城市建设投资发展集团有限公司,11,src_js_sz_002,,,,curated,high,not_collected,not_collected,gold_standard,,,human_validated,New validated case added in the June 30 expansion; strongest high historical-capacity nominal-exit contrast against Ningbo substantive exit and Guangzhou fiscal substitution.
master_0002,master_case_pool,pilot_gd_001,human_validated,human_validated,Guangdong,Guangzhou,广州市城市建设投资集团有限公司,广州市城市建设投资集团有限公司,4,src_gd_gz_004;src_gd_gz_005;src_gd_gz_006;src_gd_gz_007,,,,curated,high,not_collected,not_collected,gold_standard,,,human_validated,Use as second human-validated pilot label and contrast case against Xi'an Hi-tech.
master_0003,master_case_pool,pilot_gd_001_alt_metro,not_validated,llm_candidate_ready,Guangdong,Guangzhou,广州地铁集团有限公司,广州地铁集团有限公司,10,src_gd_gz_003,,,,curated,high,not_collected,not_collected,pending,,,not_validated,
master_0004,master_case_pool,pilot_zj_002,human_validated,human_validated,Zhejiang,Ningbo,宁波开发投资集团有限公司,宁波开发投资集团有限公司,1,src_zj_nb_001,,,,curated,high,not_collected,not_collected,gold_standard,,,human_validated,New validated case added in the June 28 expansion; useful as a high historical-capacity substantive-exit case.
master_0005,master_case_pool,pilot_zj_001,human_validated,human_validated,Zhejiang,Hangzhou,杭州市城市建设投资集团有限公司,杭州市城市建设投资集团有限公司,2,src_zj_hz_001,,,,curated,high,not_collected,not_collected,gold_standard,,,human_validated,Use as third human-validated pilot label to complete initial contrast among nominal exit substantive exit and functional transfer.
master_0006,master_case_pool,pilot_sd_001,human_validated,human_validated,Shandong,Jinan,济南城市投资集团有限公司,济南城市投资集团有限公司,1,src_sd_jn_001,,,,curated,high,not_collected,not_collected,gold_standard,,,human_validated,New high historical-capacity validated case with nominal-exit features.
master_0007,master_case_pool,expand_sd_jinan_chengjian,human_validated,human_validated,Shandong,Jinan,济南城市建设集团有限公司,济南城市建设集团有限公司,9,src_sd_jn_chengjian_001,,,,curated,high,not_collected,not_collected,gold_standard,,,human_validated,New same-city second-platform validated case for Jinan; useful for checking whether city-level capacity predicts platform-level institutional fate consistently.
master_0008,master_case_pool,expand_fj_fuzhou_chengtou,human_validated,human_validated,Fujian,Fuzhou,福州城市建设投资集团有限公司,福州城市建设投资集团有限公司,10,src_fj_fz_chengtou_001,,,,curated,low,not_collected,not_collected,gold_standard,,,human_validated,New Fujian provincial-capital validated case; useful as a formal fiscal-substitution contrast to nominal-exit cases.
master_0009,master_case_pool,expand_xj_urumqi_chengtou,human_validated,human_validated,Xinjiang,Urumqi,乌鲁木齐城市建设投资(集团)有限公司,乌鲁木齐城市建设投资(集团)有限公司,9,src_xj_wlmq_chengtou_001,,,,curated,low,not_collected,not_collected,gold_standard,,,human_validated,New Xinjiang western-capital validated case; useful as a low-capacity/high-fiscal-dependence nominal-exit comparison.
master_0010,master_case_pool,pilot_js_001,not_validated,candidate_not_started,Jiangsu,Nanjing,,,0,,,,,curated,high,not_collected,not_collected,pending,,,not_validated,
master_0011,master_case_pool,pilot_js_001_alt_metro,not_validated,llm_candidate_ready,Jiangsu,Nanjing,南京地铁集团有限公司,南京地铁集团有限公司,7,src_js_nj_002,,,,curated,high,not_collected,not_collected,pending,,,not_validated,
master_0012,master_case_pool,pilot_gd_003,human_validated,human_validated,Guangdong,Foshan,佛山市建设发展集团有限公司,佛山市建设发展集团有限公司,1,src_gd_fs_001,,,,curated,high,not_collected,not_collected,gold_standard,,,human_validated,New validated case added in the June 28 expansion; useful for high-capacity functional transfer.
master_0013,master_case_pool,pilot_gz_001,not_validated,candidate_not_started,Guizhou,Guiyang,,,0,,,,,curated,high,targeted_for_collection,not_collected,pending,,,not_validated,
master_0014,master_case_pool,pilot_gz_001_alt_chengfa,not_validated,source_started,Guizhou,Guiyang,贵阳市城市发展投资集团股份有限公司,贵阳市城市发展投资集团股份有限公司,0,,,,,curated,high,not_collected,not_collected,pending,,,not_validated,
master_0015,master_case_pool,pilot_gz_001_alt_rail,not_validated,source_started,Guizhou,Guiyang,贵阳市交通运营集团有限公司,贵阳市交通运营集团有限公司,0,,,,,curated,high,not_collected,not_collected,pending,,,not_validated,
master_0016,master_case_pool,pilot_hn_001,not_validated,candidate_not_started,Hunan,Changsha,,,0,,,,,curated,high,not_collected,not_collected,pending,,,not_validated,
master_0017,master_case_pool,pilot_sc_001,human_validated,human_validated,Sichuan,Chengdu,成都城建投资管理集团有限责任公司,成都城建投资管理集团有限责任公司,1,src_sc_cd_002,,,,curated,high,not_collected,not_collected,gold_standard,,,human_validated,Use as fourth human-validated pilot label and as a second nominal-exit case with stronger fiscal-compliance language than Xi'an.
master_0018,master_case_pool,pilot_sd_003,not_validated,candidate_not_started,Shandong,Weifang,,,0,,,,,curated,high,not_collected,not_collected,pending,,,not_validated,
master_0019,master_case_pool,pilot_sn_xian_hightech,human_validated,human_validated,Shaanxi,Xian,西安高新控股有限公司,西安高新控股有限公司,12,src_sn_xa_001;src_sn_xa_002,,,,curated,middle,not_collected,not_collected,gold_standard,,,human_validated,Use as first human-validated pilot label; keep searching for the 2012 government exit-list document before treating the exit event as directly government-confirmed.
master_0020,master_case_pool,pilot_zj_004,not_validated,candidate_not_started,Zhejiang,Jinhua,,,0,,,,,curated,middle,not_collected,not_collected,pending,,,not_validated,
master_0021,master_case_pool,pilot_zj_003,human_validated,human_validated,Zhejiang,Wenzhou,温州市名城建设投资集团有限公司,温州市名城建设投资集团有限公司,1,src_zj_wz_001,,,,curated,middle,not_collected,not_collected,gold_standard,,,human_validated,New validated case added in the June 28 expansion; helps separate issuer-level compliance from group-level public functions.
master_0022,master_case_pool,pilot_sc_004,not_validated,candidate_not_started,Sichuan,Nanchong,,,0,,,,,curated,middle,not_collected,not_collected,pending,,,not_validated,
master_0023,master_case_pool,pilot_hn_003,not_validated,candidate_not_started,Hunan,Yueyang,,,0,,,,,curated,middle,not_collected,not_collected,pending,,,not_validated,
master_0024,master_case_pool,pilot_yn_001,not_validated,candidate_not_started,Yunnan,Kunming,,,0,,,,,curated,middle,targeted_for_collection,not_collected,pending,,,not_validated,
master_0025,master_case_pool,pilot_hn_004,human_validated,human_validated,Hunan,Hengyang,衡阳市城市建设投资有限公司,衡阳市城市建设投资有限公司,1,src_hn_hy_001,,,,curated,middle,not_collected,not_collected,gold_standard,,,human_validated,New strongest validated case in the expansion because it has direct exit re-entry and transfer-out language.
master_0026,master_case_pool,pilot_sd_002,human_validated,human_validated,Shandong,Qingdao,青岛城市建设投资(集团)有限责任公司,青岛城市建设投资(集团)有限责任公司,7,src_sd_qd_002,,,,curated,middle,not_collected,not_collected,gold_standard,,,human_validated,New validated case added in the June 30 expansion; middle-capacity coastal nominal-exit case between Suzhou and weaker debt-pressure cases.
master_0027,master_case_pool,pilot_yn_003,not_validated,candidate_not_started,Yunnan,Yuxi,,,0,,,,,curated,middle,not_collected,not_collected,pending,,,not_validated,
master_0028,master_case_pool,pilot_sc_002,not_validated,candidate_not_started,Sichuan,Mianyang,,,0,,,,,curated,middle,not_collected,not_collected,pending,,,not_validated,
master_0029,master_case_pool,pilot_sd_004,not_validated,candidate_not_started,Shandong,Linyi,,,0,,,,,curated,middle,not_collected,not_collected,pending,,,not_validated,
master_0030,master_case_pool,pilot_sc_003,human_validated,human_validated,Sichuan,Luzhou,泸州市兴泸投资集团有限公司,泸州市兴泸投资集团有限公司,22,src_sc_lz_xinglu_001;src_sc_lz_xinglu_002;src_sc_lz_xinglu_003;src_sc_lz_xinglu_004;src_sc_lz_xinglu_005,,,,curated,low,not_collected,not_collected,gold_standard,,,human_validated,New validated case added in the June 30 expansion; low historical-capacity western nominal-exit case with unusually rich cross-time source coverage.
master_0031,master_case_pool,pilot_hn_002,human_validated,human_validated,Hunan,Zhuzhou,株洲市国有资产投资控股集团有限公司,株洲市国有资产投资控股集团有限公司,6,src_hn_zz_002,,,,curated,low,not_collected,not_collected,gold_standard,,,human_validated,Use as fifth human-validated pilot label and first low historical-capacity non-Guizhou nominal-exit case.
master_0032,master_case_pool,pilot_yn_004,not_validated,candidate_not_started,Yunnan,Honghe,,,0,,,,,curated,low,not_collected,not_collected,pending,,,not_validated,
master_0033,master_case_pool,pilot_gz_004,not_validated,candidate_not_started,Guizhou,Bijie,,,0,,,,,curated,low,targeted_for_collection,not_collected,pending,,,not_validated,
master_0034,master_case_pool,pilot_gz_002,not_validated,source_started,Guizhou,Zunyi,遵义道桥建设集团有限公司,遵义道桥建设集团有限公司,7,src_gz_zy_002;src_gz_zy_003,,,,curated,low,targeted_for_collection,not_collected,pending,,,not_validated,
master_0035,master_case_pool,pilot_yn_002,not_validated,candidate_not_started,Yunnan,Qujing,,,0,,,,,curated,low,not_collected,not_collected,pending,,,not_validated,
master_0036,master_case_pool,pilot_js_004,human_validated,human_validated,Jiangsu,Xuzhou,徐州市新盛投资控股集团有限公司,徐州市新盛投资控股集团有限公司,1,src_js_xz_001,,,,curated,low,not_collected,not_collected,gold_standard,,,human_validated,New low historical-capacity validated case; useful for the nominal-exit mechanism.
master_0037,master_case_pool,pilot_gd_004,not_validated,candidate_not_started,Guangdong,Zhanjiang,,,0,,,,,curated,low,not_collected,not_collected,pending,,,not_validated,
master_0038,master_case_pool,pilot_js_003,human_validated,human_validated,Jiangsu,Yancheng,盐城市城市资产投资集团有限公司,盐城市城市资产投资集团有限公司,1,src_js_yc_001,,,,curated,low,not_collected,not_collected,gold_standard,,,human_validated,New low historical-capacity validated case; pairs with Xuzhou as a northern Jiangsu comparison.
master_0039,master_case_pool,pilot_gd_002,not_validated,llm_candidate_ready,Guangdong,Shenzhen,深圳市特区建设发展集团有限公司,深圳市特区建设发展集团有限公司,8,src_gd_sz_002,,,,curated,low,not_collected,not_collected,pending,,,not_validated,
master_0040,master_case_pool,pilot_gz_003,not_validated,llm_candidate_ready,Guizhou,Liupanshui,六盘水市开发投资有限公司,六盘水市开发投资有限公司,5,src_gz_lps_002;src_gz_lps_003,,,,curated,low,targeted_for_collection,not_collected,pending,,,not_validated,
master_0041,master_case_pool,expand_zj_yuyao_chengtou,human_validated,human_validated,Zhejiang,Yuyao,余姚市城市建设投资发展有限公司,余姚市城市建设投资发展有限公司,9,src_zj_yy_chengtou_001,,,,curated,,not_collected,not_collected,gold_standard,,,human_validated,New Zhejiang county-level coastal validated case; useful for distinguishing formal fiscal compliance from continued platform use in a stronger local fiscal environment.
master_0042,master_case_pool,expand_js_taizhou_jindong,human_validated,human_validated,Jiangsu,Taizhou,泰州市金东城市建设投资集团有限公司,泰州市金东城市建设投资集团有限公司,7,src_js_tz_jindong_001,,,,curated,,not_collected,not_collected,gold_standard,,,human_validated,New Jiangsu prefecture-level validated case; useful as a clear functional-transfer example because the prospectus documents post-2018 project-management and settlement restructuring.
master_0043,master_case_pool,expand_hlj_harbin_chengtou,human_validated,human_validated,Heilongjiang,Harbin,哈尔滨市城市建设投资集团有限公司,哈尔滨市城市建设投资集团有限公司,7,src_hlj_hrb_chengtou_001,,,,curated,,not_collected,not_collected,gold_standard,,,human_validated,New Northeast provincial-capital high-confidence exit-list case.
master_0044,master_case_pool,expand_hb_xiaogan_chengtou,human_validated,human_validated,Hubei,Xiaogan,孝感市城市建设投资公司,孝感市城市建设投资公司,8,src_hb_xg_chengtou_001,,,,curated,,not_collected,not_collected,gold_standard,,,human_validated,New central-prefecture functional-transfer and fiscal-substitution case.
master_0045,master_case_pool,expand_tj_jinghai_chengtou,human_validated,human_validated,Tianjin,Jinghai,天津市静海城市基础设施建设投资集团有限公司,天津市静海城市基础设施建设投资集团有限公司,9,src_tj_jh_chengtou_001,,,,curated,,targeted_for_collection,not_collected,gold_standard,,,human_validated,New Tianjin district high-confidence direct platform-list exit case.
master_0046,master_case_pool,expand_jx_zhanggong_jiantou,human_validated,human_validated,Jiangxi,Ganzhou Zhanggong,赣州市章贡区建设投资集团有限公司,赣州市章贡区建设投资集团有限公司,9,src_jx_zg_jiantou_001,,,,curated,,not_collected,not_collected,gold_standard,,,human_validated,New Jiangxi core-district nominal-exit case with unusually rich fiscal-settlement and transfer-loan evidence.
master_0047,master_case_pool,expand_zj_wenling_guotou,human_validated,human_validated,Zhejiang,Wenling,温岭市国有资产投资集团有限公司,温岭市国有资产投资集团有限公司,6,src_zj_wl_guotou_001,,,,curated,,not_collected,not_collected,gold_standard,,,human_validated,New Zhejiang county-level functional-transfer case; useful as a fiscal-project-funding contrast to nominal-exit cases.
master_0048,master_case_pool,expand_js_yixing_chengfa,human_validated,human_validated,Jiangsu,Yixing,宜兴市城市发展投资有限公司,宜兴市城市发展投资有限公司,7,src_js_yx_chengfa_001,,,,curated,,not_collected,not_collected,gold_standard,,,human_validated,New Jiangsu county-level functional-transfer case; useful as a high-capacity fiscal-management example.
master_0049,master_case_pool,expand_fj_fuzhou_guozi,human_validated,human_validated,Fujian,Fuzhou,福州国有资本投资运营集团有限公司,福州国有资本投资运营集团有限公司,8,src_fj_fz_guozi_001,,,,curated,low,not_collected,not_collected,gold_standard,,,human_validated,New Fuzhou state-capital-operation case; useful paired with the existing Fuzhou Chengtou case to show within-city differentiation across platforms.
master_0050,master_case_pool,expand_js_zhenjiang_industry,human_validated,human_validated,Jiangsu,Zhenjiang,镇江产业投资控股集团有限公司,镇江产业投资控股集团有限公司,7,src_js_zhenjiang_industry_001,,,,curated,,not_collected,not_collected,gold_standard,,,human_validated,New Jiangsu boundary case; useful for distinguishing nominal exit from partial functional transfer.
master_0051,master_case_pool,expand_js_jiangning_guozi,human_validated,human_validated,Jiangsu,Nanjing Jiangning,南京江宁国有资产经营集团有限公司,南京江宁国有资产经营集团有限公司,9,src_js_jiangning_guozi_001,,,,curated,,not_collected,not_collected,gold_standard,,,human_validated,New high-confidence Jiangsu district nominal-exit case.
master_0052,master_case_pool,expand_js_changshu_invest,human_validated,human_validated,Jiangsu,Changshu,常熟市投资控股集团有限公司,常熟市投资控股集团有限公司,2,src_js_changshu_invest_001,,,,curated,,not_collected,not_collected,gold_standard,,,human_validated,New Jiangsu county-level functional-transfer case; useful counterweight to high-confidence nominal cases.
master_0053,master_case_pool,expand_ah_suzhou_chengtou,human_validated,human_validated,Anhui,Suzhou,宿州市城市建设投资集团(控股)有限公司,宿州市城市建设投资集团(控股)有限公司,8,src_ah_suzhou_chengtou_001,,,,curated,,not_collected,not_collected,gold_standard,,,human_validated,New Anhui validated case from the June 30 Shanghai Clearing candidate harvest; useful as a high-priority nominal-exit example in an inland prefecture.
master_0054,master_case_pool,expand_hb_huangshi_chengfa,human_validated,human_validated,Hubei,Huangshi,黄石市城市发展投资集团有限公司,黄石市城市发展投资集团有限公司,9,src_hb_huangshi_chengfa_001,,,,curated,,not_collected,not_collected,gold_standard,,,human_validated,New Hubei validated case from the June 30 Shanghai Clearing candidate harvest; useful as a central-prefecture nominal-exit case with explicit fiscal-dependence evidence.
master_0055,master_case_pool,expand_js_yancheng_chengnan,human_validated,human_validated,Jiangsu,Yancheng,盐城市城南新区开发建设投资有限公司,盐城市城南新区开发建设投资有限公司,7,src_js_yancheng_chengnan_001,,,,curated,,not_collected,not_collected,gold_standard,,,human_validated,New Yancheng same-city expansion case; useful for comparing district-level development platforms with the existing Yancheng City Asset case.
master_0056,master_case_pool,expand_js_suzhou_xiangcheng,human_validated,human_validated,Jiangsu,Suzhou Xiangcheng,苏州市相城城市建设投资(集团)有限公司,苏州市相城城市建设投资(集团)有限公司,9,src_js_suzhou_xiangcheng_001,,,,curated,,not_collected,not_collected,gold_standard,,,human_validated,New Suzhou district validated case; useful high-capacity nominal-exit comparison to Suzhou city-level and Ningbo/Guangzhou cases.
master_0057,master_case_pool,expand_sd_linyi_chengtou,human_validated,human_validated,Shandong,Linyi,临沂城市建设投资集团有限公司,临沂城市建设投资集团有限公司,9,src_sd_linyi_chengtou_001,,,,curated,,not_collected,not_collected,gold_standard,,,human_validated,New Shandong prefecture-level nominal-exit case; useful for expanding the inland/coastal comparison outside Jiangsu and Zhejiang.
master_0058,master_case_pool,expand_jx_jian_chengtou,human_validated,human_validated,Jiangxi,Ji'an,吉安市城市建设投资开发有限公司,吉安市城市建设投资开发有限公司,8,src_jx_jian_chengtou_001,,,,curated,,not_collected,not_collected,gold_standard,,,human_validated,New Jiangxi inland nominal-exit case; useful for low- and middle-capacity comparison with stronger coastal cases.
master_0059,master_case_pool,expand_hen_luoyang_chengxiang,human_validated,human_validated,Henan,Luoyang,洛阳城乡建设投资集团有限公司,洛阳城乡建设投资集团有限公司,12,src_hen_luoyang_chengxiang_001,,,,curated,,not_collected,not_collected,gold_standard,,,human_validated,New Henan nominal-exit case; useful for expanding the inland validated sample.
master_0060,master_case_pool,expand_js_zhangjiagang_chengtou,human_validated,human_validated,Jiangsu,Zhangjiagang,张家港市城市投资发展集团有限公司,张家港市城市投资发展集团有限公司,9,src_js_zhangjiagang_chengtou_001,,,,curated,,not_collected,not_collected,gold_standard,,,human_validated,New Zhangjiagang validated case from the June 30 Shanghai Clearing expansion; useful as a high-capacity county-level nominal-exit case.
master_0061,master_case_pool,expand_tj_jinnan_chengtou,human_validated,human_validated,Tianjin,Tianjin Jinnan,天津津南城市建设投资有限公司,天津津南城市建设投资有限公司,11,src_tj_jinnan_chengtou_001,,,,curated,,not_collected,not_collected,gold_standard,,,human_validated,New Tianjin district validated case; useful for showing persistent platform functions even under explicit marketized-operation language.
master_0062,master_case_pool,expand_ah_luan_chengtou,human_validated,human_validated,Anhui,Lu'an,六安城市建设投资有限公司,六安城市建设投资有限公司,7,src_ah_luan_chengtou_001,,,,curated,,not_collected,not_collected,gold_standard,,,human_validated,New Anhui validated case; useful as an inland prefecture nominal-exit example with explicit delegated-construction evidence.
master_0063,master_case_pool,expand_js_taizhou_chengtou,human_validated,human_validated,Jiangsu,Taizhou,泰州市城市建设投资集团有限公司,泰州市城市建设投资集团有限公司,7,src_js_taizhou_chengtou_001,,,,curated,,not_collected,not_collected,gold_standard,,,human_validated,New Jiangsu validated case; useful for distinguishing rhetorical marketization from substantive exit in an upper-tier city platform.
master_0064,master_case_pool,expand_jx_jingdezhen_chengtou,human_validated,human_validated,Jiangxi,Jingdezhen,景德镇市城市建设投资集团有限责任公司,景德镇市城市建设投资集团有限责任公司,7,src_jx_jingdezhen_chengtou_001,,,,curated,,not_collected,not_collected,gold_standard,,,human_validated,New Jiangxi validated case from the Shanghai Clearing expansion; useful for inland nominal-exit evidence with land-preparation and resettlement functions.
master_0065,master_case_pool,expand_hb_jingmen_chengtou,human_validated,human_validated,Hubei,Jingmen,荆门市城市建设投资有限公司,荆门市城市建设投资有限公司,10,src_hb_jingmen_chengtou_001,,,,curated,,not_collected,not_collected,gold_standard,,,human_validated,New Hubei validated case; useful as a central-China nominal-exit case with unusually explicit government purchase and affordable-housing repayment evidence.
master_0066,master_case_pool,expand_jx_shangrao_chengtou,human_validated,human_validated,Jiangxi,Shangrao,上饶市城市建设投资开发集团有限公司,上饶市城市建设投资开发集团有限公司,7,src_jx_shangrao_chengtou_001,,,,curated,,not_collected,not_collected,gold_standard,,,human_validated,New Jiangxi validated case; useful for comparing low- and middle-capacity prefectures where formal compliance coexists with continuing land and infrastructure functions.
master_0067,master_case_pool,expand_js_huaian_touzi,human_validated,human_validated,Jiangsu,Huai'an,淮安市投资控股集团有限公司,淮安市投资控股集团有限公司,8,src_js_huaian_touzi_001,,,,curated,,not_collected,not_collected,gold_standard,,,human_validated,New Jiangsu validated case; one of the stronger direct formal-exit cases in the expanded sample.
master_0068,master_case_pool,expand_hn_yiyang_jiaotou,human_validated,human_validated,Hunan,Yiyang,益阳市交通投资运营集团有限公司,益阳市交通投资运营集团有限公司,9,src_hn_yiyang_jiaotou_001,,,,curated,,not_collected,not_collected,gold_standard,,,human_validated,New Hunan validated case; useful for observing how formal transformation to SASAC ownership can coexist with continuing fiscal buyback and delegated construction.
master_0069,master_case_pool,expand_js_xinghua_guotou,human_validated,human_validated,Jiangsu,Xinghua,泰州市兴化国有资产投资控股有限公司,泰州市兴化国有资产投资控股有限公司,9,src_js_xinghua_guotou_001,,,,curated,,not_collected,not_collected,gold_standard,,,human_validated,New Jiangsu county-level validated case; useful for high-capacity nominal exit outside large prefecture-level city governments.
master_0070,master_case_pool,expand_sc_leshan_guozi,human_validated,human_validated,Sichuan,Leshan,乐山国有资产投资运营(集团)有限公司,乐山国有资产投资运营(集团)有限公司,7,src_sc_leshan_guozi_001,,,,curated,,not_collected,not_collected,gold_standard,,,human_validated,New Sichuan direct-transfer-out case; useful as a strong nominal-exit example with rich continued-function evidence.
master_0071,master_case_pool,expand_sd_dezhou_deda,human_validated,human_validated,Shandong,Dezhou,德州德达投资控股集团有限公司,德州德达投资控股集团有限公司,7,src_sd_dezhou_deda_001,,,,curated,,not_collected,not_collected,gold_standard,,,human_validated,New Shandong direct formal-exit case; useful for showing nominal exit even when platform loans were formally rectified.
master_0072,master_case_pool,expand_jx_fuzhou_guozi,human_validated,human_validated,Jiangxi,Fuzhou,抚州市市属国有资产投资控股集团有限公司,抚州市市属国有资产投资控股集团有限公司,7,src_jx_fuzhou_guozi_001,,,,curated,,not_collected,not_collected,gold_standard,,,human_validated,New Jiangxi prefecture-level validated case; useful as a low- to middle-capacity nominal-exit case with unusually detailed government buyback evidence.
harvest_0001,shclearing_harvest_broad,sch_20260630_0001,not_validated,candidate_harvest,,,四川省乡村发展集团有限公司,四川省乡村发展集团有限公司,1,https://www.shclearing.com.cn/xxpl/fxpl/mtn/202606/t20260630_1817276.html,四川省乡村发展集团有限公司2026年度第一期中期票据发行披露文件,issuance_packet,mtn,low,,not_collected,not_collected,pending,,,not_reviewed,
harvest_0002,shclearing_harvest_broad,sch_20260630_0002,not_validated,candidate_harvest,,,泰州市兴化国有资产投资控股有限公司,泰州市兴化国有资产投资控股有限公司,1,https://www.shclearing.com.cn/xxpl/fxpl/mtn/202606/t20260630_1817135.html,泰州市兴化国有资产投资控股有限公司2026年度第二期中期票据发行文件,issuance_packet,mtn,medium,,not_collected,not_collected,pending,,,not_reviewed,
harvest_0003,shclearing_harvest_broad,sch_20260630_0003,not_validated,candidate_harvest,,,珠海港控股集团有限公司,珠海港控股集团有限公司,1,https://www.shclearing.com.cn/xxpl/fxpl/mtn/202606/t20260630_1817249.html,珠海港控股集团有限公司2026年度第四期中期票据发行文件,issuance_packet,mtn,low,,not_collected,not_collected,pending,,,not_reviewed,
harvest_0004,shclearing_harvest_broad,sch_20260630_0004,not_validated,candidate_harvest,,,厦门金圆投资集团有限公司,厦门金圆投资集团有限公司,1,https://www.shclearing.com.cn/xxpl/fxpl/mtn/202606/t20260630_1817130.html,厦门金圆投资集团有限公司2026年度第二期中期票据发行文件,issuance_packet,mtn,low,,not_collected,not_collected,pending,,,not_reviewed,
harvest_0005,shclearing_harvest_broad,sch_20260630_0005,not_validated,candidate_harvest,,,河北顺德投资集团有限公司,河北顺德投资集团有限公司,1,https://www.shclearing.com.cn/xxpl/fxpl/mtn/202606/t20260629_1816393.html,河北顺德投资集团有限公司2026年度第二期中期票据发行文件,issuance_packet,mtn,low,,not_collected,not_collected,pending,,,not_reviewed,
harvest_0006,shclearing_harvest_broad,sch_20260630_0006,not_validated,candidate_harvest,,,济南高新控股集团有限公司,济南高新控股集团有限公司,1,https://www.shclearing.com.cn/xxpl/fxpl/mtn/202606/t20260629_1816208.html,济南高新控股集团有限公司2026年度第四期中期票据发行文件,issuance_packet,mtn,low,,not_collected,not_collected,pending,,,not_reviewed,
harvest_0007,shclearing_harvest_broad,sch_20260630_0007,not_validated,candidate_harvest,,,苏州吴中国太发展有限公司,苏州吴中国太发展有限公司,1,https://www.shclearing.com.cn/xxpl/fxpl/mtn/202606/t20260629_1816424.html,苏州吴中国太发展有限公司2026年度第三期中期票据发行材料,issuance_packet,mtn,low,,not_collected,not_collected,pending,,,not_reviewed,
harvest_0008,shclearing_harvest_broad,sch_20260630_0008,not_validated,candidate_harvest,,,湖州莫干山国有资本控股集团有限公司,湖州莫干山国有资本控股集团有限公司,1,https://www.shclearing.com.cn/xxpl/fxpl/mtn/202606/t20260626_1815151.html,湖州莫干山国有资本控股集团有限公司2026年度第四期中期票据发行文件,issuance_packet,mtn,low,,not_collected,not_collected,pending,,,not_reviewed,
harvest_0009,shclearing_harvest_broad,sch_20260630_0009,not_validated,candidate_harvest,,,武汉光谷金融控股集团有限公司,武汉光谷金融控股集团有限公司,1,https://www.shclearing.com.cn/xxpl/fxpl/mtn/202606/t20260626_1815115.html,武汉光谷金融控股集团有限公司2026年度第六期科技创新债券发行文件,issuance_packet,mtn,low,,not_collected,not_collected,pending,,,not_reviewed,
harvest_0010,shclearing_harvest_broad,sch_20260630_0010,not_validated,candidate_harvest,,,淮安市国有联合投资发展集团有限公司,淮安市国有联合投资发展集团有限公司,1,https://www.shclearing.com.cn/xxpl/fxpl/mtn/202606/t20260626_1815013.html,淮安市国有联合投资发展集团有限公司2026年度第四期中期票据发行文件,issuance_packet,mtn,low,,not_collected,not_collected,pending,,,not_reviewed,
harvest_0011,shclearing_harvest_broad,sch_20260630_0011,not_validated,candidate_harvest,,,吉安市井冈山开发区金庐陵经济发展有限公司,吉安市井冈山开发区金庐陵经济发展有限公司,1,https://www.shclearing.com.cn/xxpl/fxpl/mtn/202606/t20260625_1814315.html,吉安市井冈山开发区金庐陵经济发展有限公司2025年度第一期中期票据发行文件补充说明及补...,issuance_packet,mtn,low,,not_collected,not_collected,pending,,,not_reviewed,
harvest_0012,shclearing_harvest_broad,sch_20260630_0012,not_validated,candidate_harvest,,,山东金曰交通发展集团有限公司,山东金曰交通发展集团有限公司,1,https://www.shclearing.com.cn/xxpl/fxpl/mtn/202606/t20260625_1814165.html,山东金曰交通发展集团有限公司2026年度第一期中期票据发行文件,issuance_packet,mtn,low,,not_collected,not_collected,pending,,,not_reviewed,
harvest_0013,shclearing_harvest_broad,sch_20260630_0013,not_validated,candidate_harvest,,,嘉兴科技城投资发展集团有限公司,嘉兴科技城投资发展集团有限公司,1,https://www.shclearing.com.cn/xxpl/fxpl/mtn/202606/t20260625_1814128.html,嘉兴科技城投资发展集团有限公司2026年度第二期中期票据发行文件,issuance_packet,mtn,low,,not_collected,not_collected,pending,,,not_reviewed,
harvest_0014,shclearing_harvest_broad,sch_20260630_0014,not_validated,candidate_harvest,,,河南航空港投资集团有限公司,河南航空港投资集团有限公司,1,https://www.shclearing.com.cn/xxpl/fxpl/mtn/202606/t20260625_1814122.html,河南航空港投资集团有限公司2026年度第三期中期票据发行文件,issuance_packet,mtn,low,,not_collected,not_collected,pending,,,not_reviewed,
harvest_0015,shclearing_harvest_broad,sch_20260630_0015,not_validated,candidate_harvest,,,徐州经济技术开发区国有资产经营有限责任公司,徐州经济技术开发区国有资产经营有限责任公司,1,https://www.shclearing.com.cn/xxpl/fxpl/mtn/202606/t20260625_1814104.html,徐州经济技术开发区国有资产经营有限责任公司2026年度第五期中期票据发行文件,issuance_packet,mtn,low,,not_collected,not_collected,pending,,,not_reviewed,
harvest_0016,shclearing_harvest_broad,sch_20260630_0016,not_validated,candidate_harvest,,,北京控股集团有限公司,北京控股集团有限公司,1,https://www.shclearing.com.cn/xxpl/fxpl/mtn/202606/t20260625_1814144.html,北京控股集团有限公司2026年度第五期中期票据发行文件,issuance_packet,mtn,low,,not_collected,not_collected,pending,,,not_reviewed,
harvest_0017,shclearing_harvest_broad,sch_20260630_0017,not_validated,candidate_harvest,,,浙江安吉国控建设发展集团有限公司,浙江安吉国控建设发展集团有限公司,1,https://www.shclearing.com.cn/xxpl/fxpl/mtn/202606/t20260625_1814107.html,浙江安吉国控建设发展集团有限公司2026年度第一期中期票据发行材料,issuance_packet,mtn,low,,not_collected,not_collected,pending,,,not_reviewed,
harvest_0018,shclearing_harvest_broad,sch_20260630_0018,not_validated,candidate_harvest,,,淮河能源控股集团有限责任公司,淮河能源控股集团有限责任公司,1,https://www.shclearing.com.cn/xxpl/fxpl/mtn/202606/t20260625_1814124.html,淮河能源控股集团有限责任公司2026年度第七期中期票据发行披露文件,issuance_packet,mtn,low,,not_collected,not_collected,pending,,,not_reviewed,
harvest_0019,shclearing_harvest_broad,sch_20260630_0019,not_validated,candidate_harvest,,,江苏腾海投资控股集团有限公司,江苏腾海投资控股集团有限公司,1,https://www.shclearing.com.cn/xxpl/fxpl/mtn/202606/t20260625_1814115.html,江苏腾海投资控股集团有限公司2026年度第一期中期票据发行文件,issuance_packet,mtn,medium,,not_collected,not_collected,pending,,,not_reviewed,
harvest_0020,shclearing_harvest_broad,sch_20260630_0020,not_validated,candidate_harvest,,,益阳市交通投资运营集团有限公司,益阳市交通投资运营集团有限公司,1,https://www.shclearing.com.cn/xxpl/fxpl/mtn/202606/t20260625_1814142.html,益阳市交通投资运营集团有限公司2026年度第一期中期票据发行文件,issuance_packet,mtn,medium,,not_collected,not_collected,pending,,,not_reviewed,
harvest_0021,shclearing_harvest_broad,sch_20260630_0021,not_validated,candidate_harvest,,,泰兴市中兴国有资产经营投资集团有限公司,泰兴市中兴国有资产经营投资集团有限公司,1,https://www.shclearing.com.cn/xxpl/fxpl/mtn/202606/t20260625_1814108.html,泰兴市中兴国有资产经营投资集团有限公司2026年度第八期中期票据发行文件,issuance_packet,mtn,low,,not_collected,not_collected,pending,,,not_reviewed,
harvest_0022,shclearing_harvest_broad,sch_20260630_0022,not_validated,candidate_harvest,,,无锡市国联发展(集团)有限公司,无锡市国联发展(集团)有限公司,1,https://www.shclearing.com.cn/xxpl/fxpl/mtn/202606/t20260625_1814098.html,无锡市国联发展(集团)有限公司2026年度第一期中期票据发行文件,issuance_packet,mtn,low,,not_collected,not_collected,pending,,,not_reviewed,
harvest_0023,shclearing_harvest_broad,sch_20260630_0023,not_validated,candidate_harvest,,,甘肃能源化工投资集团有限公司,甘肃能源化工投资集团有限公司,1,https://www.shclearing.com.cn/xxpl/fxpl/mtn/202606/t20260624_1813342.html,甘肃能源化工投资集团有限公司2026年度第一期中期票据(可持续挂钩/碳资产)发行文件,issuance_packet,mtn,low,,not_collected,not_collected,pending,,,not_reviewed,
harvest_0024,shclearing_harvest_broad,sch_20260630_0024,not_validated,candidate_harvest,,,长沙天心城市发展集团有限公司,长沙天心城市发展集团有限公司,1,https://www.shclearing.com.cn/xxpl/fxpl/mtn/202606/t20260624_1813355.html,长沙天心城市发展集团有限公司2026年度第二期中期票据发行文件,issuance_packet,mtn,low,,not_collected,not_collected,pending,,,not_reviewed,
harvest_0025,shclearing_harvest_broad,sch_20260630_0025,not_validated,candidate_harvest,,,知识城(广州)投资集团有限公司,知识城(广州)投资集团有限公司,1,https://www.shclearing.com.cn/xxpl/fxpl/mtn/202606/t20260624_1813306.html,知识城(广州)投资集团有限公司2026年度第六期中期票据发行文件,issuance_packet,mtn,low,,not_collected,not_collected,pending,,,not_reviewed,
harvest_0026,shclearing_harvest_broad,sch_20260630_0026,not_validated,candidate_harvest,,,广西投资集团金融控股有限公司,广西投资集团金融控股有限公司,1,https://www.shclearing.com.cn/xxpl/fxpl/mtn/202606/t20260624_1813326.html,广西投资集团金融控股有限公司2026年度第三期中期票据发行文件,issuance_packet,mtn,low,,not_collected,not_collected,pending,,,not_reviewed,
harvest_0027,shclearing_harvest_broad,sch_20260630_0027,not_validated,candidate_harvest,,,建安投资控股集团有限公司,建安投资控股集团有限公司,1,https://www.shclearing.com.cn/xxpl/fxpl/mtn/202606/t20260624_1813338.html,建安投资控股集团有限公司2026年度第二期中期票据发行文件,issuance_packet,mtn,medium,,not_collected,not_collected,pending,,,not_reviewed,
harvest_0028,shclearing_harvest_broad,sch_20260630_0028,not_validated,candidate_harvest,,,寿光市金旭产业发展集团有限公司,寿光市金旭产业发展集团有限公司,1,https://www.shclearing.com.cn/xxpl/fxpl/mtn/202606/t20260624_1813332.html,寿光市金旭产业发展集团有限公司2026年度第四期中期票据发行文件,issuance_packet,mtn,low,,not_collected,not_collected,pending,,,not_reviewed,
harvest_0029,shclearing_harvest_broad,sch_20260630_0029,not_validated,candidate_harvest,,,江阴高新区投资开发有限公司,江阴高新区投资开发有限公司,1,https://www.shclearing.com.cn/xxpl/fxpl/mtn/202606/t20260623_1812466.html,江阴高新区投资开发有限公司2026年度第一期中期票据发行文件,issuance_packet,mtn,low,,not_collected,not_collected,pending,,,not_reviewed,
harvest_0030,shclearing_harvest_broad,sch_20260630_0030,not_validated,candidate_harvest,,,山西路桥建设集团有限公司,山西路桥建设集团有限公司,1,https://www.shclearing.com.cn/xxpl/fxpl/mtn/202606/t20260623_1812490.html,山西路桥建设集团有限公司2026年度第三期中期票据发行文件,issuance_packet,mtn,low,,not_collected,not_collected,pending,,,not_reviewed,
harvest_0031,shclearing_harvest_broad,sch_20260630_0031,not_validated,candidate_harvest,,,温州市工业与能源发展集团有限公司,温州市工业与能源发展集团有限公司,1,https://www.shclearing.com.cn/xxpl/fxpl/mtn/202606/t20260623_1812467.html,温州市工业与能源发展集团有限公司2026年度第二期中期票据发行文件,issuance_packet,mtn,low,,not_collected,not_collected,pending,,,not_reviewed,
harvest_0032,shclearing_harvest_broad,sch_20260630_0032,not_validated,candidate_harvest,,,亳州城建发展控股集团有限公司,亳州城建发展控股集团有限公司,1,https://www.shclearing.com.cn/xxpl/fxpl/mtn/202606/t20260623_1812498.html,亳州城建发展控股集团有限公司2026年度第一期中期票据发行文件,issuance_packet,mtn,low,,not_collected,not_collected,pending,,,not_reviewed,
harvest_0033,shclearing_harvest_broad,sch_20260630_0033,not_validated,candidate_harvest,,,绍兴滨海新区控股集团有限公司,绍兴滨海新区控股集团有限公司,1,https://www.shclearing.com.cn/xxpl/fxpl/mtn/202606/t20260623_1812458.html,绍兴滨海新区控股集团有限公司2026年度第三期中期票据发行文件,issuance_packet,mtn,low,,not_collected,not_collected,pending,,,not_reviewed,
harvest_0034,shclearing_harvest_broad,sch_20260630_0034,not_validated,candidate_harvest,,,陕西交通控股集团有限公司,陕西交通控股集团有限公司,1,https://www.shclearing.com.cn/xxpl/fxpl/mtn/202606/t20260623_1812518.html,陕西交通控股集团有限公司2026年度第七期中期票据发行文件,issuance_packet,mtn,low,,not_collected,not_collected,pending,,,not_reviewed,
harvest_0035,shclearing_harvest_broad,sch_20260630_0035,not_validated,candidate_harvest,,,嘉善县高新科技园区建设投资有限公司,嘉善县高新科技园区建设投资有限公司,1,https://www.shclearing.com.cn/xxpl/fxpl/mtn/202606/t20260623_1812460.html,嘉善县高新科技园区建设投资有限公司2026年度第四期中期票据发行材料,issuance_packet,mtn,low,,not_collected,not_collected,pending,,,not_reviewed,
harvest_0036,shclearing_harvest_broad,sch_20260630_0036,not_validated,candidate_harvest,,,河南创新投资集团有限公司,河南创新投资集团有限公司,1,https://www.shclearing.com.cn/xxpl/fxpl/mtn/202606/t20260623_1812469.html,河南创新投资集团有限公司2026年度第一期科技创新债券发行材料,issuance_packet,mtn,low,,not_collected,not_collected,pending,,,not_reviewed,
harvest_0037,shclearing_harvest_broad,sch_20260630_0037,not_validated,candidate_harvest,,,徐州经济技术开发区国有资产经营有限责任公司,徐州经济技术开发区国有资产经营有限责任公司,1,https://www.shclearing.com.cn/xxpl/fxpl/mtn/202606/t20260623_1812485.html,徐州经济技术开发区国有资产经营有限责任公司2026年度第三期中期票据发行材料,issuance_packet,mtn,low,,not_collected,not_collected,pending,,,not_reviewed,
harvest_0038,shclearing_harvest_broad,sch_20260630_0038,not_validated,candidate_harvest,,,徐州经济技术开发区国有资产经营有限责任公司,徐州经济技术开发区国有资产经营有限责任公司,1,https://www.shclearing.com.cn/xxpl/fxpl/mtn/202606/t20260623_1812482.html,徐州经济技术开发区国有资产经营有限责任公司2026年度第四期中期票据发行文件,issuance_packet,mtn,low,,not_collected,not_collected,pending,,,not_reviewed,
harvest_0039,shclearing_harvest_broad,sch_20260630_0039,not_validated,candidate_harvest,,,陕西有色金属控股集团有限责任公司,陕西有色金属控股集团有限责任公司,1,https://www.shclearing.com.cn/xxpl/fxpl/mtn/202606/t20260623_1812508.html,陕西有色金属控股集团有限责任公司2026年度第二期中期票据发行文件,issuance_packet,mtn,low,,not_collected,not_collected,pending,,,not_reviewed,
harvest_0040,shclearing_harvest_broad,sch_20260630_0040,not_validated,candidate_harvest,,,临沂投资发展集团有限公司,临沂投资发展集团有限公司,1,https://www.shclearing.com.cn/xxpl/fxpl/mtn/202606/t20260622_1811728.html,关于临沂投资发展集团有限公司2026年度第二期中期票据的发行文件材料补充说明及补充文件,issuance_packet,mtn,low,,not_collected,not_collected,pending,,,not_reviewed,
harvest_0041,shclearing_harvest_broad,sch_20260630_0041,not_validated,candidate_harvest,,,西宁城市发展有限公司,西宁城市发展有限公司,1,https://www.shclearing.com.cn/xxpl/fxpl/mtn/202606/t20260622_1811638.html,西宁城市发展有限公司2026年度第一期中期票据发行文件,issuance_packet,mtn,low,,not_collected,not_collected,pending,,,not_reviewed,
harvest_0042,shclearing_harvest_broad,sch_20260630_0042,not_validated,candidate_harvest,,,嘉兴科技城投资发展集团有限公司,嘉兴科技城投资发展集团有限公司,1,https://www.shclearing.com.cn/xxpl/fxpl/mtn/202606/t20260622_1811575.html,嘉兴科技城投资发展集团有限公司2026年度第一期中期票据发行文件,issuance_packet,mtn,low,,not_collected,not_collected,pending,,,not_reviewed,
harvest_0043,shclearing_harvest_broad,sch_20260630_0043,not_validated,candidate_harvest,,,厦门港务控股集团有限公司,厦门港务控股集团有限公司,1,https://www.shclearing.com.cn/xxpl/fxpl/mtn/202606/t20260622_1811641.html,厦门港务控股集团有限公司2026年度第一期中期票据发行文件,issuance_packet,mtn,low,,not_collected,not_collected,pending,,,not_reviewed,
harvest_0044,shclearing_harvest_broad,sch_20260630_0044,not_validated,candidate_harvest,,,丹阳投资集团有限公司,丹阳投资集团有限公司,1,https://www.shclearing.com.cn/xxpl/fxpl/mtn/202606/t20260622_1811650.html,丹阳投资集团有限公司2026年度第七期中期票据发行材料,issuance_packet,mtn,low,,not_collected,not_collected,pending,,,not_reviewed,
harvest_0045,shclearing_harvest_broad,sch_20260630_0045,not_validated,candidate_harvest,,,徐州经济技术开发区国有资产经营有限责任公司,徐州经济技术开发区国有资产经营有限责任公司,1,https://www.shclearing.com.cn/xxpl/fxpl/mtn/202606/t20260622_1811642.html,徐州经济技术开发区国有资产经营有限责任公司2026年度第二期中期票据发行文件,issuance_packet,mtn,low,,not_collected,not_collected,pending,,,not_reviewed,
harvest_0046,shclearing_harvest_broad,sch_20260630_0046,not_validated,candidate_harvest,,,徐州市交通控股集团有限公司,徐州市交通控股集团有限公司,1,https://www.shclearing.com.cn/xxpl/fxpl/mtn/202606/t20260622_1811572.html,徐州市交通控股集团有限公司2026年度第一期中期票据发行文件,issuance_packet,mtn,low,,not_collected,not_collected,pending,,,not_reviewed,
harvest_0047,shclearing_harvest_broad,sch_20260630_0047,not_validated,candidate_harvest,,,溧阳市城市建设发展集团有限公司,溧阳市城市建设发展集团有限公司,1,https://www.shclearing.com.cn/xxpl/fxpl/mtn/202606/t20260622_1811571.html,溧阳市城市建设发展集团有限公司2026年度第一期中期票据发行文件,issuance_packet,mtn,low,,not_collected,not_collected,pending,,,not_reviewed,
harvest_0048,shclearing_harvest_broad,sch_20260630_0048,not_validated,candidate_harvest,,,常州市交通产业集团有限公司,常州市交通产业集团有限公司,1,https://www.shclearing.com.cn/xxpl/fxpl/mtn/202606/t20260622_1811573.html,常州市交通产业集团有限公司2026年度第二期中期票据发行文件,issuance_packet,mtn,low,,not_collected,not_collected,pending,,,not_reviewed,
harvest_0049,shclearing_harvest_broad,sch_20260630_0049,not_validated,candidate_harvest,,,盐城市城南新区开发建设投资有限公司,盐城市城南新区开发建设投资有限公司,1,https://www.shclearing.com.cn/xxpl/fxpl/mtn/202606/t20260622_1811617.html,盐城市城南新区开发建设投资有限公司2026年度第二期中期票据发行披露文件,issuance_packet,mtn,high,,not_collected,not_collected,pending,,,not_reviewed,
harvest_0050,shclearing_harvest_broad,sch_20260630_0050,not_validated,candidate_harvest,,,泉州交通发展集团有限责任公司,泉州交通发展集团有限责任公司,1,https://www.shclearing.com.cn/xxpl/fxpl/mtn/202606/t20260618_1809642.html,泉州交通发展集团有限责任公司2026年度第二期中期票据发行文件,issuance_packet,mtn,low,,not_collected,not_collected,pending,,,not_reviewed,
harvest_0051,shclearing_harvest_broad,sch_20260630_0051,not_validated,candidate_harvest,,,北京未来科学城发展集团有限公司,北京未来科学城发展集团有限公司,1,https://www.shclearing.com.cn/xxpl/fxpl/mtn/202606/t20260618_1809645.html,北京未来科学城发展集团有限公司2026年度第四期中期票据(项目收益)发行文件,issuance_packet,mtn,low,,not_collected,not_collected,pending,,,not_reviewed,
harvest_0052,shclearing_harvest_broad,sch_20260630_0052,not_validated,candidate_harvest,,,南京市交通建设投资控股(集团)有限责任公司,南京市交通建设投资控股(集团)有限责任公司,1,https://www.shclearing.com.cn/xxpl/fxpl/mtn/202606/t20260618_1809676.html,南京市交通建设投资控股(集团)有限责任公司2026年度第五期中期票据发行文件,issuance_packet,mtn,medium,,not_collected,not_collected,pending,,,not_reviewed,
harvest_0053,shclearing_harvest_broad,sch_20260630_0053,not_validated,candidate_harvest,,,知识城(广州)投资集团有限公司,知识城(广州)投资集团有限公司,1,https://www.shclearing.com.cn/xxpl/fxpl/mtn/202606/t20260618_1809646.html,知识城(广州)投资集团有限公司2026年度第二期中期票据发行文件,issuance_packet,mtn,low,,not_collected,not_collected,pending,,,not_reviewed,
harvest_0054,shclearing_harvest_broad,sch_20260630_0054,not_validated,candidate_harvest,,,黄石市东楚投资集团有限公司,黄石市东楚投资集团有限公司,1,https://www.shclearing.com.cn/xxpl/fxpl/mtn/202606/t20260618_1809641.html,黄石市东楚投资集团有限公司2026年度第一期中期票据发行文件,issuance_packet,mtn,low,,not_collected,not_collected,pending,,,not_reviewed,
harvest_0055,shclearing_harvest_broad,sch_20260630_0055,not_validated,candidate_harvest,,,上饶创新发展产业投资集团有限公司,上饶创新发展产业投资集团有限公司,1,https://www.shclearing.com.cn/xxpl/fxpl/mtn/202606/t20260618_1809650.html,上饶创新发展产业投资集团有限公司2026年度第二期中期票据发行文件,issuance_packet,mtn,medium,,not_collected,not_collected,pending,,,not_reviewed,
harvest_0056,shclearing_harvest_broad,sch_20260630_0056,not_validated,candidate_harvest,,,新疆城建(集团)股份有限公司,新疆城建(集团)股份有限公司,1,https://www.shclearing.com.cn/xxpl/fxpl/mtn/202606/t20260618_1809656.html,新疆城建(集团)股份有限公司2026年度第一期中期票据发行文件,issuance_packet,mtn,low,,not_collected,not_collected,pending,,,not_reviewed,
harvest_0057,shclearing_harvest_broad,sch_20260630_0057,not_validated,candidate_harvest,,,常州天宁建设发展集团有限公司,常州天宁建设发展集团有限公司,1,https://www.shclearing.com.cn/xxpl/fxpl/mtn/202606/t20260618_1809643.html,常州天宁建设发展集团有限公司2026年度第三期中期票据发行文件,issuance_packet,mtn,low,,not_collected,not_collected,pending,,,not_reviewed,
harvest_0058,shclearing_harvest_broad,sch_20260630_0058,not_validated,candidate_harvest,,,嘉善县高新科技园区建设投资有限公司,嘉善县高新科技园区建设投资有限公司,1,https://www.shclearing.com.cn/xxpl/fxpl/mtn/202606/t20260618_1809637.html,嘉善县高新科技园区建设投资有限公司2026年度第三期中期票据发行文件,issuance_packet,mtn,low,,not_collected,not_collected,pending,,,not_reviewed,
harvest_0059,shclearing_harvest_broad,sch_20260630_0059,not_validated,candidate_harvest,,,无锡市高新区创业投资控股集团有限公司,无锡市高新区创业投资控股集团有限公司,1,https://www.shclearing.com.cn/xxpl/fxpl/mtn/202606/t20260618_1809664.html,无锡市高新区创业投资控股集团有限公司2026年度第二期科技创新债券发行文件,issuance_packet,mtn,medium,,not_collected,not_collected,pending,,,not_reviewed,
harvest_0060,shclearing_harvest_broad,sch_20260630_0060,not_validated,candidate_harvest,,,徐州经济技术开发区国有资产经营有限责任公司,徐州经济技术开发区国有资产经营有限责任公司,1,https://www.shclearing.com.cn/xxpl/fxpl/mtn/202606/t20260618_1809657.html,徐州经济技术开发区国有资产经营有限责任公司2026年度第一期中期票据发行文件,issuance_packet,mtn,low,,not_collected,not_collected,pending,,,not_reviewed,
harvest_0061,shclearing_harvest_broad,sch_20260630_0061,not_validated,candidate_harvest,,,中煤矿山建设集团有限责任公司,中煤矿山建设集团有限责任公司,1,https://www.shclearing.com.cn/xxpl/fxpl/mtn/202606/t20260617_1808746.html,中煤矿山建设集团有限责任公司2026年度第一期中期票据发行文件,issuance_packet,mtn,low,,not_collected,not_collected,pending,,,not_reviewed,
harvest_0062,shclearing_harvest_broad,sch_20260630_0062,not_validated,candidate_harvest,,,山西交通控股集团有限公司,山西交通控股集团有限公司,1,https://www.shclearing.com.cn/xxpl/fxpl/mtn/202606/t20260617_1808631.html,山西交通控股集团有限公司2026年度第三期中期票据发行文件,issuance_packet,mtn,low,,not_collected,not_collected,pending,,,not_reviewed,
harvest_0063,shclearing_harvest_broad,sch_20260630_0063,not_validated,candidate_harvest,,,苏州市轨道交通集团有限公司,苏州市轨道交通集团有限公司,1,https://www.shclearing.com.cn/xxpl/fxpl/mtn/202606/t20260617_1808635.html,苏州市轨道交通集团有限公司2026年度第二期绿色中期票据(碳中和债)发行文件,issuance_packet,mtn,low,,not_collected,not_collected,pending,,,not_reviewed,
harvest_0064,shclearing_harvest_broad,sch_20260630_0064,not_validated,candidate_harvest,,,宿州市城市建设投资集团(控股)有限公司,宿州市城市建设投资集团(控股)有限公司,1,https://www.shclearing.com.cn/xxpl/fxpl/mtn/202606/t20260617_1808730.html,宿州市城市建设投资集团(控股)有限公司2026年度第三期中期票据发行披露文件,issuance_packet,mtn,high,,not_collected,not_collected,pending,,,not_reviewed,
harvest_0065,shclearing_harvest_broad,sch_20260630_0065,not_validated,candidate_harvest,,,广东省铁路建设投资集团有限公司,广东省铁路建设投资集团有限公司,1,https://www.shclearing.com.cn/xxpl/fxpl/mtn/202606/t20260617_1808649.html,广东省铁路建设投资集团有限公司2026年度第三期中期票据发行文件,issuance_packet,mtn,low,,not_collected,not_collected,pending,,,not_reviewed,
harvest_0066,shclearing_harvest_broad,sch_20260630_0066,not_validated,candidate_harvest,,,温州市交通运输集团有限公司,温州市交通运输集团有限公司,1,https://www.shclearing.com.cn/xxpl/fxpl/scp/202606/t20260630_1817137.html,温州市交通运输集团有限公司2026年度第三期超短期融资券发行文件,issuance_packet,scp,low,,not_collected,not_collected,pending,,,not_reviewed,
harvest_0067,shclearing_harvest_broad,sch_20260630_0067,not_validated,candidate_harvest,,,无锡市国联发展(集团)有限公司,无锡市国联发展(集团)有限公司,1,https://www.shclearing.com.cn/xxpl/fxpl/scp/202606/t20260630_1817140.html,无锡市国联发展(集团)有限公司2026年度第十期超短期融资券发行文件,issuance_packet,scp,low,,not_collected,not_collected,pending,,,not_reviewed,
harvest_0068,shclearing_harvest_broad,sch_20260630_0068,not_validated,candidate_harvest,,,嘉兴市嘉秀发展投资控股集团有限公司,嘉兴市嘉秀发展投资控股集团有限公司,1,https://www.shclearing.com.cn/xxpl/fxpl/scp/202606/t20260630_1817141.html,嘉兴市嘉秀发展投资控股集团有限公司2026年度第三期超短期融资券发行材料,issuance_packet,scp,medium,,not_collected,not_collected,pending,,,not_reviewed,
harvest_0069,shclearing_harvest_broad,sch_20260630_0069,not_validated,candidate_harvest,,,常州滨湖建设发展集团有限公司,常州滨湖建设发展集团有限公司,1,https://www.shclearing.com.cn/xxpl/fxpl/scp/202606/t20260630_1817246.html,常州滨湖建设发展集团有限公司2026年度第十四期超短期融资券发行文件,issuance_packet,scp,low,,not_collected,not_collected,pending,,,not_reviewed,
harvest_0070,shclearing_harvest_broad,sch_20260630_0070,not_validated,candidate_harvest,,,珠海港控股集团有限公司,珠海港控股集团有限公司,1,https://www.shclearing.com.cn/xxpl/fxpl/scp/202606/t20260630_1817336.html,珠海港控股集团有限公司2026年度第六期超短期融资券发行文件,issuance_packet,scp,low,,not_collected,not_collected,pending,,,not_reviewed,
harvest_0071,shclearing_harvest_broad,sch_20260630_0071,not_validated,candidate_harvest,,,宜昌城发实业投资有限公司,宜昌城发实业投资有限公司,1,https://www.shclearing.com.cn/xxpl/fxpl/scp/202606/t20260629_1816544.html,宜昌城发实业投资有限公司2026年度第一期超短期融资券发行文件,issuance_packet,scp,low,,not_collected,not_collected,pending,,,not_reviewed,
harvest_0072,shclearing_harvest_broad,sch_20260630_0072,not_validated,candidate_harvest,,,陕西建工控股集团有限公司,陕西建工控股集团有限公司,1,https://www.shclearing.com.cn/xxpl/fxpl/scp/202606/t20260626_1815100.html,陕西建工控股集团有限公司2026年度第二期超短期融资券发行材料,issuance_packet,scp,low,,not_collected,not_collected,pending,,,not_reviewed,
harvest_0073,shclearing_harvest_broad,sch_20260630_0073,not_validated,candidate_harvest,,,如东县东泰社会发展投资有限责任公司,如东县东泰社会发展投资有限责任公司,1,https://www.shclearing.com.cn/xxpl/fxpl/scp/202606/t20260626_1815017.html,如东县东泰社会发展投资有限责任公司2026年度第三期超短期融资券发行文件,issuance_packet,scp,low,,not_collected,not_collected,pending,,,not_reviewed,
harvest_0074,shclearing_harvest_broad,sch_20260630_0074,not_validated,candidate_harvest,,,南通产业控股集团有限公司,南通产业控股集团有限公司,1,https://www.shclearing.com.cn/xxpl/fxpl/scp/202606/t20260625_1814105.html,南通产业控股集团有限公司2026年度第一期超短期融资券发行文件,issuance_packet,scp,low,,not_collected,not_collected,pending,,,not_reviewed,
harvest_0075,shclearing_harvest_broad,sch_20260630_0075,not_validated,candidate_harvest,,,南京江宁科学园发展集团有限公司,南京江宁科学园发展集团有限公司,1,https://www.shclearing.com.cn/xxpl/fxpl/scp/202606/t20260625_1814097.html,南京江宁科学园发展集团有限公司2026年度第十三期超短期融资券发行文件(更新),issuance_packet,scp,low,,not_collected,not_collected,pending,,,not_reviewed,
harvest_0076,shclearing_harvest_broad,sch_20260630_0076,not_validated,candidate_harvest,,,嘉兴市嘉秀发展投资控股集团有限公司,嘉兴市嘉秀发展投资控股集团有限公司,1,https://www.shclearing.com.cn/xxpl/fxpl/scp/202606/t20260624_1813347.html,嘉兴市嘉秀发展投资控股集团有限公司2026年度第二期超短期融资券发行材料,issuance_packet,scp,medium,,not_collected,not_collected,pending,,,not_reviewed,
harvest_0077,shclearing_harvest_broad,sch_20260630_0077,not_validated,candidate_harvest,,,苏州市相城城市建设投资(集团)有限公司,苏州市相城城市建设投资(集团)有限公司,1,https://www.shclearing.com.cn/xxpl/fxpl/scp/202606/t20260624_1813321.html,苏州市相城城市建设投资(集团)有限公司2026年度第三期超短期融资券发行文件,issuance_packet,scp,high,,not_collected,not_collected,pending,,,not_reviewed,
harvest_0078,shclearing_harvest_broad,sch_20260630_0078,not_validated,candidate_harvest,,,义乌中国小商品城控股集团有限公司,义乌中国小商品城控股集团有限公司,1,https://www.shclearing.com.cn/xxpl/fxpl/scp/202606/t20260624_1813346.html,义乌中国小商品城控股集团有限公司2026年度第一期超短期融资券发行文件,issuance_packet,scp,low,,not_collected,not_collected,pending,,,not_reviewed,
harvest_0079,shclearing_harvest_broad,sch_20260630_0079,not_validated,candidate_harvest,,,常州滨湖建设发展集团有限公司,常州滨湖建设发展集团有限公司,1,https://www.shclearing.com.cn/xxpl/fxpl/scp/202606/t20260624_1813341.html,常州滨湖建设发展集团有限公司2026年度第十三期超短期融资券发行文件,issuance_packet,scp,low,,not_collected,not_collected,pending,,,not_reviewed,
harvest_0080,shclearing_harvest_broad,sch_20260630_0080,not_validated,candidate_harvest,,,张家港市城市投资发展集团有限公司,张家港市城市投资发展集团有限公司,1,https://www.shclearing.com.cn/xxpl/fxpl/scp/202606/t20260623_1812455.html,张家港市城市投资发展集团有限公司2026年度第二期超短期融资券发行文件,issuance_packet,scp,high,,not_collected,not_collected,pending,,,not_reviewed,
harvest_0081,shclearing_harvest_broad,sch_20260630_0081,not_validated,candidate_harvest,,,振石控股集团有限公司,振石控股集团有限公司,1,https://www.shclearing.com.cn/xxpl/fxpl/scp/202606/t20260623_1812495.html,振石控股集团有限公司2026年度第一期超短期融资券发行文件,issuance_packet,scp,low,,not_collected,not_collected,pending,,,not_reviewed,
harvest_0082,shclearing_harvest_broad,sch_20260630_0082,not_validated,candidate_harvest,,,乐山国有资产投资运营(集团)有限公司,乐山国有资产投资运营(集团)有限公司,1,https://www.shclearing.com.cn/xxpl/fxpl/scp/202606/t20260623_1812503.html,乐山国有资产投资运营(集团)有限公司2026年度第二期超短期融资券发行披露文件,issuance_packet,scp,medium,,not_collected,not_collected,pending,,,not_reviewed,
harvest_0083,shclearing_harvest_broad,sch_20260630_0083,not_validated,candidate_harvest,,,浙江省交通投资集团有限公司,浙江省交通投资集团有限公司,1,https://www.shclearing.com.cn/xxpl/fxpl/scp/202606/t20260623_1812507.html,浙江省交通投资集团有限公司2026年度第十期超短期融资券发行披露文件,issuance_packet,scp,medium,,not_collected,not_collected,pending,,,not_reviewed,
harvest_0084,shclearing_harvest_broad,sch_20260630_0084,not_validated,candidate_harvest,,,爱尔医疗投资集团有限公司,爱尔医疗投资集团有限公司,1,https://www.shclearing.com.cn/xxpl/fxpl/scp/202606/t20260623_1812457.html,爱尔医疗投资集团有限公司2026年度第一期超短期融资券发行材料,issuance_packet,scp,low,,not_collected,not_collected,pending,,,not_reviewed,
harvest_0085,shclearing_harvest_broad,sch_20260630_0085,not_validated,candidate_harvest,,,天津津南城市建设投资有限公司,天津津南城市建设投资有限公司,1,https://www.shclearing.com.cn/xxpl/fxpl/scp/202606/t20260623_1812483.html,天津津南城市建设投资有限公司2026年度第六期超短期融资券发行文件,issuance_packet,scp,high,,not_collected,not_collected,pending,,,not_reviewed,
harvest_0086,shclearing_harvest_broad,sch_20260630_0086,not_validated,candidate_harvest,,,中国交通建设股份有限公司,中国交通建设股份有限公司,1,https://www.shclearing.com.cn/xxpl/fxpl/scp/202606/t20260623_1812475.html,中国交通建设股份有限公司2026年度第六期超短期融资券发行文件,issuance_packet,scp,low,,not_collected,not_collected,pending,,,not_reviewed,
harvest_0087,shclearing_harvest_broad,sch_20260630_0087,not_validated,candidate_harvest,,,江西省交通投资集团有限责任公司,江西省交通投资集团有限责任公司,1,https://www.shclearing.com.cn/xxpl/fxpl/scp/202606/t20260623_1812517.html,江西省交通投资集团有限责任公司2026年度第五期超短期融资券(浮息债券)发行文件,issuance_packet,scp,medium,,not_collected,not_collected,pending,,,not_reviewed,
harvest_0088,shclearing_harvest_broad,sch_20260630_0088,not_validated,candidate_harvest,,,新疆水利发展投资(集团)有限公司,新疆水利发展投资(集团)有限公司,1,https://www.shclearing.com.cn/xxpl/fxpl/scp/202606/t20260623_1812484.html,新疆水利发展投资(集团)有限公司2026年度第一期超短期融资券发行文件,issuance_packet,scp,low,,not_collected,not_collected,pending,,,not_reviewed,
harvest_0089,shclearing_harvest_broad,sch_20260630_0089,not_validated,candidate_harvest,,,南通城市建设集团有限公司,南通城市建设集团有限公司,1,https://www.shclearing.com.cn/xxpl/fxpl/scp/202606/t20260622_1811695.html,南通城市建设集团有限公司2026年度第四期超短期融资券发行文件,issuance_packet,scp,low,,not_collected,not_collected,pending,,,not_reviewed,
harvest_0090,shclearing_harvest_broad,sch_20260630_0090,not_validated,candidate_harvest,,,六安城市建设投资有限公司,六安城市建设投资有限公司,1,https://www.shclearing.com.cn/xxpl/fxpl/scp/202606/t20260622_1811629.html,六安城市建设投资有限公司2026年度第三期超短期融资券发行披露文件,issuance_packet,scp,high,,not_collected,not_collected,pending,,,not_reviewed,
harvest_0091,shclearing_harvest_broad,sch_20260630_0091,not_validated,candidate_harvest,,,嘉兴市嘉秀发展投资控股集团有限公司,嘉兴市嘉秀发展投资控股集团有限公司,1,https://www.shclearing.com.cn/xxpl/fxpl/scp/202606/t20260622_1811563.html,嘉兴市嘉秀发展投资控股集团有限公司2026年度第一期超短期融资券发行文件,issuance_packet,scp,medium,,not_collected,not_collected,pending,,,not_reviewed,
harvest_0092,shclearing_harvest_broad,sch_20260630_0092,not_validated,candidate_harvest,,,中国交通建设股份有限公司,中国交通建设股份有限公司,1,https://www.shclearing.com.cn/xxpl/fxpl/scp/202606/t20260622_1811648.html,中国交通建设股份有限公司2026年度第五期超短期融资券发行文件,issuance_packet,scp,low,,not_collected,not_collected,pending,,,not_reviewed,
harvest_0093,shclearing_harvest_broad,sch_20260630_0093,not_validated,candidate_harvest,,,浙江省交通投资集团有限公司,浙江省交通投资集团有限公司,1,https://www.shclearing.com.cn/xxpl/fxpl/scp/202606/t20260622_1811578.html,浙江省交通投资集团有限公司2026年度第九期超短期融资券发行文件,issuance_packet,scp,medium,,not_collected,not_collected,pending,,,not_reviewed,
harvest_0094,shclearing_harvest_broad,sch_20260630_0094,not_validated,candidate_harvest,,,重庆市江津区珞璜开发建设有限公司,重庆市江津区珞璜开发建设有限公司,1,https://www.shclearing.com.cn/xxpl/fxpl/scp/202606/t20260622_1811579.html,重庆市江津区珞璜开发建设有限公司2026年度第二期超短期融资券发行材料,issuance_packet,scp,low,,not_collected,not_collected,pending,,,not_reviewed,
harvest_0095,shclearing_harvest_broad,sch_20260630_0095,not_validated,candidate_harvest,,,温州市工业与能源发展集团有限公司,温州市工业与能源发展集团有限公司,1,https://www.shclearing.com.cn/xxpl/fxpl/scp/202606/t20260622_1811622.html,温州市工业与能源发展集团有限公司2026年度第二期超短期融资券发行披露文件,issuance_packet,scp,low,,not_collected,not_collected,pending,,,not_reviewed,
harvest_0096,shclearing_harvest_broad,sch_20260630_0096,not_validated,candidate_harvest,,,泰州市城市建设投资集团有限公司,泰州市城市建设投资集团有限公司,1,https://www.shclearing.com.cn/xxpl/fxpl/scp/202606/t20260622_1811564.html,泰州市城市建设投资集团有限公司2026年度第五期超短期融资券发行文件,issuance_packet,scp,high,,not_collected,not_collected,pending,,,not_reviewed,
harvest_0097,shclearing_harvest_broad,sch_20260630_0097,not_validated,candidate_harvest,,,天津津南城市建设投资有限公司,天津津南城市建设投资有限公司,1,https://www.shclearing.com.cn/xxpl/fxpl/scp/202606/t20260622_1811639.html,天津津南城市建设投资有限公司2026年度第五期超短期融资券发行文件,issuance_packet,scp,high,,not_collected,not_collected,pending,,,not_reviewed,
harvest_0098,shclearing_harvest_broad,sch_20260630_0098,not_validated,candidate_harvest,,,江苏交通控股有限公司,江苏交通控股有限公司,1,https://www.shclearing.com.cn/xxpl/fxpl/scp/202606/t20260618_1809757.html,江苏交通控股有限公司2026年度第九期超短期融资券发行材料,issuance_packet,scp,low,,not_collected,not_collected,pending,,,not_reviewed,
harvest_0099,shclearing_harvest_broad,sch_20260630_0099,not_validated,candidate_harvest,,,东莞市交通投资控股集团有限公司,东莞市交通投资控股集团有限公司,1,https://www.shclearing.com.cn/xxpl/fxpl/scp/202606/t20260618_1809668.html,东莞市交通投资控股集团有限公司2026年度第一期超短期融资券发行文件,issuance_packet,scp,medium,,not_collected,not_collected,pending,,,not_reviewed,
harvest_0100,shclearing_harvest_broad,sch_20260630_0100,not_validated,candidate_harvest,,,泰州市城市建设投资集团有限公司,泰州市城市建设投资集团有限公司,1,https://www.shclearing.com.cn/xxpl/fxpl/scp/202606/t20260618_1809932.html,泰州市城市建设投资集团有限公司2026年度第四期超短期融资券发行材料,issuance_packet,scp,high,,not_collected,not_collected,pending,,,not_reviewed,
harvest_0101,shclearing_harvest_broad,sch_20260630_0101,not_validated,candidate_harvest,,,山西建设投资集团有限公司,山西建设投资集团有限公司,1,https://www.shclearing.com.cn/xxpl/fxpl/scp/202606/t20260618_1809987.html,山西建设投资集团有限公司2026年度第三期超短期融资券发行文件,issuance_packet,scp,low,,not_collected,not_collected,pending,,,not_reviewed,
harvest_0102,shclearing_harvest_broad,sch_20260630_0102,not_validated,candidate_harvest,,,淮安市投资控股集团有限公司,淮安市投资控股集团有限公司,1,https://www.shclearing.com.cn/xxpl/fxpl/scp/202606/t20260618_1809654.html,淮安市投资控股集团有限公司2026年度第三期超短期融资券发行文件,issuance_packet,scp,medium,,not_collected,not_collected,pending,,,not_reviewed,
harvest_0103,shclearing_harvest_broad,sch_20260630_0103,not_validated,candidate_harvest,,,无锡市国联发展(集团)有限公司,无锡市国联发展(集团)有限公司,1,https://www.shclearing.com.cn/xxpl/fxpl/scp/202606/t20260618_1809681.html,无锡市国联发展(集团)有限公司2026年度第九期超短期融资券发行文件,issuance_packet,scp,low,,not_collected,not_collected,pending,,,not_reviewed,
harvest_0104,shclearing_harvest_broad,sch_20260630_0104,not_validated,candidate_harvest,,,无锡市国联发展(集团)有限公司,无锡市国联发展(集团)有限公司,1,https://www.shclearing.com.cn/xxpl/fxpl/scp/202606/t20260617_1808742.html,无锡市国联发展(集团)有限公司2026年度第八期超短期融资券发行文件,issuance_packet,scp,low,,not_collected,not_collected,pending,,,not_reviewed,
harvest_0105,shclearing_harvest_broad,sch_20260630_0105,not_validated,candidate_harvest,,,中交路桥建设有限公司,中交路桥建设有限公司,1,https://www.shclearing.com.cn/xxpl/fxpl/scp/202606/t20260617_1808659.html,中交路桥建设有限公司2026年度第五期超短期融资券发行文件,issuance_packet,scp,low,,not_collected,not_collected,pending,,,not_reviewed,
harvest_0106,shclearing_harvest_broad,sch_20260630_0106,not_validated,candidate_harvest,,,泉州交通发展集团有限责任公司,泉州交通发展集团有限责任公司,1,https://www.shclearing.com.cn/xxpl/fxpl/scp/202606/t20260616_1807806.html,泉州交通发展集团有限责任公司2026年度第三期超短期融资券发行文件,issuance_packet,scp,low,,not_collected,not_collected,pending,,,not_reviewed,
harvest_0107,shclearing_harvest_broad,sch_20260630_0107,not_validated,candidate_harvest,,,保利久联控股集团有限责任公司,保利久联控股集团有限责任公司,1,https://www.shclearing.com.cn/xxpl/fxpl/cp/202606/t20260630_1817421.html,保利久联控股集团有限责任公司2026年度第一期短期融资券发行文件,issuance_packet,cp,low,,not_collected,not_collected,pending,,,not_reviewed,
harvest_0108,shclearing_harvest_broad,sch_20260630_0108,not_validated,candidate_harvest,,,吉安市城市建设投资开发有限公司,吉安市城市建设投资开发有限公司,1,https://www.shclearing.com.cn/xxpl/fxpl/cp/202606/t20260629_1816268.html,吉安市城市建设投资开发有限公司2026年度第一期短期融资券发行文件,issuance_packet,cp,high,,not_collected,not_collected,pending,,,not_reviewed,
harvest_0109,shclearing_harvest_broad,sch_20260630_0109,not_validated,candidate_harvest,,,中国平煤神马控股集团有限公司,中国平煤神马控股集团有限公司,1,https://www.shclearing.com.cn/xxpl/fxpl/cp/202606/t20260626_1815027.html,中国平煤神马控股集团有限公司2026年度第三期短期融资券发行文件,issuance_packet,cp,low,,not_collected,not_collected,pending,,,not_reviewed,
harvest_0110,shclearing_harvest_broad,sch_20260630_0110,not_validated,candidate_harvest,,,湖北荆门城建集团有限公司,湖北荆门城建集团有限公司,1,https://www.shclearing.com.cn/xxpl/fxpl/cp/202606/t20260626_1815016.html,湖北荆门城建集团有限公司2026年度第一期短期融资券发行文件,issuance_packet,cp,low,,not_collected,not_collected,pending,,,not_reviewed,
harvest_0111,shclearing_harvest_broad,sch_20260630_0111,not_validated,candidate_harvest,,,景德镇市城市建设投资集团有限责任公司,景德镇市城市建设投资集团有限责任公司,1,https://www.shclearing.com.cn/xxpl/fxpl/cp/202606/t20260626_1815008.html,景德镇市城市建设投资集团有限责任公司2026年度第一期短期融资券发行材料,issuance_packet,cp,high,,not_collected,not_collected,pending,,,not_reviewed,
harvest_0112,shclearing_harvest_broad,sch_20260630_0112,not_validated,candidate_harvest,,,宿州市城市建设投资集团(控股)有限公司,宿州市城市建设投资集团(控股)有限公司,1,https://www.shclearing.com.cn/xxpl/fxpl/cp/202606/t20260626_1815009.html,宿州市城市建设投资集团(控股)有限公司2026年度第三期短期融资券发行披露文件,issuance_packet,cp,high,,not_collected,not_collected,pending,,,not_reviewed,
harvest_0113,shclearing_harvest_broad,sch_20260630_0113,not_validated,candidate_harvest,,,常州天宁建设发展集团有限公司,常州天宁建设发展集团有限公司,1,https://www.shclearing.com.cn/xxpl/fxpl/cp/202606/t20260625_1814160.html,常州天宁建设发展集团有限公司2026年度第二期短期融资券发行文件,issuance_packet,cp,low,,not_collected,not_collected,pending,,,not_reviewed,
harvest_0114,shclearing_harvest_broad,sch_20260630_0114,not_validated,candidate_harvest,,,青海省国有资产投资管理有限公司,青海省国有资产投资管理有限公司,1,https://www.shclearing.com.cn/xxpl/fxpl/cp/202606/t20260624_1813348.html,青海省国有资产投资管理有限公司2026年度第一期短期融资券发行披露文件,issuance_packet,cp,medium,,not_collected,not_collected,pending,,,not_reviewed,
harvest_0115,shclearing_harvest_broad,sch_20260630_0115,not_validated,candidate_harvest,,,临沂城市建设投资集团有限公司,临沂城市建设投资集团有限公司,1,https://www.shclearing.com.cn/xxpl/fxpl/cp/202606/t20260624_1813354.html,临沂城市建设投资集团有限公司2026年度第二期短期融资券发行文件,issuance_packet,cp,high,,not_collected,not_collected,pending,,,not_reviewed,
harvest_0116,shclearing_harvest_broad,sch_20260630_0116,not_validated,candidate_harvest,,,黄石市城市发展投资集团有限公司,黄石市城市发展投资集团有限公司,1,https://www.shclearing.com.cn/xxpl/fxpl/cp/202606/t20260624_1813323.html,黄石市城市发展投资集团有限公司2026年度第八期短期融资券发行文件,issuance_packet,cp,high,,not_collected,not_collected,pending,,,not_reviewed,
harvest_0117,shclearing_harvest_broad,sch_20260630_0117,not_validated,candidate_harvest,,,伊犁州国有资产投资经营有限责任公司,伊犁州国有资产投资经营有限责任公司,1,https://www.shclearing.com.cn/xxpl/fxpl/cp/202606/t20260623_1812534.html,伊犁州国有资产投资经营有限责任公司2026年度第三期短期融资券发行文件,issuance_packet,cp,medium,,not_collected,not_collected,pending,,,not_reviewed,
harvest_0118,shclearing_harvest_broad,sch_20260630_0118,not_validated,candidate_harvest,,,天津津南城市建设投资有限公司,天津津南城市建设投资有限公司,1,https://www.shclearing.com.cn/xxpl/fxpl/cp/202606/t20260622_1811647.html,天津津南城市建设投资有限公司2026年度第三期短期融资券发行文件,issuance_packet,cp,high,,not_collected,not_collected,pending,,,not_reviewed,
harvest_0119,shclearing_harvest_broad,sch_20260630_0119,not_validated,candidate_harvest,,,重庆市永川区惠通建设发展有限公司,重庆市永川区惠通建设发展有限公司,1,https://www.shclearing.com.cn/xxpl/fxpl/cp/202606/t20260618_1809933.html,重庆市永川区惠通建设发展有限公司2026年度第二期短期融资券发行文件,issuance_packet,cp,low,,not_collected,not_collected,pending,,,not_reviewed,
harvest_0120,shclearing_harvest_broad,sch_20260630_0120,not_validated,candidate_harvest,,,青海省能源发展(集团)有限责任公司,青海省能源发展(集团)有限责任公司,1,https://www.shclearing.com.cn/xxpl/fxpl/cp/202606/t20260617_1808675.html,青海省能源发展(集团)有限责任公司2026年度第一期短期融资券发行文件,issuance_packet,cp,low,,not_collected,not_collected,pending,,,not_reviewed,
harvest_0121,shclearing_harvest_broad,sch_20260630_0121,not_validated,candidate_harvest,,,扬州新材料投资集团有限公司,扬州新材料投资集团有限公司,1,https://www.shclearing.com.cn/xxpl/fxpl/cp/202606/t20260616_1808145.html,扬州新材料投资集团有限公司2026年度第一期短期融资券发行文件,issuance_packet,cp,low,,not_collected,not_collected,pending,,,not_reviewed,
harvest_0122,shclearing_harvest_broad,sch_20260630_0122,not_validated,candidate_harvest,,,黄石市城市发展投资集团有限公司,黄石市城市发展投资集团有限公司,1,https://www.shclearing.com.cn/xxpl/fxpl/cp/202606/t20260616_1807817.html,黄石市城市发展投资集团有限公司2026年度第七期短期融资券发行文件,issuance_packet,cp,high,,not_collected,not_collected,pending,,,not_reviewed,
harvest_0123,shclearing_harvest_broad,sch_20260630_0123,not_validated,candidate_harvest,,,陕西建工控股集团有限公司,陕西建工控股集团有限公司,1,https://www.shclearing.com.cn/xxpl/fxpl/cp/202606/t20260616_1808121.html,陕西建工控股集团有限公司2026年度第五期短期融资券发行文件,issuance_packet,cp,low,,not_collected,not_collected,pending,,,not_reviewed,
harvest_0124,shclearing_harvest_broad,sch_20260630_0124,not_validated,candidate_harvest,,,黄石市城市发展投资集团有限公司,黄石市城市发展投资集团有限公司,1,https://www.shclearing.com.cn/xxpl/fxpl/cp/202606/t20260615_1806981.html,黄石市城市发展投资集团有限公司2026年度第六期短期融资券发行文件,issuance_packet,cp,high,,not_collected,not_collected,pending,,,not_reviewed,
harvest_0125,shclearing_harvest_broad,sch_20260630_0125,not_validated,candidate_harvest,,,合肥北城建设投资(集团)有限公司,合肥北城建设投资(集团)有限公司,1,https://www.shclearing.com.cn/xxpl/fxpl/cp/202606/t20260612_1806000.html,合肥北城建设投资(集团)有限公司2026年度第一期短期融资券发行披露文件,issuance_packet,cp,low,,not_collected,not_collected,pending,,,not_reviewed,
harvest_0126,shclearing_harvest_broad,sch_20260630_0126,not_validated,candidate_harvest,,,重庆市永川区惠通建设发展有限公司,重庆市永川区惠通建设发展有限公司,1,https://www.shclearing.com.cn/xxpl/fxpl/cp/202606/t20260611_1805034.html,重庆市永川区惠通建设发展有限公司2026年度第一期短期融资券发行文件,issuance_packet,cp,low,,not_collected,not_collected,pending,,,not_reviewed,
harvest_0127,shclearing_harvest_broad,sch_20260630_0127,not_validated,candidate_harvest,,,乌鲁木齐交通旅游投资(集团)有限公司,乌鲁木齐交通旅游投资(集团)有限公司,1,https://www.shclearing.com.cn/xxpl/fxpl/cp/202606/t20260611_1805053.html,乌鲁木齐交通旅游投资(集团)有限公司2026年度第三期短期融资券发行文件,issuance_packet,cp,low,,not_collected,not_collected,pending,,,not_reviewed,
harvest_0128,shclearing_harvest_broad,sch_20260630_0128,not_validated,candidate_harvest,,,广西交通投资集团有限公司,广西交通投资集团有限公司,1,https://www.shclearing.com.cn/xxpl/fxpl/cp/202606/t20260608_1802524.html,广西交通投资集团有限公司2026年度第六期短期融资券发行披露文件,issuance_packet,cp,medium,,not_collected,not_collected,pending,,,not_reviewed,
harvest_0129,shclearing_harvest_broad,sch_20260630_0129,not_validated,candidate_harvest,,,北京控股集团有限公司,北京控股集团有限公司,1,https://www.shclearing.com.cn/xxpl/fxpl/cp/202606/t20260605_1801263.html,北京控股集团有限公司2026年度第三期短期融资券发行材料,issuance_packet,cp,low,,not_collected,not_collected,pending,,,not_reviewed,
harvest_0130,shclearing_harvest_broad,sch_20260630_0130,not_validated,candidate_harvest,,,德州德达投资控股集团有限公司,德州德达投资控股集团有限公司,1,https://www.shclearing.com.cn/xxpl/fxpl/cp/202606/t20260603_1799749.html,德州德达投资控股集团有限公司2026年度第一期短期融资券发行文件,issuance_packet,cp,medium,,not_collected,not_collected,pending,,,not_reviewed,
harvest_0131,shclearing_harvest_broad,sch_20260630_0131,not_validated,candidate_harvest,,,浙江荣盛控股集团有限公司,浙江荣盛控股集团有限公司,1,https://www.shclearing.com.cn/xxpl/fxpl/cp/202606/t20260603_1799690.html,浙江荣盛控股集团有限公司2026年度第一期短期融资券发行文件,issuance_packet,cp,low,,not_collected,not_collected,pending,,,not_reviewed,
harvest_0132,shclearing_harvest_broad,sch_20260630_0132,not_validated,candidate_harvest,,,日照城投集团有限公司,日照城投集团有限公司,1,https://www.shclearing.com.cn/xxpl/fxpl/cp/202606/t20260603_1799658.html,日照城投集团有限公司2026年度第一期短期融资券发行文件,issuance_packet,cp,low,,not_collected,not_collected,pending,,,not_reviewed,
harvest_0133,shclearing_harvest_broad,sch_20260630_0133,not_validated,candidate_harvest,,,广西交通投资集团有限公司,广西交通投资集团有限公司,1,https://www.shclearing.com.cn/xxpl/fxpl/cp/202605/t20260527_1795493.html,广西交通投资集团有限公司2026年度第五期短期融资券发行文件,issuance_packet,cp,medium,,not_collected,not_collected,pending,,,not_reviewed,
harvest_0134,shclearing_harvest_broad,sch_20260630_0134,not_validated,candidate_harvest,,,天津北辰经济技术开发区集团有限公司,天津北辰经济技术开发区集团有限公司,1,https://www.shclearing.com.cn/xxpl/fxpl/cp/202605/t20260527_1795499.html,天津北辰经济技术开发区集团有限公司2026年度第一期短期融资券发行文件,issuance_packet,cp,low,,not_collected,not_collected,pending,,,not_reviewed,
harvest_0135,shclearing_harvest_broad,sch_20260630_0135,not_validated,candidate_harvest,,,深圳市东阳光实业发展有限公司,深圳市东阳光实业发展有限公司,1,https://www.shclearing.com.cn/xxpl/fxpl/cp/202605/t20260526_1794997.html,深圳市东阳光实业发展有限公司2026年度第二期短期融资券发行文件,issuance_packet,cp,low,,not_collected,not_collected,pending,,,not_reviewed,
harvest_0136,shclearing_harvest_broad,sch_20260630_0136,not_validated,candidate_harvest,,,上饶市城市建设投资开发集团有限公司,上饶市城市建设投资开发集团有限公司,1,https://www.shclearing.com.cn/xxpl/fxpl/cp/202605/t20260525_1794106.html,上饶市城市建设投资开发集团有限公司2026年度第一期短期融资券发行文件,issuance_packet,cp,high,,not_collected,not_collected,pending,,,not_reviewed,
harvest_0137,shclearing_harvest_broad,sch_20260630_0137,not_validated,candidate_harvest,,,海安开发区建设投资有限公司,海安开发区建设投资有限公司,1,https://www.shclearing.com.cn/xxpl/fxpl/cp/202605/t20260521_1792073.html,海安开发区建设投资有限公司2026年度第三期短期融资券发行文件,issuance_packet,cp,low,,not_collected,not_collected,pending,,,not_reviewed,
harvest_0138,shclearing_harvest_broad,sch_20260630_0138,not_validated,candidate_harvest,,,黄石市城市发展投资集团有限公司,黄石市城市发展投资集团有限公司,1,https://www.shclearing.com.cn/xxpl/fxpl/cp/202605/t20260521_1792049.html,黄石市城市发展投资集团有限公司2026年度第五期短期融资券发行文件,issuance_packet,cp,high,,not_collected,not_collected,pending,,,not_reviewed,
harvest_0139,shclearing_harvest_broad,sch_20260630_0139,not_validated,candidate_harvest,,,太原市龙城发展投资集团有限公司,太原市龙城发展投资集团有限公司,1,https://www.shclearing.com.cn/xxpl/fxpl/cp/202605/t20260521_1792061.html,太原市龙城发展投资集团有限公司2026年度第一期短期融资券发行文件,issuance_packet,cp,low,,not_collected,not_collected,pending,,,not_reviewed,
harvest_0140,shclearing_harvest_broad,sch_20260630_0140,not_validated,candidate_harvest,,,黄石市城市发展投资集团有限公司,黄石市城市发展投资集团有限公司,1,https://www.shclearing.com.cn/xxpl/fxpl/cp/202605/t20260519_1790545.html,黄石市城市发展投资集团有限公司2026年度第四期短期融资券发行文件,issuance_packet,cp,high,,not_collected,not_collected,pending,,,not_reviewed,
harvest_0141,shclearing_harvest_broad,sch_20260630_0141,not_validated,candidate_harvest,,,海安开发区建设投资有限公司,海安开发区建设投资有限公司,1,https://www.shclearing.com.cn/xxpl/fxpl/cp/202605/t20260518_1789822.html,海安开发区建设投资有限公司2026年度第二期短期融资券发行文件,issuance_packet,cp,low,,not_collected,not_collected,pending,,,not_reviewed,
harvest_0142,shclearing_harvest_broad,sch_20260630_0142,not_validated,candidate_harvest,,,江苏高淳国际慢城文化旅游产业投资集团有限公司,江苏高淳国际慢城文化旅游产业投资集团有限公司,1,https://www.shclearing.com.cn/xxpl/fxpl/cp/202605/t20260512_1786510.html,江苏高淳国际慢城文化旅游产业投资集团有限公司2026年度第一期短期融资券发行文件,issuance_packet,cp,medium,,not_collected,not_collected,pending,,,not_reviewed,
harvest_0143,shclearing_harvest_broad,sch_20260630_0143,not_validated,candidate_harvest,,,黄石市城市发展投资集团有限公司,黄石市城市发展投资集团有限公司,1,https://www.shclearing.com.cn/xxpl/fxpl/cp/202604/t20260430_1778305.html,黄石市城市发展投资集团有限公司2026年度第三期短期融资券发行文件,issuance_packet,cp,high,,not_collected,not_collected,pending,,,not_reviewed,
harvest_0144,shclearing_harvest_broad,sch_20260630_0144,not_validated,candidate_harvest,,,南京江宁交通建设集团有限公司,南京江宁交通建设集团有限公司,1,https://www.shclearing.com.cn/xxpl/fxpl/cp/202604/t20260430_1778124.html,南京江宁交通建设集团有限公司2026年度第一期短期融资券发行文件,issuance_packet,cp,low,,not_collected,not_collected,pending,,,not_reviewed,
harvest_0145,shclearing_harvest_broad,sch_20260630_0145,not_validated,candidate_harvest,,,青岛胶州湾发展集团有限公司,青岛胶州湾发展集团有限公司,1,https://www.shclearing.com.cn/xxpl/fxpl/cp/202604/t20260429_1775365.html,青岛胶州湾发展集团有限公司2026年度第二期短期融资券发行文件,issuance_packet,cp,low,,not_collected,not_collected,pending,,,not_reviewed,
harvest_0146,shclearing_harvest_broad,sch_20260630_0146,not_validated,candidate_harvest,,,广西交通投资集团有限公司,广西交通投资集团有限公司,1,https://www.shclearing.com.cn/xxpl/fxpl/cp/202604/t20260429_1775446.html,广西交通投资集团有限公司2026年度第四期短期融资券发行文件,issuance_packet,cp,medium,,not_collected,not_collected,pending,,,not_reviewed,
harvest_0147,shclearing_harvest_broad,sch_20260630_0147,not_validated,candidate_harvest,,,乐山国有资产投资运营(集团)有限公司,乐山国有资产投资运营(集团)有限公司,1,https://www.shclearing.com.cn/xxpl/fxpl/cp/202604/t20260428_1773869.html,乐山国有资产投资运营(集团)有限公司2026年度第一期短期融资券发行文件,issuance_packet,cp,medium,,not_collected,not_collected,pending,,,not_reviewed,
harvest_0148,shclearing_harvest_broad,sch_20260630_0148,not_validated,candidate_harvest,,,抚州市市属国有资产投资控股集团有限公司,抚州市市属国有资产投资控股集团有限公司,1,https://www.shclearing.com.cn/xxpl/fxpl/cp/202604/t20260427_1772490.html,抚州市市属国有资产投资控股集团有限公司2026年度第一期短期融资券发行材料,issuance_packet,cp,medium,,not_collected,not_collected,pending,,,not_reviewed,
harvest_0149,shclearing_harvest_broad,sch_20260630_0149,not_validated,candidate_harvest,,,扬州建工控股集团有限公司,扬州建工控股集团有限公司,1,https://www.shclearing.com.cn/xxpl/fxpl/cp/202604/t20260427_1772498.html,扬州建工控股集团有限公司2026年度第一期短期融资券发行文件,issuance_packet,cp,low,,not_collected,not_collected,pending,,,not_reviewed,
harvest_0150,shclearing_harvest_broad,sch_20260630_0150,not_validated,candidate_harvest,,,北京市政建设集团有限责任公司,北京市政建设集团有限责任公司,1,https://www.shclearing.com.cn/xxpl/fxpl/cp/202604/t20260421_1768156.html,北京市政建设集团有限责任公司2026年度第二期短期融资券发行文件,issuance_packet,cp,low,,not_collected,not_collected,pending,,,not_reviewed,
harvest_0151,shclearing_harvest_broad,sch_20260630_0151,not_validated,candidate_harvest,,,石家庄市交通投资开发有限公司,石家庄市交通投资开发有限公司,1,https://www.shclearing.com.cn/xxpl/fxpl/cp/202604/t20260421_1768158.html,石家庄市交通投资开发有限公司2026年度第三期短期融资券发行文件,issuance_packet,cp,medium,,not_collected,not_collected,pending,,,not_reviewed,
harvest_0152,shclearing_harvest_broad,sch_20260630_0152,not_validated,candidate_harvest,,,亳州城建发展控股集团有限公司,亳州城建发展控股集团有限公司,1,https://www.shclearing.com.cn/xxpl/fxpl/cp/202604/t20260417_1765573.html,亳州城建发展控股集团有限公司2026年度第一期短期融资券发行文件,issuance_packet,cp,low,,not_collected,not_collected,pending,,,not_reviewed,
harvest_0153,shclearing_harvest_broad,sch_20260630_0153,not_validated,candidate_harvest,,,陕西建工控股集团有限公司,陕西建工控股集团有限公司,1,https://www.shclearing.com.cn/xxpl/fxpl/cp/202604/t20260417_1765569.html,陕西建工控股集团有限公司2026年度第四期短期融资券发行文件,issuance_packet,cp,low,,not_collected,not_collected,pending,,,not_reviewed,
harvest_0154,shclearing_harvest_broad,sch_20260630_0154,not_validated,candidate_harvest,,,临沂城市建设投资集团有限公司,临沂城市建设投资集团有限公司,1,https://www.shclearing.com.cn/xxpl/fxpl/cp/202604/t20260415_1763854.html,临沂城市建设投资集团有限公司2026年度第一期短期融资券发行文件,issuance_packet,cp,high,,not_collected,not_collected,pending,,,not_reviewed,
harvest_0155,shclearing_harvest_broad,sch_20260630_0155,not_validated,candidate_harvest,,,昆明市交通投资集团有限责任公司,昆明市交通投资集团有限责任公司,1,https://www.shclearing.com.cn/xxpl/fxpl/cp/202604/t20260414_1762706.html,昆明市交通投资集团有限责任公司2026年度第二期短期融资券发行文件,issuance_packet,cp,medium,,not_collected,not_collected,pending,,,not_reviewed,
harvest_0156,shclearing_harvest_broad,sch_20260630_0156,not_validated,candidate_harvest,,,中国核工业华兴建设有限公司,中国核工业华兴建设有限公司,1,https://www.shclearing.com.cn/xxpl/fxpl/cp/202604/t20260413_1761908.html,中国核工业华兴建设有限公司2026年度第二期短期融资券发行文件,issuance_packet,cp,low,,not_collected,not_collected,pending,,,not_reviewed,
harvest_0157,shclearing_harvest_broad,sch_20260630_0157,not_validated,candidate_harvest,,,江西省国有资本运营控股集团有限公司,江西省国有资本运营控股集团有限公司,1,https://www.shclearing.com.cn/xxpl/fxpl/cp/202604/t20260410_1760459.html,江西省国有资本运营控股集团有限公司2026年度第一期短期融资券发行文件披露,issuance_packet,cp,low,,not_collected,not_collected,pending,,,not_reviewed,
harvest_0158,shclearing_harvest_broad,sch_20260630_0158,not_validated,candidate_harvest,,,广西交通投资集团有限公司,广西交通投资集团有限公司,1,https://www.shclearing.com.cn/xxpl/fxpl/cp/202604/t20260408_1758939.html,广西交通投资集团有限公司2026年度第三期短期融资券发行文件,issuance_packet,cp,medium,,not_collected,not_collected,pending,,,not_reviewed,
harvest_0159,shclearing_harvest_broad,sch_20260630_0159,not_validated,candidate_harvest,,,新乡投资集团有限公司,新乡投资集团有限公司,1,https://www.shclearing.com.cn/xxpl/fxpl/cp/202604/t20260407_1758046.html,新乡投资集团有限公司2026年度第一期短期融资券发行文件,issuance_packet,cp,low,,not_collected,not_collected,pending,,,not_reviewed,
harvest_0160,shclearing_harvest_broad,sch_20260630_0160,not_validated,candidate_harvest,,,南京高淳国有资产经营控股集团有限公司,南京高淳国有资产经营控股集团有限公司,1,https://www.shclearing.com.cn/xxpl/fxpl/cp/202603/t20260330_1754161.html,南京高淳国有资产经营控股集团有限公司2026年度第一期短期融资券发行文件,issuance_packet,cp,low,,not_collected,not_collected,pending,,,not_reviewed,
harvest_0161,shclearing_harvest_broad,sch_20260630_0161,not_validated,candidate_harvest,,,中国平煤神马控股集团有限公司,中国平煤神马控股集团有限公司,1,https://www.shclearing.com.cn/xxpl/fxpl/cp/202603/t20260330_1754122.html,中国平煤神马控股集团有限公司2026年度第二期短期融资券发行文件,issuance_packet,cp,low,,not_collected,not_collected,pending,,,not_reviewed,
harvest_0162,shclearing_harvest_broad,sch_20260630_0162,not_validated,candidate_harvest,,,中国核工业华兴建设有限公司,中国核工业华兴建设有限公司,1,https://www.shclearing.com.cn/xxpl/fxpl/cp/202603/t20260330_1754142.html,中国核工业华兴建设有限公司2026年度第一期短期融资券发行文件,issuance_packet,cp,low,,not_collected,not_collected,pending,,,not_reviewed,
harvest_0163,shclearing_harvest_broad,sch_20260630_0163,not_validated,candidate_harvest,,,昆明市交通投资集团有限责任公司,昆明市交通投资集团有限责任公司,1,https://www.shclearing.com.cn/xxpl/fxpl/cp/202603/t20260327_1752928.html,昆明市交通投资集团有限责任公司2026年度第一期短期融资券发行文件,issuance_packet,cp,medium,,not_collected,not_collected,pending,,,not_reviewed,
harvest_0164,shclearing_harvest_broad,sch_20260630_0164,not_validated,candidate_harvest,,,荆门市城市建设投资有限公司,荆门市城市建设投资有限公司,1,https://www.shclearing.com.cn/xxpl/fxpl/cp/202603/t20260324_1750690.html,荆门市城市建设投资有限公司2026年度第一期短期融资券发行文件,issuance_packet,cp,high,,not_collected,not_collected,pending,,,not_reviewed,
harvest_0165,shclearing_harvest_broad,sch_20260630_0165,not_validated,candidate_harvest,,,洛阳城乡建设投资集团有限公司,洛阳城乡建设投资集团有限公司,1,https://www.shclearing.com.cn/xxpl/fxpl/cp/202603/t20260324_1750497.html,洛阳城乡建设投资集团有限公司2026年度第二期短期融资券发行文件,issuance_packet,cp,high,,not_collected,not_collected,pending,,,not_reviewed,
harvest_0166,shclearing_harvest_broad,sch_20260630_0166,not_validated,candidate_harvest,,,黄石市城市发展投资集团有限公司,黄石市城市发展投资集团有限公司,1,https://www.shclearing.com.cn/xxpl/fxpl/cp/202603/t20260324_1750484.html,黄石市城市发展投资集团有限公司2026年度第二期短期融资券发行文件,issuance_packet,cp,high,,not_collected,not_collected,pending,,,not_reviewed,
harvest_0167,shclearing_harvest_broad,sch_20260630_0167,not_validated,candidate_harvest,,,重庆市江津区滨江新城开发建设集团有限公司,重庆市江津区滨江新城开发建设集团有限公司,1,https://www.shclearing.com.cn/xxpl/fxpl/cp/202603/t20260323_1749724.html,重庆市江津区滨江新城开发建设集团有限公司2026年度第一期短期融资券发行文件,issuance_packet,cp,low,,not_collected,not_collected,pending,,,not_reviewed,
harvest_0168,shclearing_harvest_broad,sch_20260630_0168,not_validated,candidate_harvest,,,西部(重庆)科学城江津园区开发建设集团有限公司,西部(重庆)科学城江津园区开发建设集团有限公司,1,https://www.shclearing.com.cn/xxpl/fxpl/cp/202603/t20260323_1749718.html,西部(重庆)科学城江津园区开发建设集团有限公司2026年度第一期短期融资券发行文件,issuance_packet,cp,low,,not_collected,not_collected,pending,,,not_reviewed,
harvest_0169,shclearing_harvest_broad,sch_20260630_0169,not_validated,candidate_harvest,,,伊犁州国有资产投资经营有限责任公司,伊犁州国有资产投资经营有限责任公司,1,https://www.shclearing.com.cn/xxpl/fxpl/cp/202603/t20260323_1749760.html,伊犁州国有资产投资经营有限责任公司2026年度第二期短期融资券发行文件,issuance_packet,cp,medium,,not_collected,not_collected,pending,,,not_reviewed,
harvest_0170,shclearing_harvest_broad,sch_20260630_0170,not_validated,candidate_harvest,,,北京市政建设集团有限责任公司,北京市政建设集团有限责任公司,1,https://www.shclearing.com.cn/xxpl/fxpl/cp/202603/t20260323_1749730.html,北京市政建设集团有限责任公司2026年度第一期短期融资券发行文件,issuance_packet,cp,low,,not_collected,not_collected,pending,,,not_reviewed,
harvest_0171,shclearing_harvest_broad,sch_20260630_0171,not_validated,candidate_harvest,,,陕西建工控股集团有限公司,陕西建工控股集团有限公司,1,https://www.shclearing.com.cn/xxpl/fxpl/cp/202603/t20260323_1749758.html,陕西建工控股集团有限公司2026年度第三期短期融资券发行文件,issuance_packet,cp,low,,not_collected,not_collected,pending,,,not_reviewed,
harvest_0172,shclearing_harvest_broad,sch_20260630_0172,not_validated,candidate_harvest,,,安徽省交通控股集团有限公司,安徽省交通控股集团有限公司,1,https://www.shclearing.com.cn/xxpl/fxpl/cp/202603/t20260323_1749694.html,安徽省交通控股集团有限公司2026年度第二期短期融资券发行文件,issuance_packet,cp,low,,not_collected,not_collected,pending,,,not_reviewed,
harvest_0173,shclearing_harvest_broad,sch_20260630_0173,not_validated,candidate_harvest,,,安徽省宁国建设投资集团有限公司,安徽省宁国建设投资集团有限公司,1,https://www.shclearing.com.cn/xxpl/fxpl/cp/202603/t20260323_1749715.html,安徽省宁国建设投资集团有限公司2026年度第二期短期融资券发行文件,issuance_packet,cp,low,,not_collected,not_collected,pending,,,not_reviewed,
harvest_0174,shclearing_harvest_broad,sch_20260630_0174,not_validated,candidate_harvest,,,广西交通投资集团有限公司,广西交通投资集团有限公司,1,https://www.shclearing.com.cn/xxpl/fxpl/cp/202603/t20260320_1748334.html,广西交通投资集团有限公司2026年度第二期短期融资券发行披露文件,issuance_packet,cp,medium,,not_collected,not_collected,pending,,,not_reviewed,
harvest_0175,shclearing_harvest_broad,sch_20260630_0175,not_validated,candidate_harvest,,,青岛上合控股发展集团有限公司,青岛上合控股发展集团有限公司,1,https://www.shclearing.com.cn/xxpl/fxpl/cp/202603/t20260318_1746466.html,青岛上合控股发展集团有限公司2026年度第一期短期融资券发行文件,issuance_packet,cp,low,,not_collected,not_collected,pending,,,not_reviewed,
